lat,lon,precip_1d,precip_3d,precip_7d,elevation,slope,hand,dist_to_river,actual_flood,flood_risk,risk_class,synthetic
50.62,6.85,44.069682212049194,80.89153385680686,94.25152513994917,420.0188683190306,5.977647162782596,340.0188683190306,10378.499999999867,0,0.5044005440547319,high,True
50.62,6.856349206349206,43.32668039041794,81.72692046574068,100.57688816392223,409.7511255456831,4.256771485805676,329.7511255456831,10303.346189389138,0,0.5221984115918844,high,True
50.62,6.862698412698412,39.21014974567436,74.06717684967265,91.87551393814437,412.1075201605367,6.782878073592776,332.1075201605367,10228.939291112973,0,0.470700225498177,moderate,True
50.62,6.869047619047619,43.709047119183836,82.7273225502292,96.13986252303803,408.1924139288218,7.370356728646611,328.1924139288218,10156.018794354537,0,0.49700415099872725,moderate,True
50.62,6.875396825396825,42.74258927348319,79.4866761988093,92.25426633792938,392.12417229597924,3.741950304796239,312.12417229597924,10085.309415771804,0,0.5150621393424119,high,True
50.62,6.881746031746031,45.34206768725603,82.41676899929787,98.2101398230047,390.43280445369646,4.653733205063104,310.43280445369646,10017.513896936754,0,0.5171852517892507,high,True
50.62,6.888095238095238,43.84781382952681,79.2035833429376,93.18109802706456,392.1196035934707,6.912042320995166,312.1196035934707,9953.306020173408,0,0.4936164930124488,moderate,True
50.62,6.894444444444444,44.42502469181922,78.92123359813107,94.44009820332111,386.5988674580858,6.394464997604642,306.5988674580858,9893.323912208323,0,0.4970907285444469,moderate,True
50.62,6.90079365079365,42.25812347572453,76.83173835306148,90.55311210279326,384.3732149382847,6.45473062827733,304.3732149382847,9838.163702178832,0,0.4836604298755883,moderate,True
50.62,6.907142857142857,42.16894970010946,79.42688939271136,92.85450159298239,377.95454759050625,4.3110831164141885,297.95454759050625,9788.373597032823,0,0.5116065885766666,high,True
50.62,6.913492063492063,43.34230250680813,80.94562562329162,98.67604955559676,382.18562765098346,6.178310428880785,302.18562765098346,9744.448433205442,0,0.5074873133630582,high,True
50.62,6.919841269841269,42.86286046731359,80.83725700909741,98.54069322645432,379.4773193338344,5.629146842212977,299.4773193338344,9706.82475870921,0,0.5110130476117011,high,True
50.62,6.926190476190476,45.42980542998084,81.69864391551896,93.35576060038173,374.74347893421145,5.919854454862725,294.74347893421145,9675.87649452294,0,0.5038900642346301,high,True
50.62,6.932539682539682,43.20758238241316,82.11774924191863,98.6500844697128,377.53139056811165,6.333633607036984,297.53139056811165,9651.911218401721,0,0.5064258604227996,high,True
50.62,6.938888888888888,41.61067355130953,79.70186398323304,93.64564018792973,373.87667588881027,5.41096830911222,293.87667588881027,9635.1671080264,0,0.5062681730538262,high,True
50.62,6.9452380952380945,42.212325097790476,81.84752797120561,98.74446367408149,368.0026194436864,4.940731908813595,288.0026194436864,9625.810573887506,0,0.5158062509486575,high,True
50.62,6.951587301587302,44.90243485374589,80.8600402183227,101.074422651811,372.8012064487693,5.358214483031704,292.8012064487693,9623.93460542593,0,0.515352992764933,high,True
50.62,6.957936507936508,43.20049063867221,81.10331393984629,94.87742074625349,367.83121474391,5.184099778250511,287.83121474391,9629.557846858233,0,0.5103167555579168,high,True
50.62,6.964285714285714,43.112228418401685,79.14650062192787,98.40405246213142,375.97262179857046,6.605903888818586,295.97262179857046,9642.624411885201,0,0.5006306334242753,high,True
50.62,6.970634920634921,45.02100038741349,81.79495292875757,96.6735009503505,373.4966674634056,5.763869832477907,293.4966674634056,9663.004439112661,0,0.5082477020671644,high,True
50.62,6.976984126984127,42.041659564641115,77.51552716888884,99.14264711632913,374.63041265437727,6.3947742737729145,294.63041265437727,9690.49538267469,0,0.49564124998839837,moderate,True
50.62,6.983333333333333,40.0399995463814,76.71380069941,94.00087059045714,374.74254992387904,4.58452211362287,294.74254992387904,9724.824025223064,0,0.49906026789289004,moderate,True
50.62,6.98968253968254,42.08855913613299,80.70011918500995,100.75531782461528,384.8592244716478,7.102909982100557,304.8592244716478,9765.649193285419,0,0.5034025846106115,high,True
50.62,6.996031746031746,43.70252875134211,80.43320353736085,91.53891675472113,382.24007634883367,5.394879688140301,302.24007634883367,9812.565147999558,0,0.5055730521671191,high,True
50.62,7.002380952380952,42.93344896683323,82.79055234536827,100.10265720019214,384.396818030164,4.799713159290102,304.396818030164,9865.105617530531,0,0.5181045694715914,high,True
50.62,7.008730158730159,40.932555032923624,78.00836156733638,97.5914631551659,388.2893113977691,5.051271492307736,308.2893113977691,9922.748431086298,0,0.505202901730211,high,True
50.62,7.015079365079365,44.760337445128975,80.48514366151294,99.18427852712372,395.7201451706962,5.6627278784263835,315.7201451706962,9984.920708489042,0,0.5114327593376145,high,True
50.62,7.021428571428571,43.442531027238715,81.65740599492722,97.43250141766951,399.2173387312915,6.172722937312133,319.2173387312915,10051.004553713967,0,0.5062810151689219,high,True
50.62,7.027777777777778,43.74027065202273,79.78977273769462,94.23888031563912,403.80580196229107,6.565263243829729,323.80580196229107,10120.343195817944,0,0.49955071441752147,moderate,True
50.62,7.034126984126984,43.744496491738396,80.56108995864383,93.70698185903862,408.4721929241464,6.495198982409064,328.4721929241464,10192.247516223546,0,0.5004056553096448,high,True
50.62,7.04047619047619,41.12494188440454,77.21814240413826,97.05371754092569,420.06159429234117,9.281734223060132,340.06159429234117,10266.002897489983,0,0.4730048624052963,moderate,True
50.62,7.046825396825397,43.484449296814624,82.79982087288715,100.9360969229432,414.7223871143665,6.792282904897801,334.7223871143665,10340.876325502848,0,0.5056542108902912,high,True
50.62,7.053174603174603,44.34890132064017,81.13201059963399,98.23369285067236,419.2118867543799,6.691595974175664,339.2118867543799,10416.123674496888,0,0.5036230530228346,high,True
50.62,7.059523809523809,44.65638055025551,83.66068333226394,105.02667942386927,422.9295187302064,6.314999796923549,342.9295187302064,10490.997102509751,0,0.5129266807777122,high,True
50.62,7.065873015873016,43.987009787924585,82.82609484225392,98.26433525763393,433.5332357187326,6.4841508637441345,353.5332357187326,10564.752483776188,0,0.505036662832673,high,True
50.62,7.072222222222222,43.63539334144431,79.64980482819603,93.73897503332333,440.38026601293205,7.89086762701817,360.38026601293205,10636.65680418179,0,0.4896010869765598,moderate,True
50.62,7.078571428571428,40.221891511227355,76.64542619043468,92.05702525524981,440.06335397064026,6.299206773145589,360.06335397064026,10705.99544628577,0,0.4853860530174309,moderate,True
50.62,7.084920634920635,42.770017132344634,77.00186256374313,94.39983198930776,441.6229361657159,4.20398832230446,361.6229361657159,10772.079291510692,0,0.5032563918903209,high,True
50.62,7.091269841269841,41.32432819233325,77.0852632567607,89.46446698048948,445.910883418626,5.929100309837261,365.910883418626,10834.251568913438,0,0.4871851583299025,moderate,True
50.62,7.097619047619047,44.651862876871796,80.29786074630104,95.97271304789922,455.75032550480046,6.285379475658364,375.75032550480046,10891.894382469203,0,0.5040701832101768,high,True
50.62,7.103968253968254,44.39649963789528,82.54972065100213,102.69729310866504,459.7296463264609,7.743430356573546,379.7296463264609,10944.434852000179,0,0.5010744240648414,high,True
50.62,7.11031746031746,41.25057294950941,76.75638816331816,93.25467624792,462.166286033547,6.8989657985696775,382.166286033547,10991.350806714316,0,0.4830707691386391,moderate,True
50.62,7.116666666666666,42.58614057199033,79.55595181085721,94.19944552679561,460.159693069379,6.51808470594579,380.159693069379,11032.17597477667,0,0.4988028366596573,moderate,True
50.62,7.123015873015873,43.01008031141422,76.99816380923235,93.41870211991483,466.1365242047109,6.833623297334603,386.1365242047109,11066.504617325045,0,0.48472818013640895,moderate,True
50.62,7.129365079365079,43.97431009185262,80.8335320819462,99.53823725643826,467.5908335821841,5.636413483285005,387.5908335821841,11093.995560887073,0,0.5119621473678716,high,True
50.62,7.135714285714285,40.09920552813301,75.38174142263145,91.13955412996651,469.4224700048801,8.070666940977992,389.4224700048801,11114.375588114533,0,0.46713022658079245,moderate,True
50.62,7.1420634920634924,39.291487666745034,74.36651173347792,91.26504052821426,472.9475564615137,6.696521468164944,392.9475564615137,11127.442153141501,0,0.4719750529077472,moderate,True
50.62,7.148412698412699,42.660258844610745,76.55515813037628,90.11404643831705,470.74995128550717,6.290012675887666,390.74995128550717,11133.065394573805,0,0.48310944541946216,moderate,True
50.62,7.154761904761905,38.80687310338984,73.7591605390349,92.06518963778959,472.4398497976898,7.4534826981094255,392.4398497976898,11131.189426112229,0,0.4650716323420044,moderate,True
50.62,7.161111111111111,42.8466596597357,77.34575597759078,91.25452740674851,469.33960693462643,7.672750654832456,389.33960693462643,11121.832891973334,0,0.4784905387764918,moderate,True
50.62,7.167460317460318,43.5057214886761,78.81976750239599,92.39601506909894,469.0551491144337,6.4833611636806125,389.0551491144337,11105.088781598013,0,0.49401009013421066,moderate,True
50.62,7.173809523809524,44.48388254195379,83.28179662286206,100.08104595850993,468.75142571373516,7.42385281982035,388.75142571373516,11081.123505476797,0,0.5005886938263743,high,True
50.62,7.18015873015873,41.711917367849395,75.05196832317762,91.26978627740958,458.2432937891274,4.8204192853983425,378.2432937891274,11050.175241290524,0,0.48748601912198936,moderate,True
50.62,7.186507936507937,42.90708552002806,75.011859588357,92.91028557419894,460.1823058718764,5.927213303292935,380.1823058718764,11012.551566794293,0,0.48157241591797456,moderate,True
50.62,7.192857142857143,43.66551096889211,80.59720763667565,95.59871776379003,456.5425435957052,4.414423797875836,376.5425435957052,10968.626402966911,0,0.5161692257779511,high,True
50.62,7.199206349206349,40.950814134053346,75.35386823319226,92.19372512340414,452.44074483834385,5.863542681853824,372.44074483834385,10918.836297820902,0,0.4827766140979281,moderate,True
50.62,7.205555555555556,44.11657461130183,79.16794612897354,95.37104105612985,450.11641563328067,6.82615206853925,370.11641563328067,10863.676087791411,0,0.4962231249134607,moderate,True
50.62,7.211904761904762,43.18700313607485,78.7182743430508,95.00722859605399,453.1088321484976,7.4056226085114965,373.1088321484976,10803.693979826328,0,0.49002886145682456,moderate,True
50.62,7.218253968253968,41.90177324126518,77.4675853455106,94.55757087158987,439.3149101512585,5.244132828777639,359.3149101512585,10739.48610306298,0,0.4985173712330145,moderate,True
50.62,7.224603174603175,43.05869314597204,81.3668084470226,98.08766201455316,442.08555998978653,5.861111876951443,362.08555998978653,10671.690584227932,0,0.5090135828348769,high,True
50.62,7.230952380952381,42.67620921499598,80.83984062734766,96.92687614234526,426.7497459667312,4.073539920833231,346.7497459667312,10600.981205645197,0,0.5197699433367904,high,True
50.62,7.237301587301587,44.095476064159485,76.43044484749618,87.99176838655163,427.2954591311001,5.335188668610135,347.2954591311001,10528.060708886762,0,0.48680704013694653,moderate,True
50.62,7.243650793650794,42.42602672049673,75.47492757241457,90.67521968989018,424.37548119157634,4.783509764514928,344.37548119157634,10453.653810610596,0,0.4889879627224377,moderate,True
50.62,7.25,43.349511660712956,79.48393831438364,92.79842308928991,421.14488932545004,7.511545524641468,341.14488932545004,10378.499999999867,0,0.49046368305044186,moderate,True
50.6163829787234,6.85,42.30953604372894,75.69946140109151,93.7435994850302,395.93915711139005,6.263260729091593,315.93915711139005,9977.010638297636,0,0.4831736715875282,moderate,True
50.6163829787234,6.856349206349206,41.87891646878632,77.4032175327517,92.57199751563155,391.5685161516296,5.867650761312971,311.5685161516296,9901.856827686906,0,0.49209340247933375,moderate,True
50.6163829787234,6.862698412698412,43.58769851044834,79.50068785547451,96.70410190949698,382.382808315218,6.39218252688358,302.382808315218,9827.44992941074,0,0.5019050610979741,high,True
50.6163829787234,6.869047619047619,42.029478488218764,80.90812575319174,99.5808218244002,377.4369149321922,6.693421536133487,297.4369149321922,9754.529432652305,0,0.5049580115835103,high,True
50.6163829787234,6.875396825396825,44.61877665354762,79.2004333296604,99.10342776741247,378.39497285179095,4.49040657928523,298.39497285179095,9683.82005406957,0,0.5156692797227752,high,True
50.6163829787234,6.881746031746031,44.34810860747786,83.52397185030682,105.21791537062035,370.08229121817516,5.397004568297285,290.08229121817516,9616.024535234523,0,0.5192378849153051,high,True
50.6163829787234,6.888095238095238,42.3520552537584,78.62071501973782,95.96436942402428,361.8736512499221,6.366348793104477,281.8736512499221,9551.816658471174,0,0.49748767234801405,moderate,True
50.6163829787234,6.894444444444444,43.858025241566494,80.27392244297236,95.29508796155757,358.8503391216935,5.828117616737179,278.8503391216935,9491.834550506092,0,0.506440970516643,high,True
50.6163829787234,6.90079365079365,42.41765745252275,81.52209717847344,98.69609828074465,356.42157759296236,5.29591899258525,276.42157759296236,9436.6743404766,0,0.5133899716635096,high,True
50.6163829787234,6.907142857142857,41.19740475185891,78.50809691813916,94.71854314498853,359.14008729962944,4.650457013636109,279.14008729962944,9386.88423533059,0,0.5071884204042733,high,True
50.6163829787234,6.913492063492063,42.73613684659695,75.13876174697276,93.37861780869798,355.13340060960235,4.905575747410588,275.13340060960235,9342.95907150321,0,0.4894068621356332,moderate,True
50.6163829787234,6.919841269841269,43.58069166471882,82.14017422294803,97.89763495579814,355.1187802701594,4.456844913003862,275.1187802701594,9305.335397006978,0,0.5181853355357724,high,True
50.6163829787234,6.926190476190476,44.45826543018945,80.95257501683355,99.99756019810681,348.8391982205832,5.229881681744271,268.8391982205832,9274.387132820706,0,0.5151316823198117,high,True
50.6163829787234,6.932539682539682,43.91590147708468,82.08613503558635,96.20039543471424,349.7859657760455,6.302775683822268,269.7859657760455,9250.42185669949,0,0.5041818908758992,high,True
50.6163829787234,6.938888888888888,45.064071144655614,79.37801560332181,94.8206591035487,350.6806716255348,6.519635753496058,270.6806716255348,9233.677746324169,0,0.4986352390114412,moderate,True
50.6163829787234,6.9452380952380945,42.2368982650025,79.61129122988535,96.59893394714129,346.39770627380926,4.813892973923182,266.39770627380926,9224.321212185274,0,0.5128057132517352,high,True
50.6163829787234,6.951587301587302,43.14482149078779,75.97352480969914,93.3214053074322,349.3533454954549,5.861055557823537,269.3533454954549,9222.445243723698,0,0.48663187263104235,moderate,True
50.6163829787234,6.957936507936508,46.17275836808557,82.32366131462908,99.9370519034872,345.20488010944985,5.085277022972224,265.20488010944985,9228.068485156002,0,0.5160352050836724,high,True
50.6163829787234,6.964285714285714,40.80109176918877,73.12720150126212,87.47440284494363,347.1594419765529,6.020351317544341,267.1594419765529,9241.13505018297,0,0.4672702339626698,moderate,True
50.6163829787234,6.970634920634921,43.00655605277522,78.06504656403456,95.7825958382331,348.27078288136374,5.3870392647582515,268.27078288136374,9261.51507741043,0,0.501403579457496,high,True
50.6163829787234,6.976984126984127,42.05946135912285,77.0878671308666,96.60316890954189,346.6184335602631,4.860040322308271,266.6184335602631,9289.006020972458,0,0.5014623187916948,high,True
50.6163829787234,6.983333333333333,43.35148144015135,77.87241111805332,92.53756575753042,355.3593849057609,5.068986911247451,275.3593849057609,9323.334663520833,0,0.4994361183240307,moderate,True
50.6163829787234,6.98968253968254,42.96672115136976,76.39370952471663,91.45591826394764,353.9335653422227,6.042564973414913,273.9335653422227,9364.159831583187,0,0.4853946309451501,moderate,True
50.6163829787234,6.996031746031746,44.491696601327334,84.52709587963388,101.3204915564684,358.631791667331,5.93453529616768,278.631791667331,9411.075786297324,0,0.5117569229153505,high,True
50.6163829787234,7.002380952380952,43.938435151047806,80.30192937492536,95.76128053460587,363.62403647652405,6.100349798659385,283.62403647652405,9463.6162558283,0,0.5050922818768766,high,True
50.6163829787234,7.008730158730159,41.56043455031025,77.11131554430183,97.32305571244126,366.9293035463703,5.628002588970639,286.9293035463703,9521.259069384065,0,0.49716504395895755,moderate,True
50.6163829787234,7.015079365079365,42.5977647164152,80.60843448260077,97.61298335334382,371.54075485280975,5.830454986744126,291.54075485280975,9583.43134678681,0,0.5087432834417163,high,True
50.6163829787234,7.021428571428571,43.43886443408527,81.95256070856786,98.96624025154392,372.483019903002,4.950175709747776,292.483019903002,9649.515192011733,0,0.5159650688532255,high,True
50.6163829787234,7.027777777777778,44.50548802488144,80.31968281943716,95.04649537355712,375.40795043955234,5.820989806955941,295.40795043955234,9718.853834115713,0,0.5062398966605175,high,True
50.6163829787234,7.034126984126984,47.002039123410306,82.23038035560265,95.36146877178567,381.1947009635253,5.4167017595097935,301.1947009635253,9790.758154521314,0,0.509250123708387,high,True
50.6163829787234,7.04047619047619,44.3622657640678,82.77129235651756,96.55007035393467,379.324048584582,6.900327263871938,299.324048584582,9864.513535787752,0,0.5005478885947884,high,True
50.6163829787234,7.046825396825397,41.74453251920969,78.45386522466487,92.04303668042058,384.9488734304022,6.2108602487793405,304.9488734304022,9939.386963800614,0,0.4938729620464671,moderate,True
50.6163829787234,7.053174603174603,43.077921518121336,79.21298491262374,94.51135433042103,390.16928466547046,6.118120594591055,310.16928466547046,10014.634312794655,0,0.5002806926925428,high,True
50.6163829787234,7.059523809523809,43.44619665910283,79.5823123785932,93.87388805418242,396.20574148564873,6.071000063691447,316.20574148564873,10089.50774080752,0,0.5015731709525847,high,True
50.6163829787234,7.065873015873016,42.35274578927238,80.88738745079628,99.32629292483693,406.4922516247,5.291759561726629,326.4922516247,10163.263122073957,0,0.5140478958466593,high,True
50.6163829787234,7.072222222222222,43.79577424300645,78.39122169172461,97.99505504525199,405.884690033198,6.820497481631265,325.884690033198,10235.167442479558,0,0.495486666735672,moderate,True
50.6163829787234,7.078571428571428,39.643707420600236,77.40576899341599,96.83838732822556,412.47359580230915,5.863816040225473,332.47359580230915,10304.506084583536,0,0.49639651973958404,moderate,True
50.6163829787234,7.084920634920635,43.8430607480279,80.9067717398235,98.41506980954259,423.480670860686,6.08601234235433,343.480670860686,10370.58992980846,0,0.507841654193847,high,True
50.6163829787234,7.091269841269841,42.26381557574398,77.40541080098589,94.65464053575371,420.9269207390283,5.25860153765578,340.9269207390283,10432.762207211204,0,0.49824596920569514,moderate,True
50.6163829787234,7.097619047619047,42.781686412485655,80.42853231335181,89.84627852121042,429.0955976896975,6.195819837489115,349.0955976896975,10490.405020766972,0,0.4985408129379496,moderate,True
50.6163829787234,7.103968253968254,45.115723378401526,76.95827687852356,98.55610371517375,425.8870395907079,6.49524825950905,345.8870395907079,10542.945490297945,0,0.49194690999532065,moderate,True
50.6163829787234,7.11031746031746,40.99903472946741,74.64889648705721,88.84194429586012,431.9183047271853,6.40487334178326,351.9183047271853,10589.861445012084,0,0.47273171081484705,moderate,True
50.6163829787234,7.116666666666666,43.278036994506394,75.4581712504696,90.24243082011228,431.66491838217917,6.146389033566585,351.66491838217917,10630.686613074438,0,0.47939600315047287,moderate,True
50.6163829787234,7.123015873015873,44.04113306124411,78.2731606316861,95.51032358531359,436.4083181591924,6.187794054763639,356.4083181591924,10665.015255622811,0,0.49670344098384933,moderate,True
50.6163829787234,7.129365079365079,43.0908319739723,74.78778421754397,94.42864308330662,442.9724611298558,6.429733152118945,362.9724611298558,10692.506199184842,0,0.4787603113542685,moderate,True
50.6163829787234,7.135714285714285,40.4030086229532,75.19876797402648,90.96175824376715,434.07409874013445,6.830925921471052,354.07409874013445,10712.886226412302,0,0.47441686198699257,moderate,True
50.6163829787234,7.1420634920634924,44.842834823462496,82.71273288706172,99.38194389182597,443.6021987818254,7.230737126150782,363.6021987818254,10725.95279143927,0,0.5011770297174875,high,True
50.6163829787234,7.148412698412699,42.4971752629002,79.04161499680957,98.16088701014596,443.1949718513631,6.226334280467116,363.1949718513631,10731.576032871573,0,0.5024590574180737,high,True
50.6163829787234,7.154761904761905,42.02390684639609,80.02082275618139,92.86974244529101,439.74079416955567,5.841114459270706,359.74079416955567,10729.700064409997,0,0.5039289793834862,high,True
50.6163829787234,7.161111111111111,42.35454368644768,77.65688501795584,92.20818390878836,435.7018892936653,6.140296155337366,355.7018892936653,10720.343530271102,0,0.491021748160096,moderate,True
50.6163829787234,7.167460317460318,42.256100273298514,73.18525433984342,85.57120156860589,440.64630986344173,6.357272073667788,360.64630986344173,10703.599419895781,0,0.46337487548096895,moderate,True
50.6163829787234,7.173809523809524,41.05703896393254,75.95851638377603,88.53126043511685,436.6279508965745,6.323974682676935,356.6279508965745,10679.634143774563,0,0.4786899383962907,moderate,True
50.6163829787234,7.18015873015873,43.1065652503509,76.6009392303935,91.81693482775178,437.60043623661073,4.893081147618421,357.60043623661073,10648.685879588293,0,0.4943255029766005,moderate,True
50.6163829787234,7.186507936507937,41.98383899746733,77.81266445058569,92.15084720052141,434.241238990023,5.874387259080854,354.241238990023,10611.062205092061,0,0.49341867244462806,moderate,True
50.6163829787234,7.192857142857143,43.91013437311223,80.33509360999605,95.40438299610261,437.6349303399578,6.12281887158259,357.6349303399578,10567.13704126468,0,0.5045855905188853,high,True
50.6163829787234,7.199206349206349,43.70768889402495,78.4727571535744,89.75539411964866,426.9683681371699,5.63489699198095,346.9683681371699,10517.34693611867,0,0.495507726719997,moderate,True
50.6163829787234,7.205555555555556,45.400459248601884,80.51632509056316,97.23921041886305,420.1918461018643,5.753653337249511,340.1918461018643,10462.18672608918,0,0.5088815215038663,high,True
50.6163829787234,7.211904761904762,42.67808583189162,80.56795272740271,92.17444849893747,421.0665164653246,5.991452942379675,341.0665164653246,10402.204618124095,0,0.5022314288830729,high,True
50.6163829787234,7.218253968253968,41.826887200751734,82.52954270114074,98.81489758090038,417.04073689777425,5.504009063376811,337.04073689777425,10337.996741360748,0,0.512121503825055,high,True
50.6163829787234,7.224603174603175,40.8657156550784,76.98792961836654,97.17481338408027,417.2029421806261,6.955188809798192,337.2029421806261,10270.201222525699,0,0.48762908006577926,moderate,True
50.6163829787234,7.230952380952381,46.40091892780366,80.65021851741815,93.3633079799466,410.55400458167094,5.934349249128038,330.55400458167094,10199.491843942966,0,0.5038009796524263,high,True
50.6163829787234,7.237301587301587,44.146286648666546,81.25258624865285,97.36193992517795,403.9789918451518,5.000954346455651,323.9789918451518,10126.57134718453,0,0.5140222442821403,high,True
50.6163829787234,7.243650793650794,42.15797473083582,78.6179093335792,96.88994669011873,403.6821168402613,5.392729397273772,323.6821168402613,10052.164448908365,0,0.5048917707093693,high,True
50.6163829787234,7.25,45.78066610485961,76.35079357352153,88.19998115996566,388.33919857492725,7.028099399581037,308.33919857492725,9977.010638297636,0,0.4753807070469155,moderate,True
50.612765957446804,6.85,45.51917786358493,83.5947984226086,99.43699988843547,365.8435289527471,6.158008779625021,285.8435289527471,9575.521276595402,0,0.5083836080242686,high,True
50.612765957446804,6.856349206349206,41.505068289346916,79.26968977583707,102.05723755529046,360.1869221847141,5.25727110072489,280.1869221847141,9500.367465984673,0,0.5138136563197451,high,True
50.612765957446804,6.862698412698412,42.448792350527285,78.03633658348842,92.88052069044544,357.9044961178111,5.9069996177457424,277.9044961178111,9425.960567708507,0,0.49490949579156895,moderate,True
50.612765957446804,6.869047619047619,43.42702447375013,79.64928979488124,97.79500006912721,349.6497780515403,5.616187329231162,269.6497780515403,9353.040070950072,0,0.5088193940601915,high,True
50.612765957446804,6.875396825396825,42.0658876153641,75.8756404123171,93.89162171114391,353.5524628895094,5.4691688016655355,273.5524628895094,9282.330692367339,0,0.48938642317059433,moderate,True
50.612765957446804,6.881746031746031,43.570153729584305,79.12211612409261,96.85011491238731,346.1786372651839,5.712136515830974,266.1786372651839,9214.535173532291,0,0.5049284628497527,high,True
50.612765957446804,6.888095238095238,44.82498995410771,81.1346206683016,102.40860772212918,337.4753594270569,4.848782886727673,257.4753594270569,9150.327296768943,0,0.520083388477278,high,True
50.612765957446804,6.894444444444444,41.736719978593555,78.15715660518212,92.7496229253295,335.8548553024461,4.806447316319468,255.85485530244608,9090.345188803858,0,0.5026442009642048,high,True
50.612765957446804,6.90079365079365,44.27275855576641,81.53123396869103,100.06992287884378,338.02644279475794,4.646519434503994,258.02644279475794,9035.184978774367,0,0.5190931266488171,high,True
50.612765957446804,6.907142857142857,45.619301136971075,83.13409609781044,103.13731161239,337.3027051169273,4.775604660872588,257.3027051169273,8985.394873628358,0,0.5212999472065727,high,True
50.612765957446804,6.913492063492063,44.496431420650694,79.1343491657286,95.34991912718257,339.4603166451967,5.202516973616057,259.4603166451967,8941.469709800976,0,0.5068792502364714,high,True
50.612765957446804,6.919841269841269,43.80811394198454,82.08083709377775,96.37154525715437,341.0170094790089,5.289816831674569,261.0170094790089,8903.846035304745,0,0.5111060997126572,high,True
50.612765957446804,6.926190476190476,42.94039985592473,83.07268016877973,100.84959614041125,329.2887327003178,6.23271973524253,249.28873270031778,8872.897771118474,0,0.5092981312387943,high,True
50.612765957446804,6.932539682539682,45.20514378267852,83.12350008004607,94.5788095549601,322.33706930243176,5.392799534108423,242.33706930243176,8848.932494997258,0,0.5086268126609039,high,True
50.612765957446804,6.938888888888888,42.204938284877564,78.32013776386265,99.06450698778602,316.8358299559251,5.7805278130762785,236.83582995592508,8832.188384621937,0,0.5031782576175099,high,True
50.612765957446804,6.9452380952380945,44.340907815107954,82.26340616038911,97.56176769300671,325.91527491885813,5.532317468134182,245.91527491885813,8822.83185048304,0,0.5106796512387788,high,True
50.612765957446804,6.951587301587302,44.01627811790726,83.38639256564065,97.78077213123765,321.48855489609156,5.706206378388197,241.48855489609156,8820.955882021466,0,0.5097393962753163,high,True
50.612765957446804,6.957936507936508,45.66257189285254,84.61623997143734,101.07901646206342,323.3910270588098,4.951078912541663,243.3910270588098,8826.579123453768,0,0.5180718237117856,high,True
50.612765957446804,6.964285714285714,43.09109845890043,82.55694906348019,106.31377345905724,323.3301404353672,4.533722094953463,243.33014043536718,8839.645688480736,0,0.5260889594927007,high,True
50.612765957446804,6.970634920634921,43.204712931012125,78.8138580536818,98.33332406291542,326.3499677610196,5.646164811792808,246.34996776101963,8860.025715708198,0,0.5055028543024879,high,True
50.612765957446804,6.976984126984127,42.069818762552906,77.80903698362042,93.77595604076285,332.7116765991523,4.6032386869393855,252.71167659915233,8887.516659270226,0,0.5035022349311729,high,True
50.612765957446804,6.983333333333333,44.56528063343182,80.05126050582362,93.70600570487622,330.9989496328454,5.592201528992572,250.99894963284538,8921.8453018186,0,0.506424662178259,high,True
50.612765957446804,6.98968253968254,43.24609604839058,78.59905172137175,92.28278297532647,332.03278444028234,5.109469240410552,252.03278444028234,8962.670469880955,0,0.5020905059869242,high,True
50.612765957446804,6.996031746031746,42.55723956112247,82.28385440966845,95.4576616511622,331.17685459575,4.750567379977538,251.17685459575,9009.586424595092,0,0.513787212451312,high,True
50.612765957446804,7.002380952380952,42.665102521586604,76.14663442061544,90.35912921004928,331.60727208348857,5.293837609712665,251.60727208348857,9062.126894126066,0,0.4882084040688241,moderate,True
50.612765957446804,7.008730158730159,44.58282401381919,83.71276858977706,101.62608158392223,339.65731394780727,5.092035378477606,259.65731394780727,9119.769707681833,0,0.5176791790607381,high,True
50.612765957446804,7.015079365079365,42.08187229258412,79.17397621720968,97.08416697775814,344.9664237014029,5.972236158039008,264.9664237014029,9181.941985084577,0,0.5036554052077904,high,True
50.612765957446804,7.021428571428571,42.171987792545266,77.29491734215588,92.75892209091427,356.0841143618853,5.694153512711043,276.0841143618853,9248.025830309502,0,0.49296316204477264,moderate,True
50.612765957446804,7.027777777777778,44.992961882745924,79.29959340131026,98.85387757459523,353.5825474447639,5.319147325167807,273.5825474447639,9317.364472413481,0,0.5103286165375422,high,True
50.612765957446804,7.034126984126984,43.35317201341378,76.63438508259773,90.29847456728687,361.2232302456007,5.317697547842677,281.2232302456007,9389.26879281908,0,0.49012259231803407,moderate,True
50.612765957446804,7.04047619047619,44.98869593781597,78.40216713199024,95.31830947749174,359.6686198571338,4.613303615302865,279.6686198571338,9463.024174085518,0,0.5075724332445966,high,True
50.612765957446804,7.046825396825397,42.969399722399615,78.63952826602153,96.49322201045466,361.40085789393777,5.4008538107555655,281.40085789393777,9537.897602098383,0,0.504535466102595,high,True
50.612765957446804,7.053174603174603,43.45985653716731,79.00619797592003,94.45860379313275,366.8128750095022,5.0602039263648315,286.8128750095022,9613.144951092423,0,0.5063760270953507,high,True
50.612765957446804,7.059523809523809,43.6497749302698,78.06843154165,98.834789517828,372.31797719009006,5.594194514043389,292.31797719009006,9688.018379105288,0,0.5030895474189241,high,True
50.612765957446804,7.065873015873016,45.45114721032916,79.48457791731478,95.64618922479329,388.24490383624413,4.770478519214747,308.24490383624413,9761.773760371725,0,0.5115880274849471,high,True
50.612765957446804,7.072222222222222,45.285449468083904,79.4963505733906,96.71551780259665,380.87732244965196,4.426975989368677,300.87732244965196,9833.678080777325,0,0.5149988782987227,high,True
50.612765957446804,7.078571428571428,45.01484247340075,80.93841274100853,102.31255691704557,391.8213385499407,6.00014424403141,311.8213385499407,9903.016722881304,0,0.5123115952901695,high,True
50.612765957446804,7.084920634920635,42.302395123858204,82.96986753358921,99.2331646919656,388.9862780524909,6.540384599740799,308.9862780524909,9969.100568106227,0,0.5056306006936936,high,True
50.612765957446804,7.091269841269841,41.72864123724615,78.67331951342172,97.79505952806372,400.23547051597563,6.452431231856073,320.23547051597563,10031.272845508973,0,0.4989746241869099,moderate,True
50.612765957446804,7.097619047619047,44.31626555190758,79.18254568113991,95.93544194960995,401.6969538419017,6.42868149099436,321.6969538419017,10088.915659064738,0,0.499501202697968,moderate,True
50.612765957446804,7.103968253968254,45.20961466358033,79.93268899112832,99.5399527528123,402.87387288853677,5.309084452779331,322.87387288853677,10141.456128595713,0,0.5138515707371365,high,True
50.612765957446804,7.11031746031746,44.86154542149335,81.60183805918568,98.68913205187549,406.33742435176526,5.2522642272193165,326.33742435176526,10188.37208330985,0,0.5136740372037467,high,True
50.612765957446804,7.116666666666666,43.11338838502736,79.81534831976974,99.69585666396436,406.50316402271324,5.851064469150228,326.50316402271324,10229.197251372207,0,0.5098809091019554,high,True
50.612765957446804,7.123015873015873,44.16585712272783,79.43249430587935,98.14835109127324,413.1193443183951,6.087100675838652,333.1193443183951,10263.52589392058,0,0.5050848425072377,high,True
50.612765957446804,7.129365079365079,44.176534318443835,81.63363665987336,99.28720806176943,411.29246639238966,7.2981029876205525,331.29246639238966,10291.016837482608,0,0.500633188144299,high,True
50.612765957446804,7.135714285714285,43.270269130874794,75.2527708705244,91.29519909359861,409.53065569209645,5.238427914135347,329.53065569209645,10311.396864710068,0,0.48560321889124053,moderate,True
50.612765957446804,7.1420634920634924,43.32799497054157,79.41670325017637,92.74187288880036,410.169450267606,6.677444460808062,330.169450267606,10324.463429737038,0,0.4956736532029349,moderate,True
50.612765957446804,7.148412698412699,43.18353786774623,83.71283783030373,103.60366766565019,416.33687496386966,6.443571357353645,336.33687496386966,10330.08667116934,0,0.5106465252832926,high,True
50.612765957446804,7.154761904761905,41.85516391889087,78.63687461048377,92.01158429754175,421.8409909642467,6.085663651460433,341.8409909642467,10328.210702707764,0,0.49547681970867197,moderate,True
50.612765957446804,7.161111111111111,42.01353985243775,76.46457846624158,94.23669290383219,415.55695071938266,5.42468651141655,335.55695071938266,10318.854168568869,0,0.4926046469508621,moderate,True
50.612765957446804,7.167460317460318,41.999900686605415,75.06062864611303,92.08281052589646,413.3563923403809,6.774695514739984,333.3563923403809,10302.110058193548,0,0.47530842408770774,moderate,True
50.612765957446804,7.173809523809524,40.66693815969598,75.87998518398487,91.6984781534994,413.4229087130102,6.357705394363947,333.4229087130102,10278.144782072332,0,0.48128871070434026,moderate,True
50.612765957446804,7.18015873015873,43.29778034704464,79.29639091359118,97.91131604103902,415.50558617998263,5.077247952459752,335.50558617998263,10247.19651788606,0,0.5109847066049354,high,True
50.612765957446804,7.186507936507937,43.044237133865664,77.48245349840424,97.7931743424873,408.7382335833299,6.6262807770120995,328.7382335833299,10209.57284338983,0,0.4926037032179252,moderate,True
50.612765957446804,7.192857142857143,44.273397895313195,80.9318471052415,95.57607496894441,403.4019199124585,7.090333041550463,323.4019199124585,10165.647679562448,0,0.4983071880252746,moderate,True
50.612765957446804,7.199206349206349,45.05043631797302,83.65583124489606,99.96848589804259,406.29451340236795,4.906493536876808,326.29451340236795,10115.857574416437,0,0.5172585289855305,high,True
50.612765957446804,7.205555555555556,45.17803936423576,81.15977043692938,96.93209094263193,400.0837467596842,4.066282528037817,320.0837467596842,10060.697364386946,0,0.5198235407557131,high,True
50.612765957446804,7.211904761904762,45.354604697984996,81.29833112982593,101.9550625372766,400.72681841474423,6.459265385107594,320.72681841474423,10000.715256421863,0,0.508893293303226,high,True
50.612765957446804,7.218253968253968,42.12937570176694,78.58877946092838,95.15050431095224,391.2902369579521,6.387663833237314,311.2902369579521,9936.507379658515,0,0.4963919888975984,moderate,True
50.612765957446804,7.224603174603175,41.15761059444846,78.93447503951523,96.19122247540069,381.4360945603478,6.380984245787644,301.4360945603478,9868.711860823467,0,0.49898965580136223,moderate,True
50.612765957446804,7.230952380952381,44.744327820127666,77.14482057120247,91.49071077947579,376.4872908451696,5.255877291535551,296.4872908451696,9798.002482240732,0,0.49396011883491625,moderate,True
50.612765957446804,7.237301587301587,45.4658063865338,79.19353301005663,88.73751094885087,384.0857611943111,6.23233985793634,304.0857611943111,9725.081985482298,0,0.4936602854816063,moderate,True
50.612765957446804,7.243650793650794,45.77231263440296,82.42397524110419,96.73221690184447,379.84203800206467,6.611385793258018,299.84203800206467,9650.675087206131,0,0.5026563116134577,high,True
50.612765957446804,7.25,44.21242860229444,79.77947817219678,93.69437264193502,367.68445823061563,5.397601131152385,287.68445823061563,9575.521276595402,0,0.50674558210428,high,True
50.60914893617021,6.85,40.74643713169536,77.24540556814057,96.05742179322212,343.192103590051,4.856878520238793,263.192103590051,9174.03191489317,0,0.5016268810189118,high,True
50.60914893617021,6.856349206349206,44.33937903101264,80.30467066072106,93.27949200741782,346.25113535813296,5.169457897881762,266.25113535813296,9098.878104282441,0,0.5088164393548726,high,True
50.60914893617021,6.862698412698412,44.67356623437704,84.1434251442559,98.02093177713294,331.7356128278043,5.481486534768941,251.7356128278043,9024.471206006276,0,0.5114776882120067,high,True
50.60914893617021,6.869047619047619,45.767418114630935,83.3624024959349,100.72754322956902,328.46184860417884,5.168159609550704,248.46184860417884,8951.55070924784,0,0.5162731458325642,high,True
50.60914893617021,6.875396825396825,46.08159406341133,81.86651184137398,96.92712522639673,330.647989555819,5.562262988195074,250.64798955581898,8880.841330665105,0,0.5098453719717629,high,True
50.60914893617021,6.881746031746031,45.34787372708804,82.20613739006771,94.22869725633898,322.72316059733964,5.231505431185201,242.72316059733964,8813.045811830058,0,0.5093519943817709,high,True
50.60914893617021,6.888095238095238,43.14669223281286,81.38120821846894,103.80726050697754,320.73431869930255,4.328605216406997,240.73431869930255,8748.837935066711,0,0.5249498923975975,high,True
50.60914893617021,6.894444444444444,42.52553508563833,75.55453383663638,89.18239692027156,316.8111171820686,4.839908076161114,236.81111718206859,8688.855827101626,0,0.48746742861448156,moderate,True
50.60914893617021,6.90079365079365,44.908685330443475,78.65038524246712,93.45285376096982,315.8097197674628,4.913492966169241,235.8097197674628,8633.695617072135,0,0.5047916694223019,high,True
50.60914893617021,6.907142857142857,42.95413103931375,77.74290189945424,95.50035464809223,317.39291431186166,4.925457005165633,237.39291431186166,8583.905511926127,0,0.5027891704237669,high,True
50.60914893617021,6.913492063492063,46.3865269377951,86.30914363675541,101.8976834223686,309.7594616184676,5.829508528268366,229.75946161846758,8539.980348098745,0,0.5130342932339128,high,True
50.60914893617021,6.919841269841269,41.64372946689251,77.95102706324823,93.47076241233658,309.95606904849984,6.230318911791883,229.95606904849984,8502.356673602513,0,0.4929710464021017,moderate,True
50.60914893617021,6.926190476190476,45.072993337699316,80.62823834679524,98.67684343832062,297.52732622369564,5.097592718786579,217.52732622369564,8471.40840941624,0,0.5146928919797434,high,True
50.60914893617021,6.932539682539682,44.71913473552599,82.21881740988945,95.47012074564617,304.2577964449809,4.437726955927731,224.2577964449809,8447.443133295024,0,0.5158852743727946,high,True
50.60914893617021,6.938888888888888,43.94170840129263,78.75524926794239,94.73607643623595,300.1908325261853,4.282213395540137,220.19083252618532,8430.699022919704,0,0.510742202679883,high,True
50.60914893617021,6.9452380952380945,42.870915109049136,78.52509099311729,94.72241248297425,298.1925469639023,4.841450957087467,218.19254696390232,8421.342488780809,0,0.505993345863946,high,True
50.60914893617021,6.951587301587302,41.167275591722294,76.57490387533511,97.44270155286185,299.45581804104694,4.5560218927474265,219.45581804104694,8419.466520319233,0,0.5020844267224701,high,True
50.60914893617021,6.957936507936508,43.458749747178864,78.25534722738186,98.4636932738284,301.929868061859,3.8369474401506687,221.929868061859,8425.089761751537,0,0.5152511877926196,high,True
50.60914893617021,6.964285714285714,43.47567445945439,78.89991827568903,96.15352978266176,307.62304156914536,3.8847907183774164,227.62304156914536,8438.156326778504,0,0.5154420674496185,high,True
50.60914893617021,6.970634920634921,45.899483624143826,82.60475750386317,101.1536361595957,299.7369907843765,4.645953371572095,219.73699078437647,8458.536354005964,0,0.5201806136824484,high,True
50.60914893617021,6.976984126984127,43.037932138510094,82.58688289143063,97.8277984476131,306.63027867908346,5.781325490351397,226.63027867908346,8486.027297567993,0,0.5092856285119371,high,True
50.60914893617021,6.983333333333333,44.86691245578465,81.24483932852553,98.7842746241906,306.4073715094966,5.504848287021069,226.4073715094966,8520.355940116367,0,0.5120852860440501,high,True
50.60914893617021,6.98968253968254,42.22044531295899,80.18049660379614,95.41145039730307,309.22681399571434,4.496842658914746,229.22681399571434,8561.181108178722,0,0.5154324993378714,high,True
50.60914893617021,6.996031746031746,44.8460883989484,85.43179791017445,101.17296496632983,317.0821888222261,4.49404864277779,237.0821888222261,8608.097062892859,0,0.5212126406811445,high,True
50.60914893617021,7.002380952380952,40.73233942017635,75.08278107368514,92.29958796966508,318.0774531310488,4.1054227394627,238.0774531310488,8660.637532423834,0,0.4934172702372862,moderate,True
50.60914893617021,7.008730158730159,47.191709029326084,85.0173276389778,101.59440278371528,324.42553825504325,5.62201245179003,244.42553825504325,8718.280345979601,0,0.5141143197717817,high,True
50.60914893617021,7.015079365079365,43.79420818492555,82.35145750209085,99.48324940878345,321.8799041747556,4.6242340584828305,241.8799041747556,8780.452623382345,0,0.5186550223522313,high,True
50.60914893617021,7.021428571428571,39.768765085651665,75.47870278138384,91.55722666537713,323.3780906267306,5.763467792616125,243.37809062673062,8846.536468607268,0,0.4833534327164906,moderate,True
50.60914893617021,7.027777777777778,42.83676837467643,78.66800904544962,92.56692491118733,329.14035326181533,5.863209085596843,249.14035326181533,8915.875110711248,0,0.4976514039143838,moderate,True
50.60914893617021,7.034126984126984,42.55146145544891,81.5978658106061,98.06812568435703,335.0549912602725,5.954861595366166,255.05499126027252,8987.779431116849,0,0.5083690483819159,high,True
50.60914893617021,7.04047619047619,42.83199312686421,81.56835791435586,101.47989827471997,338.9785451153031,4.8969293929802085,258.9785451153031,9061.534812383286,0,0.5188337023215186,high,True
50.60914893617021,7.046825396825397,43.21923954415879,79.55750120217328,96.01475379874512,338.220423809505,4.804553170616218,258.220423809505,9136.408240396151,0,0.5120484670874784,high,True
50.60914893617021,7.053174603174603,42.72297466900269,77.40651697075532,93.19904496127216,347.2625936278083,5.2570332123758075,267.2625936278083,9211.65558939019,0,0.4968056686258213,moderate,True
50.60914893617021,7.059523809523809,42.443684155349494,75.95192121455318,92.80067265834143,352.1699809202886,5.492538614735257,272.1699809202886,9286.529017403054,0,0.48847340387377647,moderate,True
50.60914893617021,7.065873015873016,41.8828480534813,76.63599676525979,91.85192546594912,365.6528247446578,6.706595288769564,285.6528247446578,9360.284398669492,0,0.4824237760554969,moderate,True
50.60914893617021,7.072222222222222,44.80773623659562,84.1349836876737,102.26298251054624,367.34054402290906,5.034328119460223,287.34054402290906,9432.188719075093,0,0.518700795047478,high,True
50.60914893617021,7.078571428571428,45.3329584469344,80.24982016037254,98.98084429925065,360.54957754861016,5.195857244202227,280.54957754861016,9501.527361179073,0,0.5143417960045691,high,True
50.60914893617021,7.084920634920635,43.10800488796455,80.24985282435767,100.9330393636307,366.77671591326106,6.304132489111798,286.77671591326106,9567.611206403995,0,0.5089054894362187,high,True
50.60914893617021,7.091269841269841,43.424782030297656,77.32847060861062,93.04462737339603,365.8266457976568,6.125377225266029,285.8266457976568,9629.783483806741,0,0.49052083811762726,moderate,True
50.60914893617021,7.097619047619047,41.72619352988853,79.159214417825,96.5684933793041,372.81996998259507,5.898195092316965,292.81996998259507,9687.426297362506,0,0.503568755841842,high,True
50.60914893617021,7.103968253968254,43.490042568375756,75.64465792180263,92.94295939359776,379.6557921612739,5.621478476574628,299.6557921612739,9739.966766893482,0,0.48641181462432004,moderate,True
50.60914893617021,7.11031746031746,43.699901652091974,80.59595475987996,97.62224296155382,386.09834193683275,5.798663454996374,306.09834193683275,9786.882721607619,0,0.5089644865949113,high,True
50.60914893617021,7.116666666666666,43.001145654141304,77.40832869231168,95.85523144848662,380.8773211553872,6.178012485012623,300.8773211553872,9827.707889669973,0,0.493329919577266,moderate,True
50.60914893617021,7.123015873015873,43.90367347924577,82.90227230941572,99.97703643719419,383.3031083011895,5.747192610639696,303.3031083011895,9862.036532218348,0,0.5116624190329295,high,True
50.60914893617021,7.129365079365079,43.75612512902433,80.2172123954233,97.77004675994951,379.0384494278465,4.747121125340256,299.0384494278465,9889.527475780376,0,0.5161225725910145,high,True
50.60914893617021,7.135714285714285,41.69965807041109,78.48814023699006,94.88111854235775,388.2461468785687,5.902522817380215,308.2461468785687,9909.907503007837,0,0.49891657996332117,moderate,True
50.60914893617021,7.1420634920634924,45.06263610927205,80.69812534542498,99.51710426254027,385.46227277401044,4.751335771081463,305.46227277401044,9922.974068034804,0,0.5178415324553305,high,True
50.60914893617021,7.148412698412699,42.95824161579069,79.0274009366351,95.77038477026309,387.94529293378554,5.956290632078092,307.94529293378554,9928.597309467108,0,0.5018066596541877,high,True
50.60914893617021,7.154761904761905,45.78418701798732,83.84733319601628,100.24151610440391,386.4384482715185,6.471358059605896,306.4384482715185,9926.721341005532,0,0.5070991290403646,high,True
50.60914893617021,7.161111111111111,43.90704356726026,80.84463797195085,101.5840577354574,388.98483110127006,6.298658319977072,308.98483110127006,9917.364806866637,0,0.5095930022689436,high,True
50.60914893617021,7.167460317460318,46.242819945669254,85.80958234678468,105.67333974549612,381.2872193909496,5.881182712220442,301.2872193909496,9900.620696491316,0,0.5164654549973599,high,True
50.60914893617021,7.173809523809524,45.063683987508604,83.63053472958839,101.64600817981349,380.9591390941278,5.41698502431314,300.9591390941278,9876.6554203701,0,0.5155327746843925,high,True
50.60914893617021,7.18015873015873,43.660172622152295,81.19936482966446,97.29822534150364,393.4244489825535,6.021934941629646,313.4244489825535,9845.707156183827,0,0.507151992397306,high,True
50.60914893617021,7.186507936507937,42.25744664737584,77.6049993922696,94.1745278664791,377.43191992204515,5.375126226433537,297.43191992204515,9808.083481687596,0,0.4978622253647683,moderate,True
50.60914893617021,7.192857142857143,42.316415149488186,79.38609157207388,97.73317330007623,375.49033408241564,4.971613828318846,295.49033408241564,9764.158317860214,0,0.5119032317391071,high,True
50.60914893617021,7.199206349206349,44.19871433006852,78.93883160114959,97.18154890803186,384.17461408980154,6.007902491926731,304.17461408980154,9714.368212714206,0,0.5024862538835497,high,True
50.60914893617021,7.205555555555556,43.647748609734336,78.44566913362198,91.04716413563409,385.0859081156067,5.427798229832631,305.0859081156067,9659.208002684714,0,0.49806164506301265,moderate,True
50.60914893617021,7.211904761904762,42.58664605014298,81.16755422554132,100.03793687031157,365.1459419520413,6.474681419288752,285.1459419520413,9599.22589471963,0,0.5068733940750533,high,True
50.60914893617021,7.218253968253968,44.75982646696088,80.33660062599623,99.79013062904515,364.4948859284111,5.213673278509732,284.4948859284111,9535.018017956283,0,0.5150323087723135,high,True
50.60914893617021,7.224603174603175,43.611032906527726,81.97657154341763,97.28502949473803,363.2820051978787,5.041692127105665,283.2820051978787,9467.222499121235,0,0.5136737486473669,high,True
50.60914893617021,7.230952380952381,44.85624930190599,81.28892722164409,99.92417769290728,364.6351197632357,5.023391550203091,284.6351197632357,9396.5131205385,0,0.5164349006915533,high,True
50.60914893617021,7.237301587301587,42.18120806203656,83.15290605588265,95.86615203893584,349.4791965078269,6.714051719049372,269.4791965078269,9323.592623780065,0,0.5011058072452733,high,True
50.60914893617021,7.243650793650794,45.19169134531618,80.6767167032943,97.67564391203688,348.09876707803295,5.674798207140362,268.09876707803295,9249.1857255039,0,0.5098436558644345,high,True
50.60914893617021,7.25,44.49298640712172,76.44497616923088,92.76753223454014,347.8342031788419,5.74908077631028,267.8342031788419,9174.03191489317,0,0.4888870977995234,moderate,True
50.60553191489362,6.85,45.80761058148855,83.76915539095094,101.4412733067293,323.80026846267543,4.836228752138321,243.80026846267543,8772.542553191726,0,0.5191997482924738,high,True
50.60553191489362,6.856349206349206,45.529419774462795,80.90440156104195,97.6019006031837,316.42689964243635,5.893492466596084,236.42689964243635,8697.388742580997,0,0.5083119508258764,high,True
50.60553191489362,6.862698412698412,43.98782854402457,81.65657510259055,97.5571604457331,313.34259742282245,4.1718746206164,233.34259742282245,8622.981844304832,0,0.519744662974957,high,True
50.60553191489362,6.869047619047619,43.91861424580188,79.88365562296339,94.22075239705264,304.4394409841229,4.289376112933867,224.43944098412288,8550.061347546396,0,0.515115904994625,high,True
50.60553191489362,6.875396825396825,46.891530438455696,84.91156573881571,96.73917514492653,305.1988441753386,4.373165884118407,225.1988441753386,8479.351968963663,0,0.5175847359174705,high,True
50.60553191489362,6.881746031746031,43.82978534908393,78.03444965871824,95.01249860981156,301.48411766330446,4.383694004069564,221.48411766330446,8411.556450128614,0,0.5071885891729068,high,True
50.60553191489362,6.888095238095238,45.4347497223267,82.37250660636775,102.58457791439766,300.0937407851661,5.601434260221052,220.09374078516612,8347.348573365267,0,0.5152416828462574,high,True
50.60553191489362,6.894444444444444,43.78376020768282,78.40101804628074,95.70817719322334,293.80533054914366,4.7768185998066,213.80533054914366,8287.366465400182,0,0.5068671738136576,high,True
50.60553191489362,6.90079365079365,41.603531768966995,77.52366630645253,92.0129779632669,295.04664332911995,5.441517192712394,215.04664332911995,8232.206255370691,0,0.49490223676924744,moderate,True
50.60553191489362,6.907142857142857,42.592159703676096,83.15814033014675,98.96544926360886,294.6406716585052,5.643884633027906,214.6406716585052,8182.4161502246825,0,0.5113395517100895,high,True
50.60553191489362,6.913492063492063,45.074716199732634,83.83798844473073,101.77063316901705,288.9566017133274,4.127131482864862,208.95660171332742,8138.490986397301,0,0.5242564232832513,high,True
50.60553191489362,6.919841269841269,45.54565557971302,84.52270007073082,99.37370237269585,287.82012726876377,4.702767763506609,207.82012726876377,8100.867311901069,0,0.5180219172826518,high,True
50.60553191489362,6.926190476190476,45.131010878040975,82.87379299806133,97.21694493835591,285.05158917809877,4.073401646087342,205.05158917809877,8069.919047714798,0,0.5200609339644403,high,True
50.60553191489362,6.932539682539682,46.254167497111034,84.96917300863205,103.44264108830876,283.62448939457056,5.120163502518975,203.62448939457056,8045.953771593581,0,0.5193082177381823,high,True
50.60553191489362,6.938888888888888,45.134778553794526,85.23733003735583,100.95154065228735,279.8912935010532,4.238374877799475,199.8912935010532,8029.20966121826,0,0.5226957081336241,high,True
50.60553191489362,6.9452380952380945,43.39211380866033,77.88141574229064,93.1076831089986,283.57117988776554,4.636325344644574,203.57117988776554,8019.853127079366,0,0.5029300413505563,high,True
50.60553191489362,6.951587301587302,45.44783917248714,84.32760936961552,101.73345477679007,281.8214228458984,4.612505951966957,201.82142284589838,8017.977158617789,0,0.5209834150970103,high,True
50.60553191489362,6.957936507936508,44.80654227246191,86.17361917594272,100.86919544908572,290.86697428487963,4.426364794406159,210.86697428487963,8023.6004000500925,0,0.5213600968197113,high,True
50.60553191489362,6.964285714285714,43.67891632267783,82.01853139764445,103.34014629329681,289.44778827709854,4.57050633270566,209.44778827709854,8036.66696507706,0,0.522870104075259,high,True
50.60553191489362,6.970634920634921,45.23565921116908,80.07470058015156,97.17781704171281,285.72941171357195,3.8532448819523104,205.72941171357195,8057.046992304521,0,0.5214895178286973,high,True
50.60553191489362,6.976984126984127,44.625260473720985,77.98064797542125,92.98705129099233,282.5295544019924,5.734011286640512,202.5295544019924,8084.53793586655,0,0.4959256442725235,moderate,True
50.60553191489362,6.983333333333333,43.57298650756521,79.63868359514228,96.37215890182068,282.88173073402595,4.52964509517013,202.88173073402595,8118.866578414923,0,0.5145937656627673,high,True
50.60553191489362,6.98968253968254,44.18324711341565,82.21886471699008,92.75151369717565,294.1862942696047,4.672143688262719,214.18629426960467,8159.691746477279,0,0.5116038891087575,high,True
50.60553191489362,6.996031746031746,46.53560458545481,83.82133144739373,102.75781917429404,292.887875834913,5.014282085009095,212.88787583491302,8206.607701191417,0,0.5193292719409001,high,True
50.60553191489362,7.002380952380952,46.44786412119409,83.0201106178121,100.75583273705266,296.4785860166892,4.286687754560384,216.47858601668918,8259.14817072239,0,0.5221779143733167,high,True
50.60553191489362,7.008730158730159,44.616558303845984,80.26202085506696,100.98678616097607,290.58503561790997,6.412517575530933,210.58503561790997,8316.790984278157,0,0.5082366689907698,high,True
50.60553191489362,7.015079365079365,44.37507677199568,79.79541643838141,99.24208216329339,304.5380873044301,5.340155391272526,224.53808730443012,8378.963261680901,0,0.5127459931393952,high,True
50.60553191489362,7.021428571428571,42.09198264867965,81.03122355110725,91.41430867621716,306.14304229148206,4.291858752824689,226.14304229148206,8445.047106905826,0,0.5128019169907192,high,True
50.60553191489362,7.027777777777778,46.77105041389407,83.97882447420983,98.75203979358129,303.5824384615082,5.551019835114437,223.58243846150822,8514.385749009803,0,0.5117452408928184,high,True
50.60553191489362,7.034126984126984,45.69558485281998,83.9610211881333,98.50213903797507,310.00567025843105,4.653148724090025,230.00567025843105,8586.290069415405,0,0.5174811475440415,high,True
50.60553191489362,7.04047619047619,45.217230954778884,82.65433884371734,94.77049207547056,316.94760342847684,5.0484253179159575,236.94760342847684,8660.045450681842,0,0.5111143232893641,high,True
50.60553191489362,7.046825396825397,40.62514026644616,79.31595233040014,99.41285007480292,320.1992199300611,4.220173922063664,240.19921993006108,8734.918878694707,0,0.5182856487065457,high,True
50.60553191489362,7.053174603174603,44.04678170072236,82.8394792995306,99.23035971485606,322.97327570031297,5.457818641320378,242.97327570031297,8810.166227688747,0,0.5128449021060535,high,True
50.60553191489362,7.059523809523809,43.74360534262865,78.444220785191,95.73173919681443,327.8953341783347,4.957878931244083,247.89533417833468,8885.039655701612,0,0.5058726789237311,high,True
50.60553191489362,7.065873015873016,44.90865071217616,81.12787895176115,98.29039991870164,331.4409562690792,5.923610802418636,251.4409562690792,8958.79503696805,0,0.5087996612359107,high,True
50.60553191489362,7.072222222222222,43.15970272387656,79.08610474743745,94.47008256976376,337.12774553679145,6.196098830785449,257.12774553679145,9030.699357373649,0,0.4991644653012329,moderate,True
50.60553191489362,7.078571428571428,43.44263244620413,81.1378120231121,99.88826924675536,346.35772155803494,4.771328010592739,266.35772155803494,9100.037999477629,0,0.5180794158428037,high,True
50.60553191489362,7.084920634920635,44.675797596778615,82.4091672855761,100.48878394547043,334.0019116897184,5.03749181784822,254.00191168971838,9166.121844702551,0,0.5169055051598156,high,True
50.60553191489362,7.091269841269841,42.545693927753604,82.33186599348413,100.70748950434964,346.9182815868596,5.450766991638824,266.9182815868596,9228.294122105297,0,0.5143690428934241,high,True
50.60553191489362,7.097619047619047,42.80762076716937,81.60496947981403,98.39691676027262,351.9285292842771,5.249549592172846,271.9285292842771,9285.936935661062,0,0.5133999194791203,high,True
50.60553191489362,7.103968253968254,43.92484033755975,80.66786319164132,101.1298900807723,355.4843292727721,5.617536737453531,275.4843292727721,9338.477405192038,0,0.5136796451644154,high,True
50.60553191489362,7.11031746031746,45.61255375925178,83.86784555209366,100.516260495159,355.57575562433556,5.800144930309698,275.57575562433556,9385.393359906175,0,0.5118486276264277,high,True
50.60553191489362,7.116666666666666,44.791545498958214,80.76882776714058,98.2007532074816,352.4521445777466,4.726587981592351,272.4521445777466,9426.218527968529,0,0.5166901666635325,high,True
50.60553191489362,7.123015873015873,45.170199974802536,84.45793624912028,94.40381600182042,362.8303480446793,5.988668636311241,282.8303480446793,9460.547170516904,0,0.5044793584264121,high,True
50.60553191489362,7.129365079365079,43.63472086994015,82.55550600192261,97.96542974295299,370.0662451358746,4.585541503728308,290.0662451358746,9488.038114078932,0,0.5173951530514309,high,True
50.60553191489362,7.135714285714285,45.76954026659502,83.11134104545528,101.5887656604248,358.23913025403556,4.742335550891906,278.23913025403556,9508.418141306392,0,0.5199731953211454,high,True
50.60553191489362,7.1420634920634924,40.906945718361904,77.74852511652648,96.93511826669311,368.61200583217436,5.392339687706262,288.61200583217436,9521.48470633336,0,0.5011359844001213,high,True
50.60553191489362,7.148412698412699,46.54855173841222,86.67106139714201,101.75708059796511,364.1795106003958,5.644609672841237,284.1795106003958,9527.107947765664,0,0.5141263494456901,high,True
50.60553191489362,7.154761904761905,46.74400755444592,85.68881136678823,101.69881606241242,365.13589294582584,5.022703168898845,285.13589294582584,9525.231979304088,0,0.5182141282697534,high,True
50.60553191489362,7.161111111111111,44.207164026813196,80.15448173334678,97.99362232009935,360.60921782802455,5.073752209255033,280.60921782802455,9515.875445165193,0,0.5141686075917324,high,True
50.60553191489362,7.167460317460318,44.781156083389284,81.80322126362083,98.87267110495995,362.4815290778769,4.744462941617761,282.4815290778769,9499.131334789872,0,0.5172429181608416,high,True
50.60553191489362,7.173809523809524,43.490861377491306,79.54796709884744,97.1902363755477,367.5892478749481,4.195769407070062,287.5892478749481,9475.166058668656,0,0.5172407963858714,high,True
50.60553191489362,7.18015873015873,43.25307426729413,79.98112694997187,96.12539594841783,362.87799632304456,6.033525514478017,282.87799632304456,9444.217794482383,0,0.5058193229246912,high,True
50.60553191489362,7.186507936507937,42.675009279158715,78.95912586187077,98.0113606257694,365.24579683741604,4.468660548456493,285.24579683741604,9406.594119986152,0,0.5136664659484107,high,True
50.60553191489362,7.192857142857143,43.54582830769024,79.64639784707524,98.96760209232215,360.43300501195387,4.809719800098668,280.43300501195387,9362.668956158772,0,0.5153557940059519,high,True
50.60553191489362,7.199206349206349,44.48520750005227,84.21745582721896,98.1281077028419,354.55494160599017,5.17077902754945,274.55494160599017,9312.878851012762,0,0.5136562475191789,high,True
50.60553191489362,7.205555555555556,44.31677418843592,81.61939096036045,98.68083103724413,356.5523294754911,6.795703530354523,276.5523294754911,9257.71864098327,0,0.5033761408348806,high,True
50.60553191489362,7.211904761904762,46.705889698725194,83.0179283865777,98.7115468732519,347.8506286222456,5.819144771495497,267.8506286222456,9197.736533018187,0,0.5099172483966152,high,True
50.60553191489362,7.218253968253968,43.918509356593304,79.84562296548617,96.30792881348127,345.7044505086173,4.53617859840097,265.7044505086173,9133.528656254839,0,0.5153913386314768,high,True
50.60553191489362,7.224603174603175,41.57968857429085,80.54042459364915,95.56053656279046,337.32534498623124,5.733133604188178,257.32534498623124,9065.733137419791,0,0.5073396458682026,high,True
50.60553191489362,7.230952380952381,46.32656474954089,83.12673580350447,97.94109137242114,334.7609474918776,6.030833097239473,254.76094749187757,8995.023758837056,0,0.5077355373908247,high,True
50.60553191489362,7.237301587301587,42.07774838215099,80.44592909112095,94.87180987913786,327.5955383838583,4.137996059962601,247.5955383838583,8922.10326207862,0,0.5172851694793872,high,True
50.60553191489362,7.243650793650794,43.12063813807364,79.52885847370788,94.02587893967507,330.1847510424161,5.841910343683984,250.1847510424161,8847.696363802455,0,0.5030185658042539,high,True
50.60553191489362,7.25,44.41887079682204,78.02227304581538,95.78484361170699,317.34798967234946,6.659436169079735,237.34798967234946,8772.542553191726,0,0.492736047059951,moderate,True
50.60191489361702,6.85,44.920665587967434,80.9878754298122,96.64828358562013,303.5409903239696,6.028774304142302,223.5409903239696,8371.053191489495,0,0.5064564548913382,high,True
50.60191489361702,6.856349206349206,42.18144062316974,79.09376433051116,93.56836876216909,295.70911893480513,5.031734549173141,215.70911893480513,8295.899380878765,0,0.5060586907136678,high,True
50.60191489361702,6.862698412698412,43.28454985238871,78.72521800344576,101.09281586866278,297.29100487894095,4.508413740911424,217.29100487894095,8221.4924826026,0,0.5154595530276618,high,True
50.60191489361702,6.869047619047619,42.237148217904625,81.26541623740593,99.96733086543533,291.8548012094056,3.878912815606447,211.8548012094056,8148.571985844164,0,0.5241079120947256,high,True
50.60191489361702,6.875396825396825,45.443788585364175,80.29267710041223,98.67455480768079,292.5250140552766,4.505042436595536,212.52501405527659,8077.86260726143,0,0.5186409385637105,high,True
50.60191489361702,6.881746031746031,46.33744699349839,81.98268086294908,99.85161713510622,284.7348864217349,5.640094738719152,204.73488642173493,8010.067088426382,0,0.5122509855436451,high,True
50.60191489361702,6.888095238095238,42.778472427597094,81.05570532702977,96.36943241565734,272.3011887638046,5.844125087523079,192.3011887638046,7945.859211663034,0,0.5074085984988368,high,True
50.60191489361702,6.894444444444444,46.150712182905814,85.26494817391992,100.9987914385052,275.3346108803584,4.302969563814646,195.3346108803584,7885.877103697951,0,0.5223123276797409,high,True
50.60191489361702,6.90079365079365,46.09599127731996,82.66529160219376,99.73942254297765,268.18756163451116,5.016243257881491,188.18756163451116,7830.716893668459,0,0.5162978008237676,high,True
50.60191489361702,6.907142857142857,43.7499235321254,81.87869753216131,100.17043519878288,268.35754403765895,4.798129042430437,188.35754403765895,7780.92678852245,0,0.5181829082492466,high,True
50.60191489361702,6.913492063492063,41.79900892758148,78.16786999837251,93.12415163090395,274.3315940468326,4.221010178668932,194.3315940468326,7737.001624695068,0,0.5069685150159907,high,True
50.60191489361702,6.919841269841269,43.195564020240624,80.53204710502891,95.43704126421005,269.01005813781177,4.752171862937418,189.01005813781177,7699.377950198837,0,0.5137558955112939,high,True
50.60191489361702,6.926190476190476,43.933990117740294,81.29349052955172,94.83683932426959,262.16823273271933,4.241481364903627,182.16823273271933,7668.429686012566,0,0.5165602968915787,high,True
50.60191489361702,6.932539682539682,47.1583643530875,86.48130275279254,97.87850955167235,259.7547976252266,4.313180158964353,179.75479762522662,7644.464409891349,0,0.5191239751585766,high,True
50.60191489361702,6.938888888888888,44.68170009824426,85.27829199002306,103.55297612252119,263.13645953387726,3.8430551770267245,183.13645953387726,7627.720299516028,0,0.5279326082756763,high,True
50.60191489361702,6.9452380952380945,43.35635380292047,77.28308705966137,98.26384475566945,257.69039937830297,4.881183505602371,177.69039937830297,7618.363765377133,0,0.5038361272710055,high,True
50.60191489361702,6.951587301587302,45.089861716000264,84.73748306811552,106.33889524075587,259.78218336003624,4.49535235563509,179.78218336003624,7616.487796915557,0,0.5263698795365219,high,True
50.60191489361702,6.957936507936508,42.92059278740758,80.71232669452289,96.09046141243066,263.9843116591371,5.348646790062548,183.98431165913712,7622.11103834786,0,0.510432816145347,high,True
50.60191489361702,6.964285714285714,45.62473903012147,84.23350048568241,96.96136200590277,267.98458757838023,4.764375652621195,187.98458757838023,7635.177603374828,0,0.5151988576550948,high,True
50.60191489361702,6.970634920634921,43.37056859153299,83.5305901314578,101.085221827385,266.7785687395344,4.953726989212762,186.77856873953442,7655.557630602289,0,0.5180603752326333,high,True
50.60191489361702,6.976984126984127,43.56653995740742,82.33283394524926,99.6081472202432,256.5046892377243,3.8581297945557536,176.50468923772428,7683.048574164317,0,0.5238872819232048,high,True
50.60191489361702,6.983333333333333,45.35152213122991,79.65003029635044,95.16202352041473,268.55020441648884,4.338385886601855,188.55020441648884,7717.377216712692,0,0.5147083334896022,high,True
50.60191489361702,6.98968253968254,47.38162629205007,85.20388066988149,99.90880888956744,269.6081063335457,5.10575808619811,189.60810633354572,7758.202384775046,0,0.5158704216482467,high,True
50.60191489361702,6.996031746031746,48.01637458821219,89.12949837127056,102.32763832354506,273.27219498841083,4.433945441991756,193.27219498841083,7805.118339489183,0,0.5227680020436,high,True
50.60191489361702,7.002380952380952,43.11918063205011,78.15129210829662,94.41615233972284,280.6699056490959,5.686184962622433,200.66990564909588,7857.6588090201585,0,0.4984201555627043,moderate,True
50.60191489361702,7.008730158730159,43.73970769739036,85.25729312233459,102.28898854024285,268.8118936984005,4.380033118826144,188.81189369840052,7915.301622575925,0,0.5230887677480686,high,True
50.60191489361702,7.015079365079365,45.360425001325574,83.27760724595875,103.92931887724704,277.80835966315306,6.0244248011481165,197.80835966315306,7977.47389997867,0,0.5137664868695929,high,True
50.60191489361702,7.021428571428571,46.29023511345887,82.56295322380706,100.78915969244545,285.86651959428684,5.9219673679936635,205.86651959428684,8043.557745203593,0,0.5113093772391544,high,True
50.60191489361702,7.027777777777778,41.23882654680691,78.89570459478884,92.36869336300282,280.7001897704564,4.653374483577704,200.7001897704564,8112.896387307572,0,0.5065149044080193,high,True
50.60191489361702,7.034126984126984,44.56240534465851,78.78108493646525,95.12094002672225,296.6163645727652,4.521632493656373,216.61636457276518,8184.800707713172,0,0.5096439699993819,high,True
50.60191489361702,7.04047619047619,43.646252871781456,76.81563580023067,92.39642742766605,296.00067749069234,5.0539431473815535,216.00067749069234,8258.55608897961,0,0.4947718797377982,moderate,True
50.60191489361702,7.046825396825397,41.436188544797616,79.73145828379636,90.41139346028407,301.8210988174835,4.769379993524727,221.82109881748352,8333.429516992474,0,0.5074406568283949,high,True
50.60191489361702,7.053174603174603,42.26196208670695,81.63655101670827,103.6525795919404,300.11354523894613,4.319458878807149,220.11354523894613,8408.676865986514,0,0.5248561870665593,high,True
50.60191489361702,7.059523809523809,43.3623228276082,82.15865994976899,100.53420858785574,309.6305951606044,4.557496837071257,229.6305951606044,8483.550293999378,0,0.520150896340714,high,True
50.60191489361702,7.065873015873016,44.249769502084774,82.38218260298714,101.87571449094318,314.6027226925228,4.898424684568575,234.60272269252278,8557.305675265816,0,0.5192195499271527,high,True
50.60191489361702,7.072222222222222,45.62304305162149,82.87448301693095,100.89882061956033,315.1473709788042,4.4630115503032295,235.1473709788042,8629.209995671417,0,0.5211454102842055,high,True
50.60191489361702,7.078571428571428,44.59398965263131,81.71868510529731,102.8712131654169,318.9325934513484,5.714139866285293,238.9325934513484,8698.548637775395,0,0.5147769473901816,high,True
50.60191489361702,7.084920634920635,45.438017238267484,83.67660327655184,103.13187613329328,322.7062480038304,4.283707144201485,242.7062480038304,8764.63248300032,0,0.5245738285052833,high,True
50.60191489361702,7.091269841269841,44.01408746302195,81.79464192274511,101.81103282556275,321.6116039251081,5.288937087202725,241.6116039251081,8826.804760403063,0,0.5165514522442112,high,True
50.60191489361702,7.097619047619047,42.877281693194185,81.12172286180169,102.14837449087557,327.6860799374377,5.969957864892086,247.68607993743768,8884.44757395883,0,0.5123486553915949,high,True
50.60191489361702,7.103968253968254,43.623499918377874,79.97732967895787,97.43545238014654,330.6112778505987,5.7642896735739795,250.6112778505987,8936.988043489804,0,0.5089076719017607,high,True
50.60191489361702,7.11031746031746,44.91083039618784,82.57187381555227,103.25476177435101,335.39950940264856,5.293216746303031,255.39950940264856,8983.903998203943,0,0.5179666501323308,high,True
50.60191489361702,7.116666666666666,45.38907598774877,80.60188466428372,94.03101634488812,340.17773739587403,4.047257436348076,260.17773739587403,9024.729166266297,0,0.5170493001025676,high,True
50.60191489361702,7.123015873015873,43.595554435104454,78.03978947116109,97.72351042503456,333.8969273295442,4.596846533689545,253.8969273295442,9059.057808814672,0,0.508501945803434,high,True
50.60191489361702,7.129365079365079,42.40545249999445,77.8205374463291,91.02887774328978,339.20008038962897,6.814053161186547,259.20008038962897,9086.5487523767,0,0.48606670799640256,moderate,True
50.60191489361702,7.135714285714285,44.289130273294354,79.99551412704739,95.83958340873943,346.79219687656,4.380267777291414,266.79219687656,9106.92877960416,0,0.516618172532629,high,True
50.60191489361702,7.1420634920634924,44.49398837653899,79.48829299944339,95.9282617265525,338.6411377173366,6.19802087546733,258.6411377173366,9119.995344631128,0,0.5023694044293351,high,True
50.60191489361702,7.148412698412699,45.622387620642336,81.25240375800144,97.56586435452334,338.6492057726359,4.923294585533383,258.6492057726359,9125.618586063432,0,0.5147439004509674,high,True
50.60191489361702,7.154761904761905,42.75640139728954,79.98717532726013,101.15384161142535,342.63974754069096,5.342283798889009,262.63974754069096,9123.742617601856,0,0.5154825083422616,high,True
50.60191489361702,7.161111111111111,42.77902236759847,78.08324545350625,94.81469207876563,344.67131668461417,5.620263966827953,264.67131668461417,9114.386083462961,0,0.4989604644923358,moderate,True
50.60191489361702,7.167460317460318,44.92602273617213,80.9620021443912,96.49496485061746,340.38031229973984,4.677101346355149,260.38031229973984,9097.64197308764,0,0.5153142892082498,high,True
50.60191489361702,7.173809523809524,43.196508229658896,79.74094178583508,93.63483655799439,344.28069477763324,6.102330835525917,264.28069477763324,9073.676696966422,0,0.50181925130085,high,True
50.60191489361702,7.18015873015873,43.153704931943636,81.6710261965833,98.42762486745599,340.6284996052859,5.765516280661326,260.6284996052859,9042.728432780152,0,0.5099908496630471,high,True
50.60191489361702,7.186507936507937,45.7345584826673,81.28409261540965,96.97415829879137,338.43280435124444,6.503088429044492,258.43280435124444,9005.10475828392,0,0.5036202354384948,high,True
50.60191489361702,7.192857142857143,41.82631444984007,79.43086668206676,95.1817810763992,334.79973802042133,6.005096549405519,254.79973802042133,8961.179594456538,0,0.5026578458144045,high,True
50.60191489361702,7.199206349206349,47.00073345249544,85.89431116783095,103.39939024723644,339.0948757046852,5.248870293325229,259.0948757046852,8911.38948931053,0,0.5184069216250682,high,True
50.60191489361702,7.205555555555556,43.03495109024865,78.71530590231256,96.99982026589004,325.88093004680434,6.570219700525015,245.88093004680434,8856.229279281039,0,0.49757781891834074,moderate,True
50.60191489361702,7.211904761904762,45.29504258144608,85.16323735836009,102.98994763689754,315.35704783824997,5.128649934242899,235.35704783824997,8796.247171315954,0,0.5187989480752782,high,True
50.60191489361702,7.218253968253968,43.876030325191614,78.84279951203143,94.28269555589475,326.2481647926375,5.254744332710567,246.2481647926375,8732.039294552607,0,0.5041883145362952,high,True
50.60191489361702,7.224603174603175,44.49341458140379,79.0520482949265,97.72973002727174,314.29071038207076,4.537106908295318,234.29071038207076,8664.24377571756,0,0.5133350619289396,high,True
50.60191489361702,7.230952380952381,43.74178636247764,79.56227304221969,102.03184601010588,312.71475454791516,5.14864272934672,232.71475454791516,8593.534397134825,0,0.5157925057075056,high,True
50.60191489361702,7.237301587301587,45.47243811455095,81.62468494682324,100.56264184328148,313.5960787712965,5.535115430564787,233.5960787712965,8520.61390037639,0,0.5136618723061829,high,True
50.60191489361702,7.243650793650794,43.71973342912235,80.49311471886153,100.24881422047298,297.977947481312,5.267272030783845,217.97794748131201,8446.207002100224,0,0.5151336673485807,high,True
50.60191489361702,7.25,43.43548325680495,84.99575859267787,98.64218141649502,295.4050000978744,4.487015185154882,215.4050000978744,8371.053191489495,0,0.5187287468487958,high,True
50.598297872340424,6.85,47.313160988884384,87.40729457885257,106.63133418734336,273.3708954946351,4.453449177761768,193.37089549463508,7969.563829787262,0,0.5269416730022648,high,True
50.598297872340424,6.856349206349206,44.69473241790811,84.55288741894401,97.6532236322252,272.84941074151465,4.29924822147878,192.84941074151465,7894.410019176533,0,0.5189915688223666,high,True
50.598297872340424,6.862698412698412,43.694588318591144,83.3286576480202,100.87598928491389,274.10672365264645,5.114889265248884,194.10672365264645,7820.003120900366,0,0.516776727516588,high,True
50.598297872340424,6.869047619047619,42.52954796551918,79.94158126459506,97.89562163655798,270.87441116193094,4.7394905097453535,190.87441116193094,7747.082624141932,0,0.516043436270859,high,True
50.598297872340424,6.875396825396825,47.61896442255876,87.45827759508144,107.88710218869099,266.4524499147771,4.6750620874158075,186.4524499147771,7676.373245559198,0,0.5267200216059189,high,True
50.598297872340424,6.881746031746031,44.046500436534124,78.33292085766618,96.80175484974828,256.43687765477256,4.233643086556107,176.43687765477256,7608.57772672415,0,0.5112839963583304,high,True
50.598297872340424,6.888095238095238,48.018512460925265,85.11750600245537,99.79258876367437,249.78725809896497,3.6098518601347234,169.78725809896497,7544.369849960802,0,0.5257269096961095,high,True
50.598297872340424,6.894444444444444,45.5723964911857,81.83197267129252,100.52536632295832,256.4096555603658,4.226272134928512,176.40965556036582,7484.387741995718,0,0.5223502187567682,high,True
50.598297872340424,6.90079365079365,45.23323620568136,82.70630181647815,101.23031797123232,251.71762093560963,3.287840258059323,171.71762093560963,7429.227531966227,0,0.5293113829175035,high,True
50.598297872340424,6.907142857142857,45.31437278362353,84.72829923065098,103.06235565899559,253.1230950132101,4.413024235890778,173.1230950132101,7379.437426820217,0,0.5236421940863903,high,True
50.598297872340424,6.913492063492063,48.41964900898651,84.8865264911904,101.80656505109378,252.06032422900452,4.809657903969947,172.06032422900452,7335.5122629928355,0,0.5197421790246274,high,True
50.598297872340424,6.919841269841269,41.83848721696668,80.28078507081507,95.18531416111718,248.07374338083125,4.531259188351536,168.07374338083125,7297.888588496605,0,0.5149769195721069,high,True
50.598297872340424,6.926190476190476,45.47401305426448,83.86181335351327,102.06667687548256,249.14350694710643,3.744909441497176,169.14350694710643,7266.940324310333,0,0.527100613932168,high,True
50.598297872340424,6.932539682539682,44.77465387047409,81.86817308573123,103.85025003278471,245.9260613555533,4.115083402989494,165.9260613555533,7242.975048189116,0,0.5264163606795214,high,True
50.598297872340424,6.938888888888888,44.86679937872623,85.65746398100532,103.53355739011786,246.36742901124722,4.946349295160358,166.36742901124722,7226.230937813796,0,0.5205578954223822,high,True
50.598297872340424,6.9452380952380945,45.41823204687208,83.71248956990794,105.01295003455444,241.0034175584247,4.576321664036323,161.0034175584247,7216.8744036749,0,0.5245041389409789,high,True
50.598297872340424,6.951587301587302,44.79645300706304,85.8534786283407,105.03295147336107,243.01850754368851,4.393579763278011,163.01850754368851,7214.998435213324,0,0.5257424197181743,high,True
50.598297872340424,6.957936507936508,45.47332534926749,82.05162507714209,100.41591200114237,244.77938438265616,4.557172137682728,164.77938438265616,7220.621676645628,0,0.5200347644165908,high,True
50.598297872340424,6.964285714285714,45.14484331588752,86.31977925863949,99.4836466996517,247.8684576017007,4.840520001702097,167.8684576017007,7233.688241672596,0,0.517213513354971,high,True
50.598297872340424,6.970634920634921,43.19287604351134,81.93123314185917,103.0856203309192,243.94008900835058,3.587133114461019,163.94008900835058,7254.068268900056,0,0.5291713995678458,high,True
50.598297872340424,6.976984126984127,45.71240441153806,80.61167561642736,89.56071092125434,248.85661382571178,2.683211816953813,168.85661382571178,7281.559212462085,0,0.5216726321415622,high,True
50.598297872340424,6.983333333333333,46.186003782508635,82.09976554126123,97.87193285072946,247.28477671043584,4.805073880791663,167.28477671043584,7315.887855010459,0,0.5158381069787851,high,True
50.598297872340424,6.98968253968254,44.265168022705254,80.8676207888152,99.87633872162772,249.76208645399058,4.236062812131288,169.76208645399058,7356.713023072814,0,0.5216359199740858,high,True
50.598297872340424,6.996031746031746,47.841645259979366,85.33055773057156,101.634409066567,255.7284984269335,4.6630924820344175,175.7284984269335,7403.6289777869515,0,0.5205471258530042,high,True
50.598297872340424,7.002380952380952,47.00034896510472,81.0131190948718,96.91190559296498,246.89391345696416,5.18694551553916,166.89391345696416,7456.169447317926,0,0.5123322688227039,high,True
50.598297872340424,7.008730158730159,46.21627493587108,83.89629665176287,103.6065925817727,252.39445823245475,3.430098584478674,172.39445823245475,7513.812260873692,0,0.5307392686852481,high,True
50.598297872340424,7.015079365079365,46.148142798122905,78.79388888663618,92.32854952810474,254.60250525918792,3.831452328002026,174.60250525918792,7575.984538276437,0,0.5115087978871244,high,True
50.598297872340424,7.021428571428571,44.89290440186496,78.05785337773227,97.52829645859534,254.35999668753055,4.963906523498847,174.35999668753055,7642.068383501361,0,0.505938694829515,high,True
50.598297872340424,7.027777777777778,46.50503674936566,84.98761471660268,106.14786058895682,264.3299492760791,3.9185361389576565,184.3299492760791,7711.407025605339,0,0.530024286329239,high,True
50.598297872340424,7.034126984126984,47.09280239559681,84.43285680383028,105.58686627219339,273.54513637110387,5.772233098501709,193.54513637110387,7783.31134601094,0,0.5171053122821819,high,True
50.598297872340424,7.04047619047619,45.89147223443426,81.83703955357569,100.41397339671181,273.03626470252,4.739762265566389,193.03626470252,7857.066727277377,0,0.5188155582929359,high,True
50.598297872340424,7.046825396825397,43.766446555019435,76.79739248273688,96.51180448662274,278.6853668386727,4.063695988681997,198.68536683867268,7931.940155290242,0,0.5054090900073833,high,True
50.598297872340424,7.053174603174603,44.50503754243387,79.25855983863549,96.65063197008074,286.0235828127043,4.480566401287916,206.02358281270432,8007.187504284282,0,0.5135363885888582,high,True
50.598297872340424,7.059523809523809,45.36857023606238,84.7696927102135,98.80160617324842,290.7665715792729,4.398394236479356,210.76657157927292,8082.060932297147,0,0.5194789779300527,high,True
50.598297872340424,7.065873015873016,45.709546203499066,85.03877227097621,101.67961064218883,288.9462889156434,5.226594643931026,208.94628891564338,8155.816313563584,0,0.5168356463493153,high,True
50.598297872340424,7.072222222222222,44.28344759720302,82.24596250809368,97.08430073634601,298.34259936572863,4.682027342447447,218.34259936572863,8227.720633969184,0,0.5158707851200297,high,True
50.598297872340424,7.078571428571428,43.49853722729387,86.56523881238866,103.79414260889536,296.9007662281028,4.927806906979139,216.90076622810278,8297.059276073163,0,0.5209420965623678,high,True
50.598297872340424,7.084920634920635,46.676946040399265,83.48266429310257,100.87335050242632,296.6456452439751,5.0506381063387815,216.64564524397508,8363.143121298088,0,0.5172024297935011,high,True
50.598297872340424,7.091269841269841,42.64725086403802,79.32410708231589,98.46983875657654,300.9007194137596,4.846216653009489,220.9007194137596,8425.315398700832,0,0.5132046962216452,high,True
50.598297872340424,7.097619047619047,42.80240979250873,80.38098677027793,96.47621553373779,300.42179716707244,4.666258486700079,220.42179716707244,8482.958212256599,0,0.5153678256224039,high,True
50.598297872340424,7.103968253968254,42.18630897547219,77.27681936775633,95.1096236425735,305.6038807311795,5.3645918444379435,225.60388073117952,8535.498681787572,0,0.49743176274692114,moderate,True
50.598297872340424,7.11031746031746,42.72847915386074,83.7755246129976,99.84528870130873,310.2504206878723,5.002094144444071,230.2504206878723,8582.41463650171,0,0.5164979944050149,high,True
50.598297872340424,7.116666666666666,45.986094899487156,83.95333894488456,98.5422950135193,317.1062226856408,5.138029573017996,237.10622268564077,8623.239804564066,0,0.5142887645267327,high,True
50.598297872340424,7.123015873015873,46.01228359205786,80.94499706551095,101.30753364959308,322.6408900290782,4.39289250233688,242.6408900290782,8657.568447112439,0,0.5220215836340139,high,True
50.598297872340424,7.129365079365079,43.96078627743371,78.2872545701139,98.15130603008474,311.72869618040994,5.097061048634605,231.72869618040994,8685.059390674467,0,0.5066776377834357,high,True
50.598297872340424,7.135714285714285,44.80214991865701,84.15603282945213,99.54328836691009,319.9435168705094,5.505214844627745,239.94351687050943,8705.43941790193,0,0.5128418560693917,high,True
50.598297872340424,7.1420634920634924,44.032851397407,80.14701489649399,95.30039591567535,314.92614523048366,4.838239662657536,234.92614523048366,8718.505982928897,0,0.5130454648312918,high,True
50.598297872340424,7.148412698412699,42.256744249823456,76.73391348628692,93.08273017535564,321.29562204388134,4.2591151855860625,241.29562204388134,8724.129224361199,0,0.5003995004406205,high,True
50.598297872340424,7.154761904761905,47.37317036524,80.39784063832192,96.27340362023075,318.76954211416165,6.06359163879342,238.76954211416165,8722.253255899623,0,0.505849459361608,high,True
50.598297872340424,7.161111111111111,46.1146100247847,81.94140018287627,99.41512876505514,311.45715017043676,5.575859740909951,231.45715017043676,8712.896721760728,0,0.5122427304923222,high,True
50.598297872340424,7.167460317460318,44.59576281486998,84.35963645374859,100.93314099311934,321.57708385328954,5.938018674784199,241.57708385328954,8696.152611385407,0,0.5113463498278913,high,True
50.598297872340424,7.173809523809524,42.79699206451934,82.24636093090731,102.91208609531662,314.13466598370485,6.368713779462979,234.13466598370485,8672.18733526419,0,0.5104539942322301,high,True
50.598297872340424,7.18015873015873,43.76505680966734,79.36613625090354,95.20732601069918,312.73370454077326,4.800980304770434,232.73370454077326,8641.23907107792,0,0.510427636743266,high,True
50.598297872340424,7.186507936507937,43.09023023642112,81.33805151967098,97.02533969532755,308.5495216057549,4.9747702479146145,228.54952160575488,8603.615396581688,0,0.5138602047092301,high,True
50.598297872340424,7.192857142857143,44.306233049451805,84.96329124180664,106.2113893892006,307.84008696677836,5.522387928165991,227.84008696677836,8559.690232754307,0,0.519395469868094,high,True
50.598297872340424,7.199206349206349,44.6600799218238,80.37142429647656,92.27710609004583,309.49552697843114,6.66513502729778,229.49552697843114,8509.900127608298,0,0.4978428725747273,moderate,True
50.598297872340424,7.205555555555556,43.7229111297792,79.78750799833567,94.82956548639487,304.08361836929294,6.179834977581435,224.08361836929294,8454.739917578805,0,0.5027010131285705,high,True
50.598297872340424,7.211904761904762,42.09613850399681,75.47022760621357,94.71396766705307,302.9762995341911,4.2119921649989704,222.97629953419113,8394.757809613722,0,0.49681626567757764,moderate,True
50.598297872340424,7.218253968253968,47.52240489580465,84.60301542474492,102.8229055427801,299.7315178067459,4.4518125661483845,219.7315178067459,8330.549932850374,0,0.5231441551017909,high,True
50.598297872340424,7.224603174603175,44.73017408861854,81.92532528800788,100.69884062586186,300.0280675328603,4.512471428362424,220.0280675328603,8262.754414015326,0,0.5206156977701124,high,True
50.598297872340424,7.230952380952381,45.11091942195934,78.48772367226384,95.0905257235577,289.7145902085093,5.462369777763568,209.71459020850932,8192.045035432593,0,0.5020585182712882,high,True
50.598297872340424,7.237301587301587,43.84668041688493,79.99694838230408,97.14439531740015,281.43712061858787,5.078018297203875,201.43712061858787,8119.1245386741575,0,0.513277589175288,high,True
50.598297872340424,7.243650793650794,42.19315918813336,80.97900481997033,98.16533580354384,287.83047915266826,4.640141932709945,207.83047915266826,8044.717640397991,0,0.5172310562521442,high,True
50.598297872340424,7.25,44.46819745373264,76.77405978908789,96.57935178952702,278.4500545547215,4.686142847415474,198.45005455472148,7969.563829787262,0,0.5012249110506833,high,True
50.59468085106383,6.85,44.42191026150112,83.56313052882993,99.97711054418642,264.61282880955315,3.889825924260188,184.61282880955315,7568.074468085029,0,0.5240449377157851,high,True
50.59468085106383,6.856349206349206,46.03151483205476,81.1101889961385,100.56857794239266,258.1277305904583,4.235258981775623,178.12773059045833,7492.9206574743,0,0.5223335180638885,high,True
50.59468085106383,6.862698412698412,46.386760876699476,86.17747856398452,100.82369108978787,252.5798213305933,4.2030724291588815,172.5798213305933,7418.513759198135,0,0.5228032082287286,high,True
50.59468085106383,6.869047619047619,46.234960619674105,84.02612607268344,99.50644932940678,251.11313140238587,4.3303057127673386,171.11313140238587,7345.593262439699,0,0.5206377445776245,high,True
50.59468085106383,6.875396825396825,46.628306990270914,84.81079891473742,101.29440905467183,254.27036071006327,4.0252125230479034,174.27036071006327,7274.883883856965,0,0.5244596589010191,high,True
50.59468085106383,6.881746031746031,47.90795678151691,85.49259864048997,106.53779435669856,251.6860503390402,4.133019556961943,171.6860503390402,7207.0883650219175,0,0.5289843306436188,high,True
50.59468085106383,6.888095238095238,45.84124595773035,85.06774274066643,99.71914620215895,240.75755194442618,3.0635185791038446,160.75755194442618,7142.880488258569,0,0.5292956890081333,high,True
50.59468085106383,6.894444444444444,46.95614086927202,82.14648560497152,96.80994622523777,238.43685473824715,3.3766076976734887,158.43685473824715,7082.898380293485,0,0.5242992282407478,high,True
50.59468085106383,6.90079365079365,46.09520681639169,81.62854347806797,97.95390137509318,239.6528538646227,4.400966247624436,159.6528538646227,7027.738170263994,0,0.5186141263909303,high,True
50.59468085106383,6.907142857142857,42.54715614658391,79.3002087778629,100.35512695022163,229.77182981381543,4.7162226080066905,149.77182981381543,6977.948065117986,0,0.5158520562999939,high,True
50.59468085106383,6.913492063492063,45.20340310955479,83.02516837364797,105.57680648144468,232.56465412430768,3.7180949035174473,152.56465412430768,6934.022901290604,0,0.5307895071246617,high,True
50.59468085106383,6.919841269841269,44.16630897517651,79.63502748179496,96.21803139671914,229.49221451847814,4.1504738635327,149.49221451847814,6896.399226794372,0,0.5169514508726875,high,True
50.59468085106383,6.926190476190476,45.84203389724925,83.3924516360373,104.44023499237007,229.51166110932337,3.7293024328935243,149.51166110932337,6865.450962608101,0,0.52957821877308,high,True
50.59468085106383,6.932539682539682,44.32935437006216,77.86074150607283,94.84234391617215,223.8893229027218,4.3923290487420665,143.8893229027218,6841.485686486883,0,0.5062008943469603,high,True
50.59468085106383,6.938888888888888,46.43909063392777,83.66562574451491,99.48582664723426,220.1447727413961,3.5899271516323585,140.1447727413961,6824.7415761115635,0,0.5255529789696852,high,True
50.59468085106383,6.9452380952380945,47.01033897668458,88.05685557374949,105.40819642910364,217.8096809993374,3.560826935384012,137.8096809993374,6815.385041972668,0,0.5316693501932102,high,True
50.59468085106383,6.951587301587302,47.34580266215409,85.8154296404868,105.29421188149024,221.55165897576927,3.8136665962139404,141.55165897576927,6813.5090735110925,0,0.5298697679067306,high,True
50.59468085106383,6.957936507936508,47.96439290718387,85.82374444354801,101.62895075282256,224.4276185786889,3.3494287794623974,144.4276185786889,6819.132314943396,0,0.5292994255564065,high,True
50.59468085106383,6.964285714285714,43.00998258991042,78.89530297147321,93.85762061012316,225.65061511883505,4.660401954124124,145.65061511883505,6832.198879970363,0,0.507955224749491,high,True
50.59468085106383,6.970634920634921,43.707647724815246,80.95255937915564,97.20063964446749,235.44954269290082,4.2997883997421225,155.44954269290082,6852.578907197823,0,0.5185353836461866,high,True
50.59468085106383,6.976984126984127,49.87383617408564,90.87172541565442,107.27885206267727,233.3120493124008,4.533966851952408,153.3120493124008,6880.069850759853,0,0.5270524063829946,high,True
50.59468085106383,6.983333333333333,46.96650235542694,83.96766728769695,99.38552581856153,226.52919528978205,3.6682464286894745,146.52919528978205,6914.3984933082265,0,0.5249305496272983,high,True
50.59468085106383,6.98968253968254,45.75350092629217,84.67089165482145,104.79086786441164,233.54940551511623,4.730167221472631,153.54940551511623,6955.223661370582,0,0.5232564197212607,high,True
50.59468085106383,6.996031746031746,45.42444024148547,83.77224506596387,99.5132238145273,232.58993122467464,4.139400404239723,152.58993122467464,7002.139616084719,0,0.5219172211195958,high,True
50.59468085106383,7.002380952380952,45.24608067484747,81.55196414296705,98.1313501709638,235.40382110703175,3.512402134562621,155.40382110703175,7054.680085615693,0,0.5247153359405463,high,True
50.59468085106383,7.008730158730159,42.381705536640396,78.05415626486827,96.10190629731903,239.8511843808712,3.164957946967363,159.8511843808712,7112.3228991714595,0,0.5164891203096686,high,True
50.59468085106383,7.015079365079365,44.07132692485517,82.43357771846334,104.63628657967374,244.38043830122402,4.580722473601705,164.38043830122402,7174.495176574204,0,0.5240981367556623,high,True
50.59468085106383,7.021428571428571,45.00668661287495,84.04342973718867,103.54365687703296,243.54302759451954,3.5944756206743187,163.54302759451954,7240.579021799128,0,0.5295804860725375,high,True
50.59468085106383,7.027777777777778,44.04306843821739,81.13656550601294,97.94180654153524,252.3288863353865,4.697941588614231,172.3288863353865,7309.9176639031075,0,0.5166221959507736,high,True
50.59468085106383,7.034126984126984,44.17994815065579,84.58012669513245,104.6182385222389,246.8285137585866,4.990924519593513,166.8285137585866,7381.821984308708,0,0.5213454083916155,high,True
50.59468085106383,7.04047619047619,48.83556934111854,87.9180064731732,105.23084084760829,254.86374064498145,4.773506569027746,174.86374064498145,7455.577365575145,0,0.5234074637207566,high,True
50.59468085106383,7.046825396825397,44.55946532839624,85.05246062292805,101.61912217309788,268.75837855340546,4.613078135946786,188.75837855340546,7530.450793588009,0,0.5208652679334527,high,True
50.59468085106383,7.053174603174603,45.29386337511321,81.41474537477418,98.38172753362912,262.8424582365115,5.013405031602294,182.8424582365115,7605.6981425820495,0,0.5149590273229472,high,True
50.59468085106383,7.059523809523809,45.18108568344531,81.95436589836001,97.77378869246073,271.28300522541105,5.169696182313509,191.28300522541105,7680.571570594914,0,0.5133091474770373,high,True
50.59468085106383,7.065873015873016,45.643496472113426,85.97855823023467,105.13087323511051,269.4969590525437,4.375588079254954,189.49695905254367,7754.3269518613515,0,0.5259602860400775,high,True
50.59468085106383,7.072222222222222,43.98737624421538,83.7672522903195,102.65889064887769,274.9777945972873,5.641683086926892,194.9777945972873,7826.231272266952,0,0.515047670069365,high,True
50.59468085106383,7.078571428571428,46.520238544203515,90.13183898856818,105.26468194764016,275.85643002993,4.301564493667662,195.85643002992998,7895.569914370931,0,0.5265875853231891,high,True
50.59468085106383,7.084920634920635,45.264519173729155,82.84162431290709,101.61430664829918,278.69800440653114,3.935594518314264,198.69800440653114,7961.653759595854,0,0.5253770098595374,high,True
50.59468085106383,7.091269841269841,42.6212130748597,77.19845035092973,96.47914893804202,279.3877605734632,4.2977757311058395,199.3877605734632,8023.826036998599,0,0.5055705310159873,high,True
50.59468085106383,7.097619047619047,44.34725386242213,78.36060732607098,93.52947784904651,287.1469307114176,3.787801129660698,207.1469307114176,8081.468850554365,0,0.5111051273695357,high,True
50.59468085106383,7.103968253968254,44.210955437892025,81.88996927216732,100.0787252498817,284.6993490543986,4.214634824435329,204.69934905439862,8134.009320085341,0,0.5219811597536461,high,True
50.59468085106383,7.11031746031746,44.10702597228537,82.25899735482864,97.78267087895729,293.17541537968077,3.8944043743686616,213.17541537968077,8180.925274799478,0,0.5218199750498329,high,True
50.59468085106383,7.116666666666666,45.16801303035598,83.4666063892208,99.18719752813173,296.96050632512515,5.162525904929005,216.96050632512515,8221.750442861832,0,0.5147703581619383,high,True
50.59468085106383,7.123015873015873,45.33087506076528,82.27797942766696,98.38565380386656,295.86470887964117,5.695597536719656,215.86470887964117,8256.079085410207,0,0.5104150035590688,high,True
50.59468085106383,7.129365079365079,45.13359989553311,83.44279505936365,100.91678603836215,294.6837665380278,4.5091630531722755,214.68376653802778,8283.570028972235,0,0.5208556990172136,high,True
50.59468085106383,7.135714285714285,44.852087447774565,82.32910037252407,101.57077831752412,298.70793512557174,5.446730272981317,218.70793512557174,8303.950056199696,0,0.5152592431643154,high,True
50.59468085106383,7.1420634920634924,44.46263410335167,86.44135239789952,103.04225607293434,296.34049261877647,4.9069565259256835,216.34049261877647,8317.016621226663,0,0.5203292125667631,high,True
50.59468085106383,7.148412698412699,41.10326760301435,78.04128269260181,95.49706799056507,301.6116835394421,5.467585121499178,221.61168353944208,8322.639862658967,0,0.5004771122940368,high,True
50.59468085106383,7.154761904761905,45.49828434322861,81.160394218017,97.79920324471905,290.44566382292004,4.821229918544591,210.44566382292004,8320.763894197391,0,0.5156576704544217,high,True
50.59468085106383,7.161111111111111,45.07080079715923,79.84547198778284,97.36344484720978,295.9393750518279,3.8197600033372745,215.93937505182788,8311.407360058496,0,0.5212223181048445,high,True
50.59468085106383,7.167460317460318,42.87336011522969,83.94974170386256,102.09370178505883,288.4439692153595,5.246021897944651,208.44396921535952,8294.663249683175,0,0.5171202224654278,high,True
50.59468085106383,7.173809523809524,44.78892783727179,82.72937090648738,100.54055382251661,289.1782754324071,4.996745355445956,209.17827543240708,8270.697973561959,0,0.5172289181195435,high,True
50.59468085106383,7.18015873015873,45.36270686960279,80.9477437071271,94.89013987987418,299.0067697320923,4.162084270898391,219.00676973209232,8239.749709375687,0,0.5171429114072182,high,True
50.59468085106383,7.186507936507937,46.17543918261074,84.59555945783704,101.33846107546276,295.18631184535127,4.166279541768531,215.18631184535127,8202.126034879455,0,0.5235632641303392,high,True
50.59468085106383,7.192857142857143,45.216606888977296,83.55323985980954,99.12313555916703,286.4672806981145,4.777709614489752,206.4672806981145,8158.200871052074,0,0.5172717381292353,high,True
50.59468085106383,7.199206349206349,44.970711511028725,81.69668354949314,96.05833532279942,280.78768680315994,5.426314391648868,200.78768680315994,8108.410765906065,0,0.5098829060451402,high,True
50.59468085106383,7.205555555555556,45.94989949743034,84.3207584017111,102.40041322496481,272.13553281176365,4.321275240383386,192.13553281176365,8053.250555876573,0,0.5235919116224088,high,True
50.59468085106383,7.211904761904762,44.1153104727267,83.73816782498984,97.31264037187432,278.79221751119735,4.995415279264863,198.79221751119735,7993.26844791149,0,0.5140098718434418,high,True
50.59468085106383,7.218253968253968,45.24208034929668,80.76657318778618,96.79676781836233,287.43220698380316,5.411821460984935,207.43220698380316,7929.060571148142,0,0.5107179580784628,high,True
50.59468085106383,7.224603174603175,43.74452436446509,83.48106293153913,99.0367977468163,276.1229043007733,5.597269103069761,196.1229043007733,7861.265052313094,0,0.5117216703930179,high,True
50.59468085106383,7.230952380952381,46.39647053461055,82.45474550932178,98.44020970106263,268.6639812085143,4.297790638656513,188.66398120851431,7790.55567373036,0,0.5197882721100192,high,True
50.59468085106383,7.237301587301587,42.37351462454289,79.28730739461672,95.19144719575883,269.20558207741,4.384350850187221,189.20558207740999,7717.635176971925,0,0.5128444113792922,high,True
50.59468085106383,7.243650793650794,46.071944459000164,81.44207392843897,99.07987291272933,257.50639341455667,4.954611362212735,177.50639341455667,7643.2282786957585,0,0.5160491304979777,high,True
50.59468085106383,7.25,44.933306717753474,85.16726217289549,106.12917379381446,258.96516558045306,4.895083911065837,178.96516558045306,7568.074468085029,0,0.5234952810533755,high,True
50.59106382978723,6.85,46.6845590377956,85.99118476062219,101.22730837426482,241.9448542107613,4.147818110938826,161.9448542107613,7166.585106382798,0,0.5235751876346727,high,True
50.59106382978723,6.856349206349206,44.12924367059992,85.55943422895106,109.08497526676041,237.8321192658779,3.7301834567183603,157.8321192658779,7091.431295772069,0,0.5342170855553047,high,True
50.59106382978723,6.862698412698412,45.4985770552304,82.11182188826612,98.24762353060173,238.03782366031683,4.146430078226199,158.03782366031683,7017.024397495902,0,0.5206047563424271,high,True
50.59106382978723,6.869047619047619,45.517394974440826,82.59246222815054,97.65676483719659,233.05101026598732,4.080106003212739,153.05101026598732,6944.103900737467,0,0.5204560581491117,high,True
50.59106382978723,6.875396825396825,46.13876715379523,82.01792530454793,99.3081667466647,231.27260531340679,6.066251449258458,151.27260531340679,6873.394522154733,0,0.5088664904182749,high,True
50.59106382978723,6.881746031746031,43.976069414141875,81.06551681647531,101.36440587796668,222.92885962570693,5.432171265073758,142.92885962570693,6805.599003319685,0,0.515149930777475,high,True
50.59106382978723,6.888095238095238,46.55852498816568,86.44301376877209,99.52101390703234,226.5376780952584,4.08746880558998,146.5376780952584,6741.391126556337,0,0.5222712218697658,high,True
50.59106382978723,6.894444444444444,42.88882697957038,79.85319274870997,96.92660976162686,226.929724800971,4.6413315633979,146.929724800971,6681.409018591254,0,0.5153421176145804,high,True
50.59106382978723,6.90079365079365,44.70542793041941,88.39540513800922,111.70904751444624,214.22449682006717,4.321972366786379,134.22449682006717,6626.2488085617615,0,0.532895898402537,high,True
50.59106382978723,6.907142857142857,43.408091731326145,80.5241043475138,97.52517091061844,212.48664683988935,2.5757152659596727,132.48664683988935,6576.458703415753,0,0.5303537358042205,high,True
50.59106382978723,6.913492063492063,47.03444454477262,85.73141686305252,101.28151559904578,219.56940638815243,4.464714598851943,139.56940638815243,6532.533539588371,0,0.5215167516066994,high,True
50.59106382978723,6.919841269841269,46.42668690318551,85.22358947488583,109.13127761387241,211.9192117205319,4.134520355177553,131.9192117205319,6494.90986509214,0,0.5315678085793554,high,True
50.59106382978723,6.926190476190476,46.538946371866736,84.02857780034333,103.44800365986325,217.0384009889711,3.79023419899856,137.0384009889711,6463.961600905868,0,0.5281797756665395,high,True
50.59106382978723,6.932539682539682,48.086738271588345,86.86470337797797,103.84794921844535,208.68027104569856,2.610724644799356,128.68027104569856,6439.996324784652,0,0.5364431182531162,high,True
50.59106382978723,6.938888888888888,45.41849790976039,82.83036834678191,95.6304625567688,215.5931310448271,3.5480508190674134,135.5931310448271,6423.252214409331,0,0.5219767904296526,high,True
50.59106382978723,6.9452380952380945,46.81543991113301,84.58329219777919,105.29632922440999,209.9210956432442,2.713511542674318,129.9210956432442,6413.895680270436,0,0.5372062522732479,high,True
50.59106382978723,6.951587301587302,46.00183063299941,86.55133039792256,100.93258060501643,210.3523864490533,2.4573120225519576,130.3523864490533,6412.01971180886,0,0.53455050045467,high,True
50.59106382978723,6.957936507936508,45.76824364414487,80.84625746821041,100.8807093154428,215.8052650268653,4.258401421231384,135.8052650268653,6417.642953241163,0,0.5224913665072336,high,True
50.59106382978723,6.964285714285714,47.845461441021456,86.05754083059614,102.02951464210743,208.62737082037404,4.283747819954072,128.62737082037404,6430.7095182681305,0,0.5234711958424135,high,True
50.59106382978723,6.970634920634921,48.98955103865743,85.0945676555682,102.6261340775311,207.13572750473824,4.808450268288366,127.13572750473824,6451.089545495592,0,0.5205697989556086,high,True
50.59106382978723,6.976984126984127,45.19426064328245,79.75132574388056,97.14880043753311,210.22398352996802,4.580563197688068,130.22398352996802,6478.58048905762,0,0.5155237625824234,high,True
50.59106382978723,6.983333333333333,47.060604721547584,88.16021875744482,106.93128639779316,215.23035693409378,2.958138317506654,135.23035693409378,6512.909131605994,0,0.5372103642810822,high,True
50.59106382978723,6.98968253968254,46.251491599132294,84.32684620798375,99.76280358705553,208.83588549792114,3.868645678969178,128.83588549792114,6553.734299668349,0,0.5239718323939276,high,True
50.59106382978723,6.996031746031746,46.22695829452006,80.70853305639366,105.30912224244989,219.58998319124066,4.537335049490676,139.58998319124066,6600.650254382486,0,0.525060221912512,high,True
50.59106382978723,7.002380952380952,46.05372649330539,84.39029376582438,104.96741371770189,217.07534620605406,3.56243289628889,137.07534620605406,6653.190723913461,0,0.531217861075776,high,True
50.59106382978723,7.008730158730159,45.131773172447964,83.32031744761402,99.37438622981071,226.24470016392135,4.235104132297453,146.24470016392135,6710.833537469227,0,0.521140358681161,high,True
50.59106382978723,7.015079365079365,40.19871227194571,75.5714448444437,90.0206427529891,214.71325309740536,3.6246521327073267,134.71325309740536,6773.005814871972,0,0.4964813663960481,moderate,True
50.59106382978723,7.021428571428571,47.820185186722824,85.71698839407657,103.89893912941051,223.97343229209238,4.201981676520031,143.97343229209238,6839.089660096895,0,0.5258857279526102,high,True
50.59106382978723,7.027777777777778,44.415308088387654,85.25553268053176,100.13588951585646,223.37211426658337,4.815858975960836,143.37211426658337,6908.428302200875,0,0.5180301630094508,high,True
50.59106382978723,7.034126984126984,45.032817986492745,83.64174906735906,100.30266394266883,229.95424818798537,3.6433385171003687,149.95424818798537,6980.3326226064755,0,0.526013740495333,high,True
50.59106382978723,7.04047619047619,45.0014371554208,79.05644195447276,97.84818879330385,237.50566492677183,3.8758782164694843,157.50566492677183,7054.088003872913,0,0.5178809342343256,high,True
50.59106382978723,7.046825396825397,44.09252894901351,83.90584753917909,101.62222405705788,239.13828778066167,5.126752590230687,159.13828778066167,7128.9614318857775,0,0.51744387345552,high,True
50.59106382978723,7.053174603174603,45.565231254037954,82.08379723817647,104.91920131937508,242.23408892968928,5.092816532231741,162.23408892968928,7204.208780879817,0,0.5209670911044968,high,True
50.59106382978723,7.059523809523809,45.07594304300948,83.12494907047633,97.41569565376284,246.02176136157175,4.717706695865109,166.02176136157175,7279.082208892682,0,0.5159643176813288,high,True
50.59106382978723,7.065873015873016,44.0066499565027,82.89600659230895,99.96634596530939,250.86650248695508,4.776402185838113,170.86650248695508,7352.837590159119,0,0.5181236647263886,high,True
50.59106382978723,7.072222222222222,45.24651762451001,82.64023686418702,101.74406732893506,249.3610059560343,4.554423630710986,169.3610059560343,7424.74191056472,0,0.5213812431241951,high,True
50.59106382978723,7.078571428571428,44.916705628311036,83.3565292089194,100.55672633998068,259.4762980835528,5.171298673633008,179.47629808355282,7494.080552668699,0,0.516081401849094,high,True
50.59106382978723,7.084920634920635,46.304838988328264,85.7135010984496,101.02669569664405,262.42872870395445,4.123284679080969,182.42872870395445,7560.164397893623,0,0.5235381311694376,high,True
50.59106382978723,7.091269841269841,42.85286063140062,81.4555951035722,96.07226078487625,264.2872447481212,4.457336608104212,184.28724474812122,7622.336675296367,0,0.5163566833975148,high,True
50.59106382978723,7.097619047619047,43.60966483526593,81.79502955898752,95.04997201417844,267.74767460416894,5.246816682818484,187.74767460416894,7679.979488852134,0,0.5100711941287218,high,True
50.59106382978723,7.103968253968254,45.864339000103094,81.54932776699545,98.73544947192994,269.25428497872537,3.948884708135041,189.25428497872537,7732.519958383108,0,0.5224095514176963,high,True
50.59106382978723,7.11031746031746,43.78007801898917,81.83865673015961,98.43063356230775,278.49798813892977,4.697461132645141,198.49798813892977,7779.435913097245,0,0.5171142260113402,high,True
50.59106382978723,7.116666666666666,43.35282808812368,80.64166387189736,98.98940759005097,272.01249082166805,5.329839284345826,192.01249082166805,7820.2610811596005,0,0.5134571456944121,high,True
50.59106382978723,7.123015873015873,43.795913410634085,75.49062785934476,94.36026969439396,272.8250564229535,4.042929653466207,192.82505642295348,7854.589723707974,0,0.49767890222258593,moderate,True
50.59106382978723,7.129365079365079,44.50867680957627,84.42838318472052,101.43133820838958,272.40002388047503,4.623594438928445,192.40002388047503,7882.080667270003,0,0.5206073752821999,high,True
50.59106382978723,7.135714285714285,44.498703462460206,81.93998270640691,103.31670242429108,272.29692143621435,4.756816691326139,192.29692143621435,7902.460694497464,0,0.5216045911487834,high,True
50.59106382978723,7.1420634920634924,44.31950651121205,83.13106253409367,98.95037661199456,272.09819504372774,4.312380086087594,192.09819504372774,7915.527259524431,0,0.5202011760380773,high,True
50.59106382978723,7.148412698412699,43.087286025203085,81.38564715880798,102.99815270131637,273.80100063153225,5.312139714443846,193.80100063153225,7921.1505009567345,0,0.5175838879383574,high,True
50.59106382978723,7.154761904761905,45.79130979950969,84.60913426592454,97.4254302043623,276.9799995753617,3.5587899329590016,196.97999957536172,7919.274532495158,0,0.5237001639846356,high,True
50.59106382978723,7.161111111111111,46.62807652944918,83.64384534119168,101.42906963844717,278.1340495880905,4.659909702126062,198.13404958809048,7909.9179983562635,0,0.5203630049576067,high,True
50.59106382978723,7.167460317460318,41.78596579382165,76.9371060216481,90.53165535507068,276.1691402382255,3.908736076580825,196.1691402382255,7893.173887980943,0,0.5010732536892423,high,True
50.59106382978723,7.173809523809524,42.339753652549454,77.53749797993518,89.39673276289508,271.7142610612946,3.2426286971418796,191.71426106129462,7869.208611859726,0,0.507005761777499,high,True
50.59106382978723,7.18015873015873,46.19826536821701,83.56154805897161,101.25028035921518,276.84810788680727,5.629167781878417,196.84810788680727,7838.260347673455,0,0.5137224951466923,high,True
50.59106382978723,7.186507936507937,47.0778730586652,84.08537505367411,105.09894223513854,274.3542967725409,6.0821082876763475,194.35429677254092,7800.636673177223,0,0.5145515536506295,high,True
50.59106382978723,7.192857142857143,41.56367333491055,78.24754105323382,97.88699291021878,268.60862345861216,3.6088808826997942,188.60862345861216,7756.711509349841,0,0.5161607791334515,high,True
50.59106382978723,7.199206349206349,46.01966282351565,85.84890726558208,99.35239080364818,264.2138049596583,2.6148399604934522,184.21380495965832,7706.921404203833,0,0.5319201244003584,high,True
50.59106382978723,7.205555555555556,47.296892506686476,85.24335651468556,103.13527275160571,266.3544457758626,3.2621054887963674,186.3544457758626,7651.761194174341,0,0.5313879028262966,high,True
50.59106382978723,7.211904761904762,43.59416929817815,78.32262791402897,97.02655615999936,262.0366754100606,5.264810350296711,182.03667541006058,7591.779086209257,0,0.5045893176152313,high,True
50.59106382978723,7.218253968253968,47.308764013683145,87.74957841724412,103.63472451423209,252.438787940258,5.652211589822732,172.438787940258,7527.5712094459095,0,0.5159533139154139,high,True
50.59106382978723,7.224603174603175,44.7270718688599,82.22832310488602,97.01315869191984,254.76342599447378,4.638575712658277,174.76342599447378,7459.775690610862,0,0.5160893206075313,high,True
50.59106382978723,7.230952380952381,45.523672237536815,80.4383930179171,98.07697473415787,252.78098264107675,4.256737796763422,172.78098264107675,7389.066312028128,0,0.519698722755735,high,True
50.59106382978723,7.237301587301587,44.032858934933415,79.17961034537498,95.426553955636,244.76122494621737,5.011326227220667,164.76122494621737,7316.145815269692,0,0.5084285077018471,high,True
50.59106382978723,7.243650793650794,46.675033154842595,81.0047046669687,98.18271145902622,245.71227123735994,3.369550739138338,165.71227123735994,7241.738916993526,0,0.5257190398647706,high,True
50.59106382978723,7.25,46.48815621812936,81.73553840924565,99.4525144040362,235.7276543776672,4.402835503284599,155.7276543776672,7166.585106382798,0,0.5201002777154722,high,True
50.587446808510634,6.85,48.1702472451962,91.22572006431716,110.21842622251705,229.29820750552324,4.705944497426614,149.29820750552324,6765.095744680565,0,0.5288454629063396,high,True
50.587446808510634,6.856349206349206,47.8109488232246,84.88708510141754,101.3971722219255,225.76465504815505,3.7942550274153155,145.76465504815505,6689.941934069836,0,0.5261021387058233,high,True
50.587446808510634,6.862698412698412,45.70312444161181,89.57703764669378,108.18499573338048,216.648791057816,3.4305103445419154,136.648791057816,6615.5350357936695,0,0.5353149267697677,high,True
50.587446808510634,6.869047619047619,50.445500178743835,88.69277736945295,104.16675488235039,216.09468174656337,4.202577053238609,136.09468174656337,6542.614539035235,0,0.5261495745274263,high,True
50.587446808510634,6.875396825396825,47.87377799952047,86.78405130442445,107.1288036074614,202.10663764851353,4.407599855767214,122.10663764851353,6471.9051604525,0,0.5277448045690133,high,True
50.587446808510634,6.881746031746031,46.72089436524221,84.40051215210195,99.56235336403753,204.37521214469493,3.4710232504345506,124.37521214469493,6404.109641617452,0,0.5264221983611405,high,True
50.587446808510634,6.888095238095238,44.47410153421161,84.72133013485836,105.74641341418769,205.2517233380503,3.830281714773836,125.25172333805031,6339.901764854105,0,0.530211201982362,high,True
50.587446808510634,6.894444444444444,43.731001568532506,87.0316006445681,102.93831124935453,199.75736306958535,5.161352933537916,119.75736306958535,6279.919656889021,0,0.5185292916924351,high,True
50.587446808510634,6.90079365079365,43.910580504988175,84.37708392547027,104.35210635114389,204.7339159924327,3.2186194034363993,124.73391599243271,6224.75944685953,0,0.5328946436615679,high,True
50.587446808510634,6.907142857142857,44.72493557353165,83.70569520726109,99.58834317990605,207.92360460292386,3.5796835376419094,127.92360460292386,6174.96934171352,0,0.5257237862622933,high,True
50.587446808510634,6.913492063492063,48.2333714947416,81.40398428697833,99.62864446195846,193.52774007351266,3.70152108243953,113.52774007351266,6131.044177886139,0,0.5249518372456949,high,True
50.587446808510634,6.919841269841269,46.9341953598819,83.84741140291239,98.52704208015881,193.43768930731156,3.5317391644010847,113.43768930731156,6093.420503389908,0,0.5249821143174849,high,True
50.587446808510634,6.926190476190476,45.31336141719462,84.33930718888047,102.04028617115313,196.54602955047793,3.496807243657233,116.54602955047793,6062.4722392036365,0,0.5287282378801049,high,True
50.587446808510634,6.932539682539682,46.052819107124826,88.00266332121842,102.00967972921288,201.1365277533352,3.8854252114407855,121.1365277533352,6038.506963082419,0,0.5261068449862742,high,True
50.587446808510634,6.938888888888888,45.88625473885046,86.9050541622102,104.2470001128413,189.16739101401836,3.946613022870069,109.16739101401836,6021.762852707098,0,0.5279362466270409,high,True
50.587446808510634,6.9452380952380945,47.48204656282433,89.0331521728304,109.53316709460513,194.6988679972916,3.64647400519585,114.69886799729159,6012.4063185682035,0,0.5352233403932994,high,True
50.587446808510634,6.951587301587302,44.96559896877761,82.64505399210009,103.08254648852497,200.91697578637144,4.079404299972437,120.91697578637144,6010.530350106627,0,0.5258865178220421,high,True
50.587446808510634,6.957936507936508,46.8028558437988,86.7572210922645,101.0977837667596,187.2374630685296,4.322891305695283,107.23746306852959,6016.15359153893,0,0.5222785083954576,high,True
50.587446808510634,6.964285714285714,46.715760797417445,83.24055021311464,99.0205044239061,189.21528066680955,2.8552052284110565,109.21528066680955,6029.220156565899,0,0.5299858029011657,high,True
50.587446808510634,6.970634920634921,44.97257232119109,82.04497740216185,94.29378339469932,193.41942080717166,3.26319035993018,113.41942080717166,6049.600183793359,0,0.5225391809951647,high,True
50.587446808510634,6.976984126984127,48.601311387678294,88.8854967130562,99.33641315552998,194.08008473929112,4.165197433187633,114.08008473929112,6077.0911273553875,0,0.5215684302676125,high,True
50.587446808510634,6.983333333333333,45.7428923553581,83.50991346376222,103.7363044086928,200.7289211582301,3.808543814329711,120.7289211582301,6111.419769903761,0,0.5283460123131614,high,True
50.587446808510634,6.98968253968254,44.65799983956883,83.21487497185137,101.23969744752166,200.0199442465789,3.3493423082018996,120.01994424657889,6152.244937966117,0,0.5289107487261756,high,True
50.587446808510634,6.996031746031746,47.38172971865397,84.2479456850883,105.52198470071832,193.7761402519495,4.070646885826101,113.7761402519495,6199.160892680255,0,0.528384338795211,high,True
50.587446808510634,7.002380952380952,46.13438744125044,86.68912511938458,106.81516629236118,204.9952616047827,3.5613487340941643,124.99526160478271,6251.701362211229,0,0.5330728413984,high,True
50.587446808510634,7.008730158730159,46.61106267334604,84.68639149291727,99.82752917650505,202.9008952086634,5.026870777567179,122.9008952086634,6309.344175766995,0,0.5163150573260572,high,True
50.587446808510634,7.015079365079365,44.163352126093656,83.32273568502461,97.95169173899801,212.78865716777858,3.3751105342457643,132.78865716777858,6371.51645316974,0,0.5254509548440263,high,True
50.587446808510634,7.021428571428571,47.09778830768689,85.21538698771766,105.07457347702447,207.8430126085364,3.1513933965834666,127.84301260853641,6437.600298394664,0,0.534065284166468,high,True
50.587446808510634,7.027777777777778,49.07412519815859,84.84197576548482,100.08102125855754,210.63006590550316,3.4438629751342007,130.63006590550316,6506.938940498642,0,0.5271219347576629,high,True
50.587446808510634,7.034126984126984,43.855774812463004,81.96506559775271,97.81367614835497,218.30062538626578,4.782735362290561,138.30062538626578,6578.843260904243,0,0.5159287737330845,high,True
50.587446808510634,7.04047619047619,46.21480474083929,83.21070925994849,99.39934939253082,222.25735767780904,3.6613685853148574,142.25735767780904,6652.59864217068,0,0.5249902254904317,high,True
50.587446808510634,7.046825396825397,44.43860904627129,85.09157495084297,102.54575339021008,224.1491358729655,3.7030098718168984,144.1491358729655,6727.472070183545,0,0.5278590209114308,high,True
50.587446808510634,7.053174603174603,49.584358588207444,86.7088387695274,101.7765450662435,218.81670337473452,4.21337442630004,138.81670337473452,6802.719419177585,0,0.5236873822242433,high,True
50.587446808510634,7.059523809523809,47.3437242866513,85.27428825337657,108.98015560457453,230.93302575423223,4.618913830793861,150.93302575423223,6877.592847190449,0,0.5281873967326154,high,True
50.587446808510634,7.065873015873016,45.843341509320176,81.9105942092844,97.34333423992781,227.85182200172372,3.774876736757343,147.85182200172372,6951.348228456886,0,0.5221774893282122,high,True
50.587446808510634,7.072222222222222,43.51645910886987,80.33746675775608,97.52935752051792,236.09075197731997,3.4802092911785727,156.09075197731997,7023.252548862487,0,0.5243279622459941,high,True
50.587446808510634,7.078571428571428,43.819990265844496,81.64537211499197,94.54973619819198,232.53333199013784,3.425292671666092,152.53333199013784,7092.5911909664665,0,0.521714451720418,high,True
50.587446808510634,7.084920634920635,46.36255384602189,83.22305638102043,98.50401115787344,242.9758170031309,4.3500968999827,162.9758170031309,7158.67503619139,0,0.5195033651579888,high,True
50.587446808510634,7.091269841269841,43.147202333819145,82.07757039023471,99.59518614842042,240.77613371672084,4.174530664107831,160.77613371672084,7220.847313594135,0,0.5217649817210349,high,True
50.587446808510634,7.097619047619047,43.14623255355857,78.74509444973089,100.20993443630005,241.50085128901983,4.709491797884423,161.50085128901983,7278.490127149901,0,0.5133231106679765,high,True
50.587446808510634,7.103968253968254,45.11266551146784,84.4530646928253,106.26374770559282,251.90104218509103,4.18045367575829,171.90104218509103,7331.0305966808755,0,0.5283940565338708,high,True
50.587446808510634,7.11031746031746,45.260954627982564,84.47770794662279,102.83931163349766,252.18292700761265,4.906986677897433,172.18292700761265,7377.946551395013,0,0.5201260671141814,high,True
50.587446808510634,7.116666666666666,45.597481146711196,83.71359636224017,100.88745728466446,250.66050299816476,3.797233417209705,170.66050299816476,7418.771719457368,0,0.5255725678365998,high,True
50.587446808510634,7.123015873015873,44.340196355635115,82.9174121636404,99.94253604887078,260.5269442372972,4.422711604703872,180.5269442372972,7453.100362005742,0,0.5204577920175116,high,True
50.587446808510634,7.129365079365079,46.357407833106265,83.45457052566661,96.21065112188604,254.2509307446011,4.195122832182501,174.2509307446011,7480.59130556777,0,0.5182431655740026,high,True
50.587446808510634,7.135714285714285,43.66798628584052,80.24045028684687,93.90209748333007,257.1023356239197,4.11245409039676,177.1023356239197,7500.971332795231,0,0.516485736880685,high,True
50.587446808510634,7.1420634920634924,45.890131090452314,82.9027521369297,104.90882236442023,258.6666668373379,3.4181949029886143,178.6666668373379,7514.037897822199,0,0.5321208563444961,high,True
50.587446808510634,7.148412698412699,45.26681331710636,82.96255034293222,99.70588023627397,255.37825449413756,3.2569512300426227,175.37825449413756,7519.661139254502,0,0.5279928720359898,high,True
50.587446808510634,7.154761904761905,45.84811758014184,85.19262736940547,103.60612923192144,259.65273271708065,4.5201867532916085,179.65273271708065,7517.785170792927,0,0.5234715508766441,high,True
50.587446808510634,7.161111111111111,46.72768580609755,82.96245093333906,97.40264047221316,255.19215773455943,4.715089579934274,175.19215773455943,7508.428636654031,0,0.515968709939318,high,True
50.587446808510634,7.167460317460318,44.285214111032985,81.20373275907679,94.97640214275306,254.8894070226351,4.257849251360235,174.8894070226351,7491.684526278711,0,0.5165907404670181,high,True
50.587446808510634,7.173809523809524,43.996001945463064,75.92866974825728,95.18183292308538,260.85888964724603,4.118788181139744,180.85888964724603,7467.719250157494,0,0.499911175197446,moderate,True
50.587446808510634,7.18015873015873,42.48017378242179,77.04279708828385,93.15455713355009,249.79510773788994,4.756433412076722,169.79510773788994,7436.770985971222,0,0.49850723831428045,moderate,True
50.587446808510634,7.186507936507937,42.014962675962934,84.08247567148274,100.66827383054112,242.55063242481327,5.688866909502049,162.55063242481327,7399.147311474991,0,0.5127424944338608,high,True
50.587446808510634,7.192857142857143,44.81553124807497,78.94276245851606,95.2664364922089,256.60701322471596,4.885466319191727,176.60701322471596,7355.222147647609,0,0.5080712467869384,high,True
50.587446808510634,7.199206349206349,44.959285060549604,83.2433583377712,100.64106760414468,258.06458375906044,4.5257536116479065,178.06458375906044,7305.4320425016,0,0.5204693768598253,high,True
50.587446808510634,7.205555555555556,43.53725143349337,79.09619765593747,94.43492254080824,243.72077645948087,6.0960044575209515,163.72077645948087,7250.271832472109,0,0.49984075756872837,moderate,True
50.587446808510634,7.211904761904762,43.90989733033692,78.96500051639468,95.7140509398087,234.87004391414524,4.71745477892252,154.87004391414524,7190.289724507025,0,0.5097362296728853,high,True
50.587446808510634,7.218253968253968,47.55585147577106,80.59708123704453,96.28568803502225,238.4841446155605,3.8754635952684446,158.4841446155605,7126.081847743677,0,0.5204492640665659,high,True
50.587446808510634,7.224603174603175,46.64205181173307,85.78620826311024,105.8508550976561,235.5564685218629,4.1897070382090025,155.5564685218629,7058.286328908629,0,0.5279194748429294,high,True
50.587446808510634,7.230952380952381,43.49650237387305,82.7652708926839,100.76879394880976,232.8177465680787,3.8117180644490043,152.8177465680787,6987.576950325895,0,0.5253573401858164,high,True
50.587446808510634,7.237301587301587,44.788470528118275,83.17586214525062,100.91079986116819,225.93522827656207,3.7168277173117508,145.93522827656207,6914.65645356746,0,0.5261319484124232,high,True
50.587446808510634,7.243650793650794,46.125957797185585,80.19106628825378,97.29108635670124,229.4878465747133,4.50962373666232,149.4878465747133,6840.249555291294,0,0.5172269281122858,high,True
50.587446808510634,7.25,44.64350667506066,77.40690090098396,97.59811191503235,226.0514926066189,3.364677851636475,146.0514926066189,6765.095744680565,0,0.5138221176792607,high,True
50.58382978723404,6.85,44.73468922441354,82.96504259246856,97.25811507107036,201.39639291229514,4.032124261025085,121.39639291229514,6363.6063829783325,0,0.5203772866642364,high,True
50.58382978723404,6.856349206349206,45.5106588719721,87.00812549583462,103.72631678520946,207.1800087687737,4.743952931446587,127.18000876877369,6288.452572367603,0,0.5220999639088988,high,True
50.58382978723404,6.862698412698412,47.724269202401395,83.80230853013481,96.43279783779951,209.6678950436043,3.995020688957906,129.6678950436043,6214.045674091438,0,0.5197993265780801,high,True
50.58382978723404,6.869047619047619,47.92986364577037,85.48094231841118,101.1663543149126,199.31117425844081,3.8679241266406965,119.31117425844081,6141.125177333002,0,0.5253801934706412,high,True
50.58382978723404,6.875396825396825,45.12257591517325,84.16565319455877,101.01398345630707,194.55808263349883,2.618580283199182,114.55808263349883,6070.415798750269,0,0.5335567815683125,high,True
50.58382978723404,6.881746031746031,46.98232235673361,81.95039607759404,96.525091503525,192.764877458574,2.6492956898464555,112.764877458574,6002.62027991522,0,0.528863120237882,high,True
50.58382978723404,6.888095238095238,46.34466413293515,82.7184192331265,102.33851009986597,193.38232214289727,3.5362884447180614,113.38232214289727,5938.412403151872,0,0.5287632538017455,high,True
50.58382978723404,6.894444444444444,44.901039393348405,82.85127442892328,101.20273168090361,181.76916037740315,2.679270264976429,101.76916037740315,5878.4302951867885,0,0.5333409299143941,high,True
50.58382978723404,6.90079365079365,46.022532452067395,86.18626555022426,105.48722149937011,187.3191615363781,4.168894636639707,107.31916153637809,5823.270085157297,0,0.5276945905884387,high,True
50.58382978723404,6.907142857142857,44.621539426872204,83.5481212548972,101.4451621809546,183.28358519858645,4.272064455779332,103.28358519858645,5773.479980011288,0,0.522964732475759,high,True
50.58382978723404,6.913492063492063,48.30661803989469,86.20259309123603,102.51546238216427,190.64746241073394,2.881162423823122,110.64746241073394,5729.554816183907,0,0.5333077128900101,high,True
50.58382978723404,6.919841269841269,48.928747968870425,84.93193210802491,108.88848945135874,181.20784074409423,3.4829466665965927,101.20784074409423,5691.931141687675,0,0.5356688450073814,high,True
50.58382978723404,6.926190476190476,46.015576243389205,86.06443280332826,103.81180087151476,187.4709406775711,4.145376487170711,107.4709406775711,5660.982877501404,0,0.52617595762371,high,True
50.58382978723404,6.932539682539682,45.682212432271996,84.89186632772694,103.55806530174321,175.53278313359974,3.7405383210932537,95.53278313359974,5637.0176013801865,0,0.5286211431611215,high,True
50.58382978723404,6.938888888888888,48.2548112018318,87.20590918525194,101.83923408736558,181.70389795514455,2.903195370099844,101.70389795514455,5620.273491004866,0,0.5324845982866999,high,True
50.58382978723404,6.9452380952380945,48.50670732391424,88.57976465247734,109.9795455690991,180.3019291945917,3.890368536977555,100.30192919459171,5610.916956865971,0,0.5340437553225821,high,True
50.58382978723404,6.951587301587302,45.01278579481352,82.76185947403145,101.31381149046291,175.48193411833782,4.118854157733818,95.48193411833782,5609.040988404395,0,0.5238547837722375,high,True
50.58382978723404,6.957936507936508,46.45658505672284,81.05464102375285,100.09176533453348,179.86622434017698,2.2269974754448953,99.86622434017698,5614.664229836699,0,0.5352451154982342,high,True
50.58382978723404,6.964285714285714,46.57689702022972,86.62915408052119,104.39670551971719,184.46877110488296,3.7117739721208,104.46877110488296,5627.730794863666,0,0.5296515457055785,high,True
50.58382978723404,6.970634920634921,45.48836552329473,86.43006640852386,103.52004108100057,179.0463452597671,3.922962058289526,99.0463452597671,5648.1108220911265,0,0.5273669606924036,high,True
50.58382978723404,6.976984126984127,47.195562906127954,84.39484207894861,105.90467557121192,174.55281932198668,3.487605149952777,94.55281932198668,5675.601765653156,0,0.5326539745715267,high,True
50.58382978723404,6.983333333333333,45.53191804132209,84.36553213776224,97.81392494559779,182.47979307632153,3.0789266378507825,102.47979307632153,5709.93040820153,0,0.5272877473599259,high,True
50.58382978723404,6.98968253968254,45.73030719177804,81.75075303878194,99.91908186045877,180.41203006809945,3.31330653453092,100.41203006809945,5750.755576263884,0,0.5278303716302526,high,True
50.58382978723404,6.996031746031746,46.341667584471104,86.25627569936088,104.46273928846097,184.35654714506586,2.328175540135825,104.35654714506586,5797.671530978022,0,0.5389415690208887,high,True
50.58382978723404,7.002380952380952,44.2077613005563,80.78090213607561,102.03463058750269,187.32449093041498,4.141074971175213,107.32449093041498,5850.212000508996,0,0.5244274641130012,high,True
50.58382978723404,7.008730158730159,43.29966021701159,83.00732782946834,102.80096421795145,182.9600766304445,3.668192543935627,102.96007663044449,5907.854814064763,0,0.5283463472583806,high,True
50.58382978723404,7.015079365079365,47.700712727958845,88.77300402609345,105.01732038860257,185.6428424250588,4.130704380572423,105.6428424250588,5970.0270914675075,0,0.5274792911847864,high,True
50.58382978723404,7.021428571428571,45.148461471792885,83.3947741343695,99.3207107643244,196.5293309574827,3.3575051626855954,116.5293309574827,6036.110936692431,0,0.5269373430130871,high,True
50.58382978723404,7.027777777777778,49.39428347759578,92.14192359021213,108.18259877863775,195.1582259189472,3.0865090561484854,115.15822591894721,6105.44957879641,0,0.5376058717376478,high,True
50.58382978723404,7.034126984126984,49.08091811959317,86.58114363468614,99.09887577917326,189.76808796469336,4.097151656969258,109.76808796469336,6177.35389920201,0,0.5217845313993782,high,True
50.58382978723404,7.04047619047619,45.29348513645861,85.19594453171354,99.72988166806817,206.04971182034058,4.30837137770153,126.04971182034058,6251.109280468448,0,0.5210074058167247,high,True
50.58382978723404,7.046825396825397,49.49142056548156,89.0284964047235,109.7519095906427,206.96179507239924,3.78913585489931,126.96179507239924,6325.982708481312,0,0.5344910038913139,high,True
50.58382978723404,7.053174603174603,47.31914984496776,85.26658154468362,104.61766919813132,206.02912028624186,2.5746981542027827,126.02912028624186,6401.230057475353,0,0.5374530148367794,high,True
50.58382978723404,7.059523809523809,44.875763388130046,85.54682834884733,101.29470205886537,206.6499877970351,3.8818252673567892,126.6499877970351,6476.103485488217,0,0.5254158669431535,high,True
50.58382978723404,7.065873015873016,41.903580637867265,80.2298511951168,95.4287504974791,218.28242397694623,4.303269651257321,138.28242397694623,6549.858866754655,0,0.5167402861557636,high,True
50.58382978723404,7.072222222222222,46.74346594691639,82.69149447943974,100.99505175000435,219.31558092769032,5.1458220457730235,139.31558092769032,6621.763187160255,0,0.5166895714448508,high,True
50.58382978723404,7.078571428571428,45.69594499522246,82.85193621381164,98.06052347599388,230.35208257356942,2.842822754050112,150.35208257356942,6691.101829264234,0,0.5291083717823264,high,True
50.58382978723404,7.084920634920635,46.23723261332173,84.5663455456206,102.529648149147,225.297779897726,3.5785966108982015,145.297779897726,6757.1856744891575,0,0.5286723374098257,high,True
50.58382978723404,7.091269841269841,45.1920478693293,83.71838728636307,105.11205884310709,227.82281173477347,4.051286407835789,147.82281173477347,6819.357951891902,0,0.5281034827908685,high,True
50.58382978723404,7.097619047619047,43.76900710041273,84.16489416587604,105.11494712952837,228.0875607258472,4.301649589054114,148.0875607258472,6877.0007654476685,0,0.5264372832025009,high,True
50.58382978723404,7.103968253968254,44.79852977270492,80.94906807081358,98.25186932932786,234.30404727095677,4.369647534246932,154.30404727095677,6929.541234978643,0,0.5191208857676816,high,True
50.58382978723404,7.11031746031746,46.45845065521628,82.84061992485744,103.00747919814361,235.5893772181199,3.7716055712264014,155.5893772181199,6976.457189692781,0,0.5278634420566343,high,True
50.58382978723404,7.116666666666666,44.83181732245397,81.65146603753871,97.95319831069104,239.89288643517685,2.9574706077595954,159.89288643517685,7017.282357755135,0,0.5282367275922937,high,True
50.58382978723404,7.123015873015873,44.79336536975793,82.03894451841373,93.94293152950155,234.31981021090644,4.52418702047836,154.31981021090644,7051.611000303509,0,0.5137816847263125,high,True
50.58382978723404,7.129365079365079,43.0314677159478,80.8519280841932,95.26860572538803,235.8853502674013,4.067773788760144,155.8853502674013,7079.1019438655385,0,0.5181501138003204,high,True
50.58382978723404,7.135714285714285,45.43002125631002,79.03569599681043,92.72921558098975,236.6194585532199,4.582683330223277,156.6194585532199,7099.481971092999,0,0.5079591633655469,high,True
50.58382978723404,7.1420634920634924,43.61423617050976,78.59547866637996,97.73992242509962,242.28318428315248,4.343684545107179,162.28318428315248,7112.548536119966,0,0.5126372446231307,high,True
50.58382978723404,7.148412698412699,46.65515786016783,85.03147043767744,100.48915875192984,245.36517783735653,4.0052831043597985,165.36517783735653,7118.17177755227,0,0.5237872713895312,high,True
50.58382978723404,7.154761904761905,44.17780666283731,83.85774203449024,101.71498753734718,237.45232551171642,4.879607137224409,157.45232551171642,7116.295809090694,0,0.5191842732891845,high,True
50.58382978723404,7.161111111111111,44.84333495967889,80.61596408049283,95.16641427587611,237.17000376048614,2.9359281753173985,157.17000376048614,7106.939274951799,0,0.5255935597737601,high,True
50.58382978723404,7.167460317460318,48.54708637680659,84.67155538552791,102.93480781839163,239.37769101378368,3.096708192390787,159.37769101378368,7090.195164576478,0,0.5322900865357864,high,True
50.58382978723404,7.173809523809524,44.86165405410287,81.65839996282273,101.71977635425478,236.0712235043218,4.186654026481305,156.0712235043218,7066.229888455261,0,0.5238087495110461,high,True
50.58382978723404,7.18015873015873,44.68709353124452,85.33495012933064,101.22214397855825,239.4897823770331,4.20495744554357,159.4897823770331,7035.28162426899,0,0.5231890943416011,high,True
50.58382978723404,7.186507936507937,46.25867024138845,83.6836541316048,101.61849439830851,225.01378575057075,2.8297583666607387,145.01378575057075,6997.657949772758,0,0.5327534386205702,high,True
50.58382978723404,7.192857142857143,42.74022540279221,82.68249271399705,102.90448039759363,228.78652711269058,4.465919523329714,148.78652711269058,6953.732785945377,0,0.5231316835753955,high,True
50.58382978723404,7.199206349206349,47.33752308312973,85.49301559390187,102.31836165548492,226.7934425224234,5.09315433753961,146.7934425224234,6903.942680799368,0,0.5183639994052208,high,True
50.58382978723404,7.205555555555556,47.00038343077314,82.040736478667,103.84155736262393,218.25558239978994,3.2677544102989837,138.25558239978994,6848.782470769876,0,0.5320565279606306,high,True
50.58382978723404,7.211904761904762,46.34890387364374,80.5747693530929,98.57626595484012,221.10949081498217,2.7487682281435433,141.10949081498217,6788.800362804793,0,0.5302511444338832,high,True
50.58382978723404,7.218253968253968,40.55348940671469,77.60357699806295,96.1260785239936,218.57427309870835,3.4192293804662683,138.57427309870835,6724.592486041445,0,0.5128468653540772,high,True
50.58382978723404,7.224603174603175,45.290605144111034,82.69149750423105,96.56228043458182,218.576988505286,3.436215303895255,138.576988505286,6656.796967206396,0,0.5236541784086134,high,True
50.58382978723404,7.230952380952381,43.83416384475823,79.13190455231418,94.26754451747,220.88794153751888,3.63254785192164,140.88794153751888,6586.087588623663,0,0.5162526412543669,high,True
50.58382978723404,7.237301587301587,47.495949802003516,86.3678172111018,106.02001730734358,212.45134769088935,4.399018957301133,132.45134769088935,6513.167091865227,0,0.5266932242586693,high,True
50.58382978723404,7.243650793650794,47.456935756565976,86.70770492171349,104.65286461176427,206.27708496184155,3.9943278181201736,126.27708496184155,6438.760193589062,0,0.5280240124909631,high,True
50.58382978723404,7.25,46.529747032267856,87.44139220891489,102.34511042646758,207.14619722671824,4.176218797833663,127.14619722671824,6363.6063829783325,0,0.5245036517742432,high,True
50.58021276595745,6.85,44.526376568401226,82.45244380166082,97.01529431103032,196.00529566278666,4.173910831468456,116.00529566278666,5962.117021276888,0,0.5191892221012405,high,True
50.58021276595745,6.856349206349206,48.64639790885458,89.29318502253416,112.59595950773252,185.10378681096202,3.3272226636927984,105.10378681096202,5886.96321066616,0,0.5404144750831138,high,True
50.58021276595745,6.862698412698412,46.0854307729165,86.66270551283816,104.73763585774164,182.62718380027826,3.5095825846659987,102.62718380027826,5812.556312389994,0,0.531340418626635,high,True
50.58021276595745,6.869047619047619,49.25993901121094,89.42342664507714,108.0542043810459,185.85403079862505,2.7898717300023392,105.85403079862505,5739.635815631558,0,0.5394550595143637,high,True
50.58021276595745,6.875396825396825,47.02144640514474,85.76781264304233,105.4122600539797,180.19633008825915,3.0524396721991938,100.19633008825915,5668.9264370488245,0,0.5350626622393184,high,True
50.58021276595745,6.881746031746031,47.452711328235594,85.00013786835929,99.24812783041513,181.2691501088392,2.5934389299952856,101.2691501088392,5601.130918213777,0,0.5319585349637799,high,True
50.58021276595745,6.888095238095238,46.068060169315366,85.01725087944061,100.29164521989674,176.37519746355508,3.508826804874063,96.37519746355508,5536.923041450429,0,0.5268994665207363,high,True
50.58021276595745,6.894444444444444,48.93110323174364,90.6233722163108,112.46376144248164,177.15848653527826,2.4619787092774805,97.15848653527826,5476.940933485345,0,0.5460505700472984,high,True
50.58021276595745,6.90079365079365,47.79089017214187,90.03479368631949,109.16123146996557,168.32058843021355,3.781927615197668,88.32058843021355,5421.780723455853,0,0.5339483807019811,high,True
50.58021276595745,6.907142857142857,49.09488366538327,90.52485337445964,109.28532588741271,170.7221584091387,2.746530951273755,90.7221584091387,5371.990618309845,0,0.5409751195455876,high,True
50.58021276595745,6.913492063492063,47.243274375931996,88.27651011229293,106.77158538688903,168.44939920848506,3.991679106167029,88.44939920848506,5328.065454482463,0,0.5301603913457755,high,True
50.58021276595745,6.919841269841269,46.94636529244922,85.4720339354695,105.17245238750579,163.17199023790707,3.6815182917569778,83.17199023790707,5290.441779986231,0,0.5306289971091259,high,True
50.58021276595745,6.926190476190476,47.942630337123134,87.94836809709899,108.17781596985222,160.75466609682076,3.883413624074346,80.75466609682076,5259.49351579996,0,0.5322883918093565,high,True
50.58021276595745,6.932539682539682,49.239396952618854,87.42419243008834,103.41392156049311,168.96045833056496,2.5907720676286066,88.96045833056496,5235.528239678743,0,0.5361421077763024,high,True
50.58021276595745,6.938888888888888,48.618655266726755,87.00488615137533,106.94305660027966,164.26305828216422,2.6169722087201293,84.26305828216422,5218.784129303423,0,0.5394965752088121,high,True
50.58021276595745,6.9452380952380945,47.31094613133912,86.6558652458486,107.34983355268052,161.2708451435479,2.7508609089775438,81.27084514354789,5209.427595164527,0,0.5390107608261635,high,True
50.58021276595745,6.951587301587302,44.319800408459336,84.62478720274603,101.5460718185877,164.913783588129,2.7934079645709105,84.91378358812901,5207.551626702952,0,0.5329233520547816,high,True
50.58021276595745,6.957936507936508,48.315160413766506,88.4848653921483,109.45330520785319,169.99488903075638,3.123623456854504,89.99488903075638,5213.174868135255,0,0.5386291488288232,high,True
50.58021276595745,6.964285714285714,44.92748974937153,86.5778711035283,101.16336848171377,156.7889161387801,3.7147760418467275,76.78891613878011,5226.241433162222,0,0.5263981948694022,high,True
50.58021276595745,6.970634920634921,47.116211705202794,85.89961804938909,101.65006309994403,160.59665566054625,3.0849681181445,80.59665566054625,5246.621460389683,0,0.5310836089789807,high,True
50.58021276595745,6.976984126984127,46.86067626010256,85.43169088152317,99.59058941849557,163.80138917838528,3.1940906471215973,83.80138917838528,5274.112403951712,0,0.5282966517710183,high,True
50.58021276595745,6.983333333333333,44.871129800779485,84.17463917728033,100.95321887568407,174.48032172347632,3.241182830215319,94.48032172347632,5308.441046500086,0,0.5293453333409153,high,True
50.58021276595745,6.98968253968254,47.51328219728559,85.93503803915662,102.97892308819414,171.1345209582687,3.0219959557939786,91.1345209582687,5349.266214562441,0,0.5328322833829009,high,True
50.58021276595745,6.996031746031746,50.13656774526505,89.93342947615902,107.97262429443037,174.65913577011793,3.545106970556529,94.65913577011793,5396.182169276578,0,0.5343385778240535,high,True
50.58021276595745,7.002380952380952,46.381162780342734,87.48763924742752,105.02048389558672,168.82145384797514,2.911900490402359,88.82145384797514,5448.722638807552,0,0.535607813959571,high,True
50.58021276595745,7.008730158730159,47.93894160799244,85.23742867634456,101.63054582531545,170.89021022919383,2.5290898022265362,90.89021022919383,5506.365452363319,0,0.5347699471438052,high,True
50.58021276595745,7.015079365079365,50.259479601960756,90.9846473327897,103.4769778399951,179.32537163090942,3.4619184644211543,99.32537163090942,5568.537729766063,0,0.5303975214105208,high,True
50.58021276595745,7.021428571428571,47.95219429384427,84.2660928235935,103.09689164231912,180.0958952995685,3.583996358666208,100.0958952995685,5634.621574990987,0,0.5292035825845444,high,True
50.58021276595745,7.027777777777778,45.62060459671777,85.29905565412236,105.00161251973873,184.53066314414613,2.6455468656121406,104.53066314414613,5703.9602170949665,0,0.5373646334156578,high,True
50.58021276595745,7.034126984126984,46.87102336902704,86.5893336829044,99.56027516165693,184.18138125654005,1.7495111594536392,104.18138125654005,5775.864537500567,0,0.537896867431966,high,True
50.58021276595745,7.04047619047619,47.163112761700624,84.85363790801156,101.09173013610467,188.74162800452393,3.36449759746962,108.74162800452393,5849.6199187670045,0,0.5286617461529739,high,True
50.58021276595745,7.046825396825397,48.51867888108648,87.67496063618148,107.36405830016585,191.03440352435524,3.636952356118946,111.03440352435524,5924.493346779869,0,0.5331177092593729,high,True
50.58021276595745,7.053174603174603,48.11537626398013,86.08702891882331,102.24882846392336,196.33524957619278,3.6527113428991487,116.33524957619278,5999.740695773909,0,0.5278974195112623,high,True
50.58021276595745,7.059523809523809,42.06686737862245,81.00128833495896,100.44105323987341,199.29579591514639,3.434604645066308,119.29579591514639,6074.614123786773,0,0.5275436889394314,high,True
50.58021276595745,7.065873015873016,44.86652358553729,81.34883444477606,96.40538594485932,192.42387609674142,3.852757767354836,112.42387609674142,6148.369505053211,0,0.5207203341624937,high,True
50.58021276595745,7.072222222222222,45.977332471579366,87.31051799287124,106.48108140726745,192.71166862191933,4.022297106165589,112.71166862191933,6220.273825458811,0,0.5296657673661634,high,True
50.58021276595745,7.078571428571428,44.49400701735079,82.4190055091304,99.81633218850435,208.43609224389093,4.674792476147303,128.43609224389093,6289.612467562791,0,0.5186510490141889,high,True
50.58021276595745,7.084920634920635,40.404962511256365,78.3884949288209,99.50255906147686,211.80845646509476,3.380505283015126,131.80845646509476,6355.696312787714,0,0.5199155224883008,high,True
50.58021276595745,7.091269841269841,44.808959101104705,84.76368502061369,102.6488256410449,205.4730104268005,4.035408023946559,125.4730104268005,6417.868590190458,0,0.5257461054814011,high,True
50.58021276595745,7.097619047619047,45.838861712785636,82.16027032455841,94.37548799231524,204.4538468756722,4.356307761784973,124.45384687567221,6475.5114037462245,0,0.515333436247082,high,True
50.58021276595745,7.103968253968254,45.008274669011165,84.37535773525457,101.72327861481322,214.43829874852858,4.630634914074823,134.43829874852858,6528.0518732772,0,0.5208523791876477,high,True
50.58021276595745,7.11031746031746,44.25812349873526,86.32989362990017,105.15249104778626,219.69911031010525,4.16026520595563,139.69911031010525,6574.967827991337,0,0.5274173896747487,high,True
50.58021276595745,7.116666666666666,45.778813741319745,85.17269253914242,104.37238649551193,224.85997418718745,4.489816631139657,144.85997418718745,6615.792996053692,0,0.5244402756212475,high,True
50.58021276595745,7.123015873015873,46.200348330871854,87.82941158396315,105.87325592340252,221.16719871745855,3.9315080209293893,141.16719871745855,6650.121638602066,0,0.5296632024505399,high,True
50.58021276595745,7.129365079365079,44.95817001084146,83.94392693400204,100.61297379329812,218.76758660048614,3.569435156667015,138.76758660048614,6677.612582164094,0,0.526816739415518,high,True
50.58021276595745,7.135714285714285,47.70046179343166,86.38637693885983,106.7126253963037,217.53934855871503,3.897037935317941,137.53934855871503,6697.992609391556,0,0.530732372494184,high,True
50.58021276595745,7.1420634920634924,45.71776064815541,84.72320369833744,102.69593234734268,221.70878041628706,4.539957171948686,141.70878041628706,6711.059174418523,0,0.5224295512010181,high,True
50.58021276595745,7.148412698412699,44.318907731446856,86.34675806497764,101.79179156475828,220.70341660550105,4.446033649196439,140.70341660550105,6716.682415850826,0,0.522151567236782,high,True
50.58021276595745,7.154761904761905,43.941043509021085,85.8949320873394,102.45131936165416,217.76094930158584,3.9872698987277535,137.76094930158584,6714.80644738925,0,0.5258695200368024,high,True
50.58021276595745,7.161111111111111,45.31673616049247,86.56232111331218,103.35361591894514,229.6212863229067,3.7521460508252025,149.6212863229067,6705.449913250355,0,0.5283393089134438,high,True
50.58021276595745,7.167460317460318,47.321273633315926,81.03682037729519,100.0880399420198,227.86151103275233,3.9324967191832942,147.86151103275233,6688.705802875034,0,0.5238713951474645,high,True
50.58021276595745,7.173809523809524,44.43706409698344,82.21209575006495,99.43298779377722,224.25844815429048,4.515382296886837,144.25844815429048,6664.740526753818,0,0.5193304391478649,high,True
50.58021276595745,7.18015873015873,46.594217555870955,83.33232004459845,99.28198418160875,214.73631548912533,4.510675164756557,134.73631548912533,6633.7922625675465,0,0.5192108164165651,high,True
50.58021276595745,7.186507936507937,45.87617662882982,82.20191185315807,96.80260250995781,220.27414687410598,2.1510634124248704,140.27414687410598,6596.168588071315,0,0.5324621797604586,high,True
50.58021276595745,7.192857142857143,48.76402116859178,88.9937748659739,103.69796414159845,217.5959684933935,3.990190213531907,137.5959684933935,6552.243424243933,0,0.5270966960513856,high,True
50.58021276595745,7.199206349206349,46.40496280771788,82.02737433170796,102.29966310395812,214.763159764076,4.372103102651743,134.763159764076,6502.453319097924,0,0.5231523090862797,high,True
50.58021276595745,7.205555555555556,44.82288938025947,80.3129182925527,96.11122738303104,215.74485394491944,3.545471480726019,135.74485394491944,6447.293109068432,0,0.5224747508448575,high,True
50.58021276595745,7.211904761904762,47.030250947344854,88.47216741014093,104.97793969158097,210.8662111790871,3.3369299658452203,130.8662111790871,6387.311001103349,0,0.5327317399192795,high,True
50.58021276595745,7.218253968253968,47.14056797706822,83.79914201055004,101.93367133443333,208.71780504840999,3.2783184662833986,128.71780504840999,6323.103124340001,0,0.530078214892544,high,True
50.58021276595745,7.224603174603175,45.45372374031344,80.42708431599564,96.93216277652354,205.62311255833856,3.667408867843279,125.62311255833856,6255.307605504953,0,0.522482770324235,high,True
50.58021276595745,7.230952380952381,44.370267715263935,80.4303472828958,97.06380749895366,201.6719131409485,3.9367892811811065,121.6719131409485,6184.598226922219,0,0.520818545624413,high,True
50.58021276595745,7.237301587301587,46.990054112624314,86.49755134981045,109.25088101704753,190.35398912754997,4.702729718863278,110.35398912754997,6111.677730163784,0,0.527899349557959,high,True
50.58021276595745,7.243650793650794,46.35309400661698,83.74180098887169,100.41702006621358,194.97959549003872,2.8397029752304728,114.97959549003872,6037.2708318876175,0,0.5314856668980104,high,True
50.58021276595745,7.25,44.05621822650492,83.71635444268497,100.26315103935396,189.58383334162477,2.9755103295293535,109.58383334162477,5962.117021276888,0,0.5304264155091583,high,True
50.57659574468085,6.85,47.11586383981975,88.11555129790982,106.34471210635118,172.13785663120007,4.707381385086042,92.13785663120007,5560.627659574657,0,0.5249621695391109,high,True
50.57659574468085,6.856349206349206,45.85631030284436,83.3047505723635,105.62517358325854,181.37332228534282,3.0042216298709072,101.37332228534282,5485.473848963928,0,0.5355970293841191,high,True
50.57659574468085,6.862698412698412,44.61606411857795,83.28799236541913,100.38311125824427,179.01182641894087,3.140901981625521,99.01182641894087,5411.066950687761,0,0.5294437647140742,high,True
50.57659574468085,6.869047619047619,46.43811275866756,85.60289994671398,105.50175391899246,175.06725289483722,3.9454205002717444,95.06725289483722,5338.1464539293265,0,0.5291989505838475,high,True
50.57659574468085,6.875396825396825,48.96582779273441,84.92280646366245,103.74374447657664,168.29245298730675,3.1389025245145836,88.29245298730675,5267.437075346592,0,0.5328177276464794,high,True
50.57659574468085,6.881746031746031,48.926233518398206,87.17175534995155,103.16830796379375,170.4420663589009,2.718650550583177,90.44206635890089,5199.641556511544,0,0.5350439709599059,high,True
50.57659574468085,6.888095238095238,48.60368457625868,86.54796455037588,104.56092496993719,163.00052040814887,2.340571129804849,83.00052040814887,5135.4336797481965,0,0.5389571174379049,high,True
50.57659574468085,6.894444444444444,47.652757701300025,85.48314305915957,102.92073962547269,161.8370396932915,3.5329589804909816,81.8370396932915,5075.451571783113,0,0.5293676797555328,high,True
50.57659574468085,6.90079365079365,48.203136570495474,87.0037389317386,107.68002721122002,154.90035106572813,1.5848355300390151,74.90035106572813,5020.2913617536215,0,0.54711445701096,high,True
50.57659574468085,6.907142857142857,47.512406482788506,88.33052544893354,104.10943845803435,159.29755174543408,2.859426661482319,79.29755174543408,4970.501256607612,0,0.5350465940481521,high,True
50.57659574468085,6.913492063492063,45.75566873036654,88.98680902400233,106.73574466907672,156.58373338595638,2.2237567951514783,76.58373338595638,4926.57609278023,0,0.5419106993680668,high,True
50.57659574468085,6.919841269841269,46.09700947534883,86.81745294219553,107.82261987980225,149.97000122128856,2.332551235031416,69.97000122128856,4888.952418284,0,0.5422722783129261,high,True
50.57659574468085,6.926190476190476,46.579201760019046,84.18155635676848,100.14333325157918,154.02701059552507,2.067425879957095,74.02701059552507,4858.004154097727,0,0.5363604940518653,high,True
50.57659574468085,6.932539682539682,49.61898304012398,91.64315636354445,107.92221755135215,153.18229369807122,3.0254514157859167,73.18229369807122,4834.038877976511,0,0.5377525414461126,high,True
50.57659574468085,6.938888888888888,49.15087287501915,87.97766305446558,105.92910229702659,160.18315250001115,1.2231849837342057,80.18315250001115,4817.29476760119,0,0.5477745357387985,high,True
50.57659574468085,6.9452380952380945,45.92659463016873,85.45611374104212,100.18269103790166,156.28649121419488,2.105793113943378,76.28649121419488,4807.938233462295,0,0.5361440702782792,high,True
50.57659574468085,6.951587301587302,47.62861924473653,89.3336434477885,104.8936699714127,152.6986908175073,3.0721455245973455,72.6986908175073,4806.062265000719,0,0.5344126998074303,high,True
50.57659574468085,6.957936507936508,46.938263831882196,85.12625585521242,104.95075770837977,153.81817005958712,2.8568475935614615,73.81817005958712,4811.685506433022,0,0.5359051070846367,high,True
50.57659574468085,6.964285714285714,47.2947670213536,83.34887494395112,96.57286479711084,153.39592229468943,1.9146455148256927,73.39592229468943,4824.7520714599905,0,0.5338085613649396,high,True
50.57659574468085,6.970634920634921,46.7003854923195,89.1022164032844,108.62410229240282,153.02728632351696,2.367562176267323,73.02728632351696,4845.132098687451,0,0.5428403544506206,high,True
50.57659574468085,6.976984126984127,49.58209765680974,87.31589271611996,105.0372129016017,150.34952468300725,1.9947996643642347,70.34952468300725,4872.623042249479,0,0.5417385484725068,high,True
50.57659574468085,6.983333333333333,47.40677664832999,84.48496376027839,104.05088675217729,155.13099411982424,3.516599960632984,75.13099411982424,4906.951684797853,0,0.530606887014624,high,True
50.57659574468085,6.98968253968254,47.71389050181867,87.86695218240902,108.54816144399047,154.01626407859652,2.8697625792166064,74.01626407859652,4947.776852860208,0,0.5394164109158798,high,True
50.57659574468085,6.996031746031746,47.67406184038705,86.13122409016829,103.64913207923524,153.46659406042497,3.364816869271669,73.46659406042497,4994.692807574345,0,0.5312170196174242,high,True
50.57659574468085,7.002380952380952,45.738167502942744,90.02699571603259,101.88192656041099,162.17227379728726,2.522093003308943,82.17227379728726,5047.233277105321,0,0.5350679732050181,high,True
50.57659574468085,7.008730158730159,47.37961896633365,88.28492879907967,105.00721003157341,163.5331141050705,2.3275952329441414,83.5331141050705,5104.876090661087,0,0.5394899084786124,high,True
50.57659574468085,7.015079365079365,48.742783381058615,91.02165832335291,110.66009860721394,156.8299611995153,4.0842644400556765,76.82996119951531,5167.048368063832,0,0.5334316690068427,high,True
50.57659574468085,7.021428571428571,49.28719146821839,89.13585544370264,109.1811785101497,165.64782728558384,3.2759916195345227,85.64782728558384,5233.132213288755,0,0.5373412343799195,high,True
50.57659574468085,7.027777777777778,45.28240411390821,80.27337620843512,98.0475159009614,172.4191540766443,3.916927664053376,92.4191540766443,5302.470855392734,0,0.5219346648072722,high,True
50.57659574468085,7.034126984126984,44.650131754761965,79.28896783140019,96.1344137681667,175.08799356340825,3.7258169527416545,95.08799356340825,5374.375175798335,0,0.5181848683455981,high,True
50.57659574468085,7.04047619047619,46.94389096062372,86.86812689738873,102.72068886528925,177.46515139433424,3.3062408207680813,97.46515139433424,5448.130557064772,0,0.530679083393502,high,True
50.57659574468085,7.046825396825397,48.43667946208032,89.40172631482828,105.20033748083975,176.10122464506335,3.237915894850771,96.10122464506335,5523.003985077637,0,0.533614231515168,high,True
50.57659574468085,7.053174603174603,47.234843385954,83.99474071581176,101.57768124517813,175.19759264473154,3.9098741598748052,95.19759264473154,5598.251334071676,0,0.5255118535126794,high,True
50.57659574468085,7.059523809523809,47.63954797112933,87.87008782260614,107.00770985988993,176.8974551233262,3.4657850556486625,96.89745512332621,5673.124762084541,0,0.5339024761555655,high,True
50.57659574468085,7.065873015873016,44.50422087042589,84.13731972339914,101.17512160609706,185.2599888752186,3.4394209876693727,105.2599888752186,5746.880143350978,0,0.5282456483549679,high,True
50.57659574468085,7.072222222222222,45.61463200809477,85.82250808291504,105.01129936071611,188.01446088586624,2.7225013864457934,108.01446088586624,5818.784463756579,0,0.5368612901177442,high,True
50.57659574468085,7.078571428571428,43.109642102314126,84.25808841719022,101.99856603795166,194.1999058094453,4.225737344331863,114.19990580944531,5888.123105860558,0,0.5238269837424059,high,True
50.57659574468085,7.084920634920635,46.125058132325464,85.14800481163601,105.0974285418632,195.91203878192417,4.00702816299652,115.91203878192417,5954.206951085482,0,0.5283839074552197,high,True
50.57659574468085,7.091269841269841,43.03177772172721,81.97532061092203,100.24421043951975,193.3241247131453,2.937197186413119,113.3241247131453,6016.3792284882265,0,0.5306628958634323,high,True
50.57659574468085,7.097619047619047,48.22125686442512,88.54966200479927,108.60019252970616,191.06831454127195,3.1472959478883062,111.06831454127195,6074.022042043993,0,0.5376182195437841,high,True
50.57659574468085,7.103968253968254,48.503946266983974,85.79150240328059,105.98727489291394,196.7849822380895,3.439047210510092,116.7849822380895,6126.562511574967,0,0.5330602934895133,high,True
50.57659574468085,7.11031746031746,46.33782024591672,83.54096099896744,103.51364020872734,200.74543667480796,3.9895363302058966,120.74543667480796,6173.478466289104,0,0.526916731340688,high,True
50.57659574468085,7.116666666666666,43.81917353256398,81.32401142012678,98.66084599879711,200.65890631171348,5.273400835996491,120.65890631171348,6214.30363435146,0,0.5135048404254872,high,True
50.57659574468085,7.123015873015873,46.6191110758688,86.41524908365726,103.40451439318645,200.50137203962595,4.765243390184701,120.50137203962595,6248.632276899833,0,0.5216362251252884,high,True
50.57659574468085,7.129365079365079,48.81832186925127,87.90859683774187,102.77287892649633,204.90749937364671,3.472919643024897,124.90749937364671,6276.123220461862,0,0.5296200813063303,high,True
50.57659574468085,7.135714285714285,46.72406895283082,80.67720569981219,100.03504460047158,202.68607338688497,3.342302686344569,122.68607338688497,6296.503247689323,0,0.5277530266915078,high,True
50.57659574468085,7.1420634920634924,47.77568470299387,86.40057814489467,101.89228070553003,202.7077422651571,3.727924200387799,122.7077422651571,6309.5698127162905,0,0.5270394527029447,high,True
50.57659574468085,7.148412698412699,45.26519207187969,84.30692039134081,101.8600694399785,206.68911560241457,3.528752393736706,126.68911560241457,6315.193054148594,0,0.5283350534817337,high,True
50.57659574468085,7.154761904761905,44.68788223860225,84.74448016291134,99.20665413026181,203.76081754345802,3.083865204961119,123.76081754345802,6313.317085687018,0,0.5286475527638543,high,True
50.57659574468085,7.161111111111111,45.89717497346029,88.36681545043396,110.55919452021001,205.9738798224483,4.150823756856978,125.97387982244831,6303.960551548123,0,0.5328870361411635,high,True
50.57659574468085,7.167460317460318,43.129131263533935,80.9724138909992,95.26762267340528,205.42714232131792,5.020973474441172,125.42714232131792,6287.216441172803,0,0.5117944661771308,high,True
50.57659574468085,7.173809523809524,49.43788084110341,87.58308380859526,101.29661937272864,198.83055483068432,4.7101884433573815,118.83055483068432,6263.251165051585,0,0.5198953630836795,high,True
50.57659574468085,7.18015873015873,46.28045507607773,79.49820251286744,94.34917415370123,200.24693540007522,3.7831214311930994,120.24693540007522,6232.302900865314,0,0.516933000606209,high,True
50.57659574468085,7.186507936507937,47.40682930704895,86.81931059897467,102.23411816768783,206.45238549973945,3.8981814246751054,126.45238549973945,6194.679226369082,0,0.526246242003187,high,True
50.57659574468085,7.192857142857143,45.45628748045498,82.337635933305,101.60425748532819,194.34729385879558,3.861622269022807,114.34729385879558,6150.7540625417005,0,0.5258601090251761,high,True
50.57659574468085,7.199206349206349,43.88167192551472,85.99060191414351,99.50932650729736,188.61026237965555,4.00256681857049,108.61026237965555,6100.963957395692,0,0.5228255477168274,high,True
50.57659574468085,7.205555555555556,48.388273294709414,88.93134307475495,110.01312553942435,187.52203219047175,5.2267275375825655,107.52203219047175,6045.803747366201,0,0.5251682752888739,high,True
50.57659574468085,7.211904761904762,44.621723299311896,81.9478159753539,106.25550588749608,192.81588190842112,4.539735738357152,112.81588190842112,5985.821639401117,0,0.5259906009651151,high,True
50.57659574468085,7.218253968253968,46.89404989259819,83.86506480321395,101.68579861434382,190.41830125571227,4.188886028731345,110.41830125571227,5921.613762637769,0,0.5237598917561348,high,True
50.57659574468085,7.224603174603175,47.10240294045375,87.35256657765407,110.91445000793809,187.3131578039261,3.930071236013138,107.31315780392609,5853.818243802721,0,0.5347139751011838,high,True
50.57659574468085,7.230952380952381,46.61917305107451,85.77599806321884,102.2096558328937,190.05220986200527,4.086384914530633,110.05220986200527,5783.108865219987,0,0.5249670897360228,high,True
50.57659574468085,7.237301587301587,45.404699094810276,84.9325324545305,100.8303132122401,171.8679727640387,2.6559996577534495,91.86797276403871,5710.188368461551,0,0.5331236488272171,high,True
50.57659574468085,7.243650793650794,46.43264335261747,83.17426503293058,102.45146230838691,181.4876515148797,3.6874616910609515,101.4876515148797,5635.781470185386,0,0.5278683843679806,high,True
50.57659574468085,7.25,45.30900610227026,82.58534100175237,94.52419197144638,183.50297326897444,2.523772370587489,103.50297326897444,5560.627659574657,0,0.5276990428341964,high,True
50.572978723404255,6.85,48.37163099590241,88.78782683248926,104.07439812202462,159.20875018625378,2.710688462895889,79.20875018625378,5159.138297872424,0,0.5360031417027187,high,True
50.572978723404255,6.856349206349206,48.096902020357284,85.84214279079978,109.12698333504554,159.7792969930194,4.119061266974934,79.77929699301939,5083.984487261695,0,0.531666574888546,high,True
50.572978723404255,6.862698412698412,47.28914281259544,82.03102164829065,100.50708754301075,155.92467260523915,3.5521139615968806,75.92467260523915,5009.577588985529,0,0.5268263277990315,high,True
50.572978723404255,6.869047619047619,46.54949303370995,86.35072139064872,100.21705197147705,153.0775553407928,4.1888700720372185,73.0775553407928,4936.657092227094,0,0.5222912514912289,high,True
50.572978723404255,6.875396825396825,50.64202787996936,91.68311553640898,108.89460436566821,153.16970956781358,2.81275318651198,73.16970956781358,4865.94771364436,0,0.5401429164555883,high,True
50.572978723404255,6.881746031746031,45.604387832933114,82.1510854592029,97.20899704625296,158.12389503823883,3.3879543789794666,78.12389503823883,4798.152194809311,0,0.5246226345197231,high,True
50.572978723404255,6.888095238095238,45.31355189983139,84.51885949551777,105.56890994789288,157.83841094201853,3.0684304966209965,77.83841094201853,4733.944318045964,0,0.5351127066370862,high,True
50.572978723404255,6.894444444444444,47.5761779744283,88.45378538173938,108.49681936141582,147.37014582764175,2.100068575638649,67.37014582764175,4673.96221008088,0,0.5444963621904915,high,True
50.572978723404255,6.90079365079365,47.37576376551678,86.61678490391351,101.26276307406144,154.7218465643554,2.462568641617002,74.72184656435539,4618.802000051389,0,0.5348456387966147,high,True
50.572978723404255,6.907142857142857,49.46703789882255,91.26396880832071,106.27610898289373,145.80501544984574,1.9192467201944003,65.80501544984574,4569.011894905379,0,0.5434811308482643,high,True
50.572978723404255,6.913492063492063,48.841156115346486,87.4792097572391,99.51932467329843,151.42101768470562,2.767337846958992,71.42101768470562,4525.086731077998,0,0.5310704056935718,high,True
50.572978723404255,6.919841269841269,47.96044966734928,90.88006064524559,110.50808627882517,142.96650434363684,2.758113921038262,62.96650434363684,4487.463056581767,0,0.5421206601385701,high,True
50.572978723404255,6.926190476190476,48.70316524194757,89.7871659489578,107.14276904497486,142.99328500079355,2.5227011644983226,62.99328500079355,4456.5147923954955,0,0.5403247612816527,high,True
50.572978723404255,6.932539682539682,48.704266593024286,91.35097113953921,105.67374063367154,143.26089310742347,3.2736978976020685,63.26089310742347,4432.549516274278,0,0.533849087982991,high,True
50.572978723404255,6.938888888888888,51.1562177336198,92.94972969624008,107.50154946506031,154.04839607262073,3.7219477455676064,74.04839607262073,4415.805405898957,0,0.5326885644946096,high,True
50.572978723404255,6.9452380952380945,48.392046156300225,84.91393771949102,104.97363232106966,144.47848532884603,3.316178603419328,64.47848532884603,4406.4488717600625,0,0.5328657749649408,high,True
50.572978723404255,6.951587301587302,46.992616159834995,86.2578187166542,103.312559321946,138.1922941659762,2.2998497134154903,58.19229416597619,4404.572903298486,0,0.5379802278991761,high,True
50.572978723404255,6.957936507936508,48.305298255573135,88.5073744948879,107.44825024154724,145.05325301983146,2.9574227485440363,65.05325301983146,4410.19614473079,0,0.537732098584587,high,True
50.572978723404255,6.964285714285714,44.06401128884077,83.82802527250504,100.40996905013651,140.0929813952617,2.1999007057763924,60.09298139526169,4423.262709757758,0,0.5357439643449605,high,True
50.572978723404255,6.970634920634921,47.91890889126976,86.60325223375605,106.0587921823215,140.14970687295548,2.081973783698941,60.14970687295548,4443.642736985218,0,0.5421789669576619,high,True
50.572978723404255,6.976984126984127,49.57487462736309,90.20292307803665,108.28891623944301,146.5139709380444,1.4987008238000374,66.5139709380444,4471.133680547247,0,0.5482975774141094,high,True
50.572978723404255,6.983333333333333,48.79827578046641,90.76045418357681,112.35038795878367,143.97317285431504,2.2952565557343623,63.97317285431504,4505.462323095621,0,0.5470486775872212,high,True
50.572978723404255,6.98968253968254,48.29501173784324,91.7409585285118,112.43268094177641,146.12547834119036,1.6875319772441033,66.12547834119036,4546.287491157976,0,0.551182467760149,high,True
50.572978723404255,6.996031746031746,48.76638035687275,87.6594474540172,104.68516138920882,146.41582001074474,2.9665141193899585,66.41582001074474,4593.203445872114,0,0.5349084005932757,high,True
50.572978723404255,7.002380952380952,49.386577228037396,86.51283154028755,100.9335155860808,149.23304155945755,3.116361769646583,69.23304155945755,4645.743915403088,0,0.5301577704551036,high,True
50.572978723404255,7.008730158730159,49.803263997899236,93.26390676186124,106.36753111193778,151.28165428946534,3.3561102490803183,71.28165428946534,4703.386728958854,0,0.5339934627847356,high,True
50.572978723404255,7.015079365079365,48.26564447054847,86.30926382895703,100.13500523503686,143.68563149445652,1.9631601758874044,63.685631494456516,4765.559006361599,0,0.5370472707291207,high,True
50.572978723404255,7.021428571428571,47.04547828246079,90.08587096269929,105.28448666635447,156.0946578690617,3.1340756595052692,76.0946578690617,4831.642851586523,0,0.5343906489363194,high,True
50.572978723404255,7.027777777777778,43.97152401554381,80.80787991460903,100.902248906453,151.62294501739993,3.397745032030442,71.62294501739993,4900.981493690501,0,0.5282506153595834,high,True
50.572978723404255,7.034126984126984,48.82905792409509,90.33506613295623,113.41907777238143,152.014968952476,2.6721435273724485,72.01496895247601,4972.885814096102,0,0.5456047875898984,high,True
50.572978723404255,7.04047619047619,48.05327635643204,87.96327739530955,104.79207968686157,159.87494347076796,3.679220310031279,79.87494347076796,5046.641195362539,0,0.530263944286653,high,True
50.572978723404255,7.046825396825397,47.427667169454296,87.32527515397935,103.49265753020211,162.8391739627596,2.802854384989131,82.83917396275959,5121.514623375404,0,0.5348069616302745,high,True
50.572978723404255,7.053174603174603,46.085165226651114,83.58137917232368,100.54297547379532,162.1713767343957,2.870996723872617,82.1713767343957,5196.761972369444,0,0.5314029973146446,high,True
50.572978723404255,7.059523809523809,48.48469639964897,87.22229124141882,105.29402285511559,170.7348990081418,2.532514010669665,90.73489900814181,5271.635400382309,0,0.5384105961173178,high,True
50.572978723404255,7.065873015873016,46.57276953520964,87.1540404102962,105.69247036655307,164.50510727196382,3.245869354408484,84.50510727196382,5345.390781648746,0,0.5340533413371631,high,True
50.572978723404255,7.072222222222222,46.83130519759999,89.25494518476971,108.66338375348883,170.68019715775972,3.228137348184864,90.68019715775972,5417.295102054347,0,0.5371424680989231,high,True
50.572978723404255,7.078571428571428,46.72661175142276,87.0785039518543,103.67587598456751,172.3465890323547,3.303240590718304,92.3465890323547,5486.6337441583255,0,0.5316542720464454,high,True
50.572978723404255,7.084920634920635,47.417005466069455,84.74354598908054,98.90701463780584,176.79436868702876,3.0965378879172145,96.79436868702876,5552.717589383249,0,0.5282634287183577,high,True
50.572978723404255,7.091269841269841,44.95547337079713,88.24237612934061,107.10659204196227,180.28006681159673,3.045061295829651,100.28006681159673,5614.889866785994,0,0.5368061834030979,high,True
50.572978723404255,7.097619047619047,47.46353256875263,87.67736321502849,105.43465828985111,177.1795493124035,2.5274950434080865,97.17954931240351,5672.53268034176,0,0.5385846913337972,high,True
50.572978723404255,7.103968253968254,45.48522033319247,83.08792132879857,102.30510736128488,185.9918219969129,3.7978857743553776,105.9918219969129,5725.073149872735,0,0.5269858688655824,high,True
50.572978723404255,7.11031746031746,45.49067949728528,84.71984358337932,101.75181793972794,185.04330935908897,3.5748680625960607,105.04330935908897,5771.989104586872,0,0.5279193641890875,high,True
50.572978723404255,7.116666666666666,47.80642527954081,85.9355130787078,102.5167704686927,178.71113097516587,2.903739228402833,98.71113097516587,5812.814272649227,0,0.5331585089460071,high,True
50.572978723404255,7.123015873015873,44.95185920360737,84.22171151585128,98.94415800665487,179.70355625255377,2.94228044756659,99.70355625255377,5847.142915197601,0,0.5293289550228776,high,True
50.572978723404255,7.129365079365079,47.74231246129653,88.07194791230663,106.20871066524779,188.50222316830963,3.5577948172537375,108.50222316830963,5874.63385875963,0,0.5324900785502229,high,True
50.572978723404255,7.135714285714285,46.549055651628755,84.77738080072521,103.49971535436785,188.4221018881765,2.774638579778608,108.42210188817651,5895.01388598709,0,0.5350021248225104,high,True
50.572978723404255,7.1420634920634924,43.91170262700088,83.93029557503183,100.8150997724389,189.37739099553576,2.909364323772824,109.37739099553576,5908.080451014058,0,0.5314193376139534,high,True
50.572978723404255,7.148412698412699,48.42529168779609,88.99808914827706,111.55127640557308,189.88823678256017,3.0175005173341356,109.88823678256017,5913.703692446362,0,0.5414346062900122,high,True
50.572978723404255,7.154761904761905,46.84580621331395,85.79544980332885,105.06130092898294,190.83262766081083,3.127594279366707,110.83262766081083,5911.827723984786,0,0.5342106723998715,high,True
50.572978723404255,7.161111111111111,46.98083649703961,88.7030228153252,107.50539625478518,193.37329275233105,3.7564061993098288,113.37329275233105,5902.47118984589,0,0.5324626882593863,high,True
50.572978723404255,7.167460317460318,47.917041598746415,89.9075198413191,114.169511138268,184.5174289310064,3.5621102117820445,104.5174289310064,5885.72707947057,0,0.5404221097263877,high,True
50.572978723404255,7.173809523809524,48.67872897783973,86.27916304459258,100.45145749177186,183.38843537775085,4.212380370908436,103.38843537775085,5861.761803349353,0,0.5223689216857156,high,True
50.572978723404255,7.18015873015873,46.76217469129165,88.22275731076081,103.07405143606402,182.5648207784838,3.0006296551924834,102.5648207784838,5830.813539163081,0,0.5330698537347808,high,True
50.572978723404255,7.186507936507937,47.424092044279384,84.30855077945236,102.75771208701858,186.7181860712268,5.7125412656617955,106.7181860712268,5793.18986466685,0,0.5146741036492732,high,True
50.572978723404255,7.192857142857143,47.09897580531164,88.45944602736485,104.69959886620885,188.9475839779709,3.6515458697226357,108.94758397797091,5749.264700839469,0,0.5303559597347246,high,True
50.572978723404255,7.199206349206349,46.07810415984986,81.71361841855835,98.20128983553496,180.44945883017905,3.0167218810663368,100.44945883017905,5699.474595693459,0,0.5280898106284261,high,True
50.572978723404255,7.205555555555556,44.27324142042713,81.68582664007428,102.0208701754925,170.1998668528221,2.432350142151297,90.19986685282211,5644.314385663968,0,0.5358052025611505,high,True
50.572978723404255,7.211904761904762,47.032103319035194,88.10088895930062,104.4794714092111,171.272219685467,3.782398164294631,91.27221968546701,5584.332277698884,0,0.5292634836472468,high,True
50.572978723404255,7.218253968253968,48.8442831937096,90.90422975287834,109.09267931632407,172.51340279210785,3.5313826181421795,92.51340279210785,5520.124400935536,0,0.5355501285287095,high,True
50.572978723404255,7.224603174603175,47.72130732192412,84.54768991496977,97.90535501841718,171.27483297574418,2.4969211883038374,91.27483297574418,5452.328882100488,0,0.5312592137630583,high,True
50.572978723404255,7.230952380952381,45.31927034916168,83.90542084173072,101.72417660418338,169.46263257394511,3.897822554810291,89.46263257394511,5381.619503517754,0,0.5257386929054481,high,True
50.572978723404255,7.237301587301587,48.64379077699007,87.46129029168492,103.8763623965886,168.79854533773948,0.9703162568779918,88.79854533773948,5308.699006759319,0,0.5474075873507354,high,True
50.572978723404255,7.243650793650794,46.61270658227631,86.42225089612383,108.00819082279114,164.9297690299481,3.2104198627624716,84.92976902994809,5234.292108483153,0,0.5366053917377079,high,True
50.572978723404255,7.25,44.01982564832149,88.78060093532251,101.6633029061102,167.91723168799425,3.576422061890894,87.91723168799425,5159.138297872424,0,0.5278204891601709,high,True
50.56936170212766,6.85,49.13031301765792,91.21188480105172,108.42605470278633,148.49249030647712,1.6436487594619884,68.49249030647712,4757.6489361701915,0,0.547468396306373,high,True
50.56936170212766,6.856349206349206,46.27130925458886,85.01328211364199,102.30957068965773,145.5157519336378,2.474861991588761,65.5157519336378,4682.495125559462,0,0.5358104907457326,high,True
50.56936170212766,6.862698412698412,50.44634061361816,91.3574093235525,102.72013391282962,148.7061711463126,2.891472624324028,68.70617114631261,4608.088227283297,0,0.5334436497506694,high,True
50.56936170212766,6.869047619047619,49.581839104197115,91.5543730744682,112.11230192836612,138.5509737761682,2.3210549645178364,58.550973776168206,4535.167730524861,0,0.5466386021649139,high,True
50.56936170212766,6.875396825396825,47.60157834603133,87.15252654565171,106.40820678714188,144.25071617652978,2.468371990409919,64.25071617652978,4464.458351942128,0,0.5399523935177424,high,True
50.56936170212766,6.881746031746031,48.71268356001218,88.58698065532191,108.95402942657094,141.21258816613792,3.8762522104147425,61.21258816613792,4396.66283310708,0,0.533112348023806,high,True
50.56936170212766,6.888095238095238,51.736265820064,88.86079672509811,110.45503473830519,138.44968433404418,3.4753581196018932,58.44968433404418,4332.454956343731,0,0.5372859806076259,high,True
50.56936170212766,6.894444444444444,49.67265049240461,93.4416792267887,113.99218237285052,143.76909279782288,2.7181775526137666,63.76909279782288,4272.4728483786475,0,0.5458709986887588,high,True
50.56936170212766,6.90079365079365,48.59686353384351,90.80621376058488,108.58983497112548,133.45417858676169,2.89006093109654,53.454178586761685,4217.312638349156,0,0.5393227620971486,high,True
50.56936170212766,6.907142857142857,52.63410024834613,92.64740314298137,111.65462507450357,142.87105873779365,2.4134216965855715,62.871058737793646,4167.522533203148,0,0.5455651470972664,high,True
50.56936170212766,6.913492063492063,48.530699124148924,88.3245620004482,107.47945941811358,132.58262518595305,3.758368266334594,52.58262518595305,4123.597369375766,0,0.532423670975883,high,True
50.56936170212766,6.919841269841269,49.27350348701304,89.7082774396003,113.19284420811925,127.40475591531583,2.370629089027718,47.40475591531583,4085.9736948795344,0,0.5473886502812678,high,True
50.56936170212766,6.926190476190476,47.0348371552951,82.49117538331595,99.80256468675654,132.00002017372734,2.3048020356159054,52.000020173727336,4055.025430693263,0,0.5344372177826504,high,True
50.56936170212766,6.932539682539682,45.956897611991515,84.68089290553868,103.73929581382993,126.80583117825232,2.2715225150775233,46.80583117825232,4031.060154572046,0,0.5385958123799797,high,True
50.56936170212766,6.938888888888888,48.058159527404946,92.52163454698814,110.96394978042323,127.68006498493617,4.2732425542158285,47.680064984936166,4014.316044196725,0,0.532475666085651,high,True
50.56936170212766,6.9452380952380945,48.559165738778425,88.13114542803332,102.9140845964699,132.03921485817602,3.232462186694578,52.039214858176024,4004.95951005783,0,0.5313643366851727,high,True
50.56936170212766,6.951587301587302,48.997794588739566,85.54819570596595,108.62523407612116,132.62615736434478,1.5547064832438744,52.62615736434478,4003.0835415962542,0,0.5482605241878287,high,True
50.56936170212766,6.957936507936508,46.3672133201594,85.74055724798612,104.53382977097223,128.05686495537773,2.9616592159628947,48.05686495537773,4008.7067830285578,0,0.5347894349978863,high,True
50.56936170212766,6.964285714285714,49.47156660693604,90.97384339531688,110.83666146528647,134.8252043844326,2.9534011326423704,54.825204384432595,4021.7733480555253,0,0.541147320581004,high,True
50.56936170212766,6.970634920634921,47.209583697835754,83.39766793529405,102.47447159386634,136.02253747782754,1.942059622865063,56.02253747782754,4042.153375282986,0,0.5395274074414326,high,True
50.56936170212766,6.976984126984127,49.33411263457698,89.9027749142236,112.9693132408552,137.83913804996624,2.5602691103881146,57.83913804996624,4069.644318845015,0,0.5459008525049344,high,True
50.56936170212766,6.983333333333333,49.78092017341592,91.23325150898538,105.59349110317557,135.09414650403338,3.094200601358171,55.094146504033375,4103.972961393389,0,0.5349654870941211,high,True
50.56936170212766,6.98968253968254,47.734983641156845,87.56585673967223,104.61525338037106,139.4894406087441,2.5623186018446673,59.489440608744104,4144.798129455744,0,0.5375331293680732,high,True
50.56936170212766,6.996031746031746,46.825049855403876,90.32805812663864,107.48272275359876,127.74274181787493,2.1466300675173264,47.74274181787493,4191.714084169881,0,0.5431718556368166,high,True
50.56936170212766,7.002380952380952,50.522292330333,88.19864090393261,107.00748442444741,135.38843887178217,2.566166440906958,55.38843887178217,4244.2545537008555,0,0.5398997081517344,high,True
50.56936170212766,7.008730158730159,49.446496826424735,88.38667955869457,106.29085829525056,134.7415384081318,2.4611003454947364,54.74153840813179,4301.897367256622,0,0.5398835226586189,high,True
50.56936170212766,7.015079365079365,48.29048817919001,89.0135720609083,109.85091542406676,140.3811441493999,2.343457718837317,60.38114414939989,4364.0696446593665,0,0.5442278639651513,high,True
50.56936170212766,7.021428571428571,50.18649963760396,88.10540044340107,102.53439162935504,139.4464051762174,2.7327929503642117,59.44640517621741,4430.15348988429,0,0.5343157719602603,high,True
50.56936170212766,7.027777777777778,48.026906047813505,87.19938367028291,108.28506226438125,143.01509899192027,2.784179071596128,63.01509899192027,4499.49213198827,0,0.5397238684537403,high,True
50.56936170212766,7.034126984126984,46.88712560795062,86.15490221487747,105.90799974192002,153.25996540174208,2.256432771044057,73.25996540174208,4571.39645239387,0,0.5408651146016262,high,True
50.56936170212766,7.04047619047619,46.22982257901207,89.8091303574773,107.68773614780514,147.1905271832522,2.2686009066045747,67.19052718325219,4645.151833660308,0,0.5425637301037747,high,True
50.56936170212766,7.046825396825397,47.484672613462934,89.24804459874656,106.33905047139896,151.73013084962844,2.1464188536808,71.73013084962844,4720.025261673171,0,0.5420295914468602,high,True
50.56936170212766,7.053174603174603,48.71832533930548,89.98416760547084,108.13631817384025,151.3979850083861,1.674883936330175,71.39798500838609,4795.272610667212,0,0.5469704252649724,high,True
50.56936170212766,7.059523809523809,49.56097791803241,87.09100188842193,105.74002399707867,154.90617937333025,2.6709082067091536,74.90617937333025,4870.146038680076,0,0.5379339692856843,high,True
50.56936170212766,7.065873015873016,47.42922807005176,86.36075142574535,106.34380675900027,156.90414683974348,2.396785409775017,76.90414683974348,4943.901419946514,0,0.5403652373605001,high,True
50.56936170212766,7.072222222222222,49.134069019418284,89.35395344088815,111.28691873758164,160.92593332050856,2.7573076466643167,80.92593332050856,5015.805740352114,0,0.5429048677598195,high,True
50.56936170212766,7.078571428571428,46.916910448869146,84.92365644842472,106.26209532215984,165.99685342265866,2.5467525764932324,85.99685342265866,5085.144382456093,0,0.5392837448122049,high,True
50.56936170212766,7.084920634920635,45.99403220207505,86.93417404579938,104.65642293676686,170.05292484595134,2.9035772937355833,90.05292484595134,5151.2282276810165,0,0.5352992409785297,high,True
50.56936170212766,7.091269841269841,45.139868959517464,81.73302097321749,96.8126655714869,166.72869383370366,3.0828428211631222,86.72869383370366,5213.400505083761,0,0.526260380097066,high,True
50.56936170212766,7.097619047619047,46.27824029739724,84.08896654934003,104.78824909070158,169.74932520854387,2.2246188823057333,89.74932520854387,5271.043318639528,0,0.5399574565419967,high,True
50.56936170212766,7.103968253968254,45.07872663206383,85.60536975445532,105.26839871280683,164.53854941062215,3.4372819931696688,84.53854941062215,5323.583788170502,0,0.532353185425009,high,True
50.56936170212766,7.11031746031746,49.946384831556635,86.89249081305414,109.27120358079264,170.36861440559355,3.701385255753573,90.36861440559355,5370.49974288464,0,0.5345953018757688,high,True
50.56936170212766,7.116666666666666,47.54814130655597,83.38759495982222,101.95281088470205,175.86578404241186,2.5596684903537454,95.86578404241186,5411.324910946994,0,0.5348883542823437,high,True
50.56936170212766,7.123015873015873,46.709852802973415,88.63210814331784,109.77112540091753,176.74080360933735,1.9652220827598368,96.74080360933735,5445.653553495369,0,0.5466696448491852,high,True
50.56936170212766,7.129365079365079,49.40762205742595,86.59624599267624,108.71479718589987,175.0675129967884,3.164054952964886,95.0675129967884,5473.1444970573975,0,0.5376210974994673,high,True
50.56936170212766,7.135714285714285,44.85003835368523,85.18561400398947,105.93385443959983,178.46964730370982,2.931673463744213,98.46964730370982,5493.524524284858,0,0.536389364681305,high,True
50.56936170212766,7.1420634920634924,46.58417404409442,83.76416159871377,100.67428533790675,177.3392366349068,2.8389583316241236,97.3392366349068,5506.591089311825,0,0.5317478964604125,high,True
50.56936170212766,7.148412698412699,49.78357402810896,89.03266529715711,107.1151161818674,180.37228748452017,3.346779247701311,100.37228748452017,5512.214330744129,0,0.5348032545305254,high,True
50.56936170212766,7.154761904761905,46.5699453878456,84.06412803870015,104.09154733908451,176.66345886871534,3.0394113738736293,96.66345886871534,5510.338362282553,0,0.5338288048465936,high,True
50.56936170212766,7.161111111111111,50.46592352233185,89.83555857274789,108.01417373613758,173.75916659637818,3.4417605286429604,93.75916659637818,5500.981828143658,0,0.5350691035451844,high,True
50.56936170212766,7.167460317460318,47.99149131762186,86.40060513704819,102.1439981730521,175.94676936649753,3.494127452040973,95.94676936649753,5484.2377177683375,0,0.5288498151594456,high,True
50.56936170212766,7.173809523809524,48.79691342875066,88.70628555175225,101.45834474848985,162.05602865956786,1.9711772496722526,82.05602865956786,5460.27244164712,0,0.5383171630840081,high,True
50.56936170212766,7.18015873015873,48.87268519645124,89.12926901781564,109.80742961087986,174.24990896939158,2.9300118316263886,94.24990896939158,5429.324177460849,0,0.5402740174000372,high,True
50.56936170212766,7.186507936507937,46.912204746194924,85.40977582665205,101.59897172755137,156.84414326349267,4.204379694404817,76.84414326349267,5391.700502964618,0,0.5235697737648526,high,True
50.56936170212766,7.192857142857143,46.2237857933246,87.19534790036766,102.8774872087281,163.0601568867374,4.40578889131774,83.06015688673739,5347.775339137236,0,0.5235055612666097,high,True
50.56936170212766,7.199206349206349,46.83573570922755,82.51884268593827,99.69360801350197,170.09386089382204,3.388028948012233,90.09386089382204,5297.985233991227,0,0.5271067483600871,high,True
50.56936170212766,7.205555555555556,45.58736922472513,82.85613455780107,97.59192263412038,168.36807050386847,2.2024135280184454,88.36807050386847,5242.8250239617355,0,0.532909165780664,high,True
50.56936170212766,7.211904761904762,47.033304180642396,84.87285049330225,100.83850627274921,159.84125852846435,2.5507744693402983,79.84125852846435,5182.842915996652,0,0.5338333431438138,high,True
50.56936170212766,7.218253968253968,47.195200499773335,88.2930704102191,104.99274570902209,159.56209255480806,2.8150172291432964,79.56209255480806,5118.635039233304,0,0.5362259641814,high,True
50.56936170212766,7.224603174603175,49.80971837815203,89.98824954329389,109.47127352744226,165.72409327960153,2.4157770050915763,85.72409327960153,5050.839520398256,0,0.5433660934934984,high,True
50.56936170212766,7.230952380952381,48.24369026101907,86.49337839143516,105.50871113801956,156.0748365926676,2.540700385384857,76.0748365926676,4980.130141815522,0,0.5385707085687872,high,True
50.56936170212766,7.237301587301587,50.97877468120134,92.0847700375111,107.33688008630085,164.71484594411464,2.727806089615323,84.71484594411464,4907.209645057087,0,0.539151506155532,high,True
50.56936170212766,7.243650793650794,44.27902165213692,84.31503247364853,103.0988505094619,153.4559467759355,2.8154860039930534,73.4559467759355,4832.802746780921,0,0.5343289438161749,high,True
50.56936170212766,7.25,45.77789174483922,87.93729163789394,103.81137095519514,152.82870423672767,2.953377939650906,72.82870423672767,4757.6489361701915,0,0.5341221846908557,high,True
50.56574468085106,6.85,47.53896539202128,89.39466417566507,108.04216962572212,146.15477690590063,3.662161702029599,66.15477690590063,4356.159574467959,0,0.5336277582788581,high,True
50.56574468085106,6.856349206349206,50.40107015445504,92.90177951149998,111.27394118572842,138.1696664669962,2.795000984528228,58.169666466996205,4281.005763857231,0,0.5426406012888736,high,True
50.56574468085106,6.862698412698412,48.0882498679364,89.97288724901999,108.56561377277052,131.64975528686622,3.690922411330161,51.649755286866224,4206.598865581064,0,0.5339594643639027,high,True
50.56574468085106,6.869047619047619,46.14017749097318,85.31247334904492,102.34857648946046,133.30726827918681,1.6719288326218482,53.307268279186815,4133.678368822629,0,0.5412023842719814,high,True
50.56574468085106,6.875396825396825,48.06160614712032,88.28654151368669,110.19984871724489,131.78073167715496,2.713918174441887,51.78073167715496,4062.968990239895,0,0.5421070608876323,high,True
50.56574468085106,6.881746031746031,46.71739816034957,87.38496041638854,106.57039391996992,124.74586384948023,1.9402229928370356,44.74586384948023,3995.173471404847,0,0.543635573967723,high,True
50.56574468085106,6.888095238095238,46.50405085463083,86.4106462637947,104.05727743160354,127.58074956132354,1.664328800774992,47.58074956132354,3930.965594641499,0,0.5429617520931036,high,True
50.56574468085106,6.894444444444444,51.668701776953064,92.34766280699125,112.65396298442431,124.16333913398111,2.881688368645253,44.16333913398111,3870.9834866764154,0,0.543442707193456,high,True
50.56574468085106,6.90079365079365,48.213414655003874,90.13513474266075,108.85847714103346,129.49587555585487,2.1529465380196244,49.495875555854866,3815.823276646924,0,0.5445055002209026,high,True
50.56574468085106,6.907142857142857,49.06449248932822,89.96980240051153,107.92550503915949,124.74950356554997,3.009532487030141,44.74950356554997,3766.033171500915,0,0.5378619551256252,high,True
50.56574468085106,6.913492063492063,48.72206409030896,94.01302303078197,111.71004360952071,122.44529889056084,2.309376045209914,42.445298890560835,3722.1080076735334,0,0.5463142033081212,high,True
50.56574468085106,6.919841269841269,48.53309964728501,91.01502788050139,105.55143509572324,122.27525022497395,1.5484529161199327,42.275250224973945,3684.4843331773022,0,0.5452284156549236,high,True
50.56574468085106,6.926190476190476,47.68970229056231,87.4702186356527,104.89018025621914,122.8781515758333,1.704602962181705,42.8781515758333,3653.5360689910303,0,0.5435261605083411,high,True
50.56574468085106,6.932539682539682,48.51609559217187,93.48964837307508,110.23730079958031,123.9039190402833,1.9783415972794895,43.9039190402833,3629.5707928698134,0,0.547048356817717,high,True
50.56574468085106,6.938888888888888,49.50986276166432,89.98587365080735,107.32971183637139,117.05637998187373,1.6067826722595517,37.05637998187373,3612.826682494493,0,0.5650154524679303,high,True
50.56574468085106,6.9452380952380945,51.144254839408234,90.74370218378067,110.53930712430684,116.67650325559771,2.168313328583966,36.67650325559771,3603.4701483555978,0,0.5668557395862613,high,True
50.56574468085106,6.951587301587302,50.4399216466337,90.70963366631915,109.45221138147383,125.21905609463813,2.7908140683054876,45.219056094638134,3601.594179894022,0,0.5408467842594372,high,True
50.56574468085106,6.957936507936508,47.182776746905944,88.78340401321657,108.51194189783101,119.27849598456417,1.7503538625741382,39.278495984564174,3607.217421326325,0,0.5513523162438106,high,True
50.56574468085106,6.964285714285714,50.477021284565375,87.42136776220565,103.84424653401342,115.55752119382899,2.277848491218158,35.55752119382899,3620.283986353293,0,0.5664240824644612,high,True
50.56574468085106,6.970634920634921,49.68067963023248,90.33018050187809,110.1968726316251,123.4655896237797,2.770872807108667,43.46558962377971,3640.6640135807534,0,0.5417243872509007,high,True
50.56574468085106,6.976984126984127,47.99453258563822,91.00815078201342,111.51120348811193,124.17580927240253,3.214274767251335,44.17580927240253,3668.154957142782,0,0.5400827050397696,high,True
50.56574468085106,6.983333333333333,49.160092740301934,89.79823295628567,107.54443312799205,116.99532771812525,2.7790460607969627,36.99532771812525,3702.483599691156,0,0.5577966611510627,high,True
50.56574468085106,6.98968253968254,49.69250678307207,90.77628127922023,109.61081160314868,124.99223719883543,3.2915384036302164,44.992237198835426,3743.3087677535113,0,0.5376672222456139,high,True
50.56574468085106,6.996031746031746,48.84422865849568,90.3184158017863,106.95953856447196,128.12835780529377,1.1346158396800328,48.128357805293774,3790.2247224676485,0,0.5493954329666051,high,True
50.56574468085106,7.002380952380952,49.42676252517451,89.36377904565109,106.38662003816341,127.94500038570285,2.5282084788620907,47.945000385702855,3842.7651919986233,0,0.5395318968457494,high,True
50.56574468085106,7.008730158730159,47.33869462291328,89.61852334441119,110.00566175499252,130.37928760149737,1.72676813053617,50.37928760149737,3900.4080055543895,0,0.5484938742180847,high,True
50.56574468085106,7.015079365079365,51.54392452492515,91.8318120150893,110.4512099596328,123.77193929146102,2.9239417758554844,43.771939291461024,3962.580282957134,0,0.5409582647872629,high,True
50.56574468085106,7.021428571428571,45.57803500525112,86.55827947649033,101.51964900657123,132.37423103069145,2.341378756122119,52.37423103069145,4028.664128182058,0,0.5359104572990905,high,True
50.56574468085106,7.027777777777778,49.25268212495611,89.32453434211115,110.5285159841469,131.61199248415704,2.2449690715907207,51.61199248415704,4098.002770286037,0,0.5455620555068754,high,True
50.56574468085106,7.034126984126984,48.84759369388077,83.91231448173902,102.11029953881254,132.76123913156107,2.364862928798641,52.76123913156107,4169.907090691638,0,0.536344546680155,high,True
50.56574468085106,7.04047619047619,49.171951874761405,89.35583643831605,105.8875741616045,140.12648022866517,3.2968480919837835,60.12648022866517,4243.662471958075,0,0.5339085868817126,high,True
50.56574468085106,7.046825396825397,47.05455052630923,88.07199665968368,111.72431787594778,144.57780475425187,2.201768041297008,64.57780475425187,4318.53589997094,0,0.5470458642673011,high,True
50.56574468085106,7.053174603174603,49.780867967612586,90.8079988804408,108.04905458024436,147.90023698120422,2.400315817708665,67.90023698120422,4393.783248964979,0,0.5420469491288533,high,True
50.56574468085106,7.059523809523809,47.77635179072935,84.46893332493076,102.31361320017382,148.0691458508811,2.463076027740766,68.06914585088111,4468.656676977844,0,0.5358931063485687,high,True
50.56574468085106,7.065873015873016,46.07238440570557,83.36688472541545,103.49989826498259,144.4614490713518,2.576366960554753,64.46144907135181,4542.412058244281,0,0.5363241185279509,high,True
50.56574468085106,7.072222222222222,46.125814325518235,84.95807196394288,101.26389985155559,148.38221611180876,2.8088562896293086,68.38221611180876,4614.316378649882,0,0.5325381912540268,high,True
50.56574468085106,7.078571428571428,47.87510555082581,87.07452430919139,102.82213951389771,152.0664859753117,3.3304474078199475,72.0664859753117,4683.65502075386,0,0.5306191567950981,high,True
50.56574468085106,7.084920634920635,45.2176805844021,86.58351967873043,103.24814897715765,151.4447252392093,2.839475072059687,71.4447252392093,4749.738865978785,0,0.5343183151634263,high,True
50.56574468085106,7.091269841269841,50.24267849368736,93.30742962502411,110.22363769035948,153.35290759009402,3.2186306124705655,73.35290759009402,4811.911143381529,0,0.538766100273889,high,True
50.56574468085106,7.097619047619047,49.050385381581165,90.53523515708201,109.0685421883788,157.88020024473153,2.5855902787847103,77.88020024473153,4869.553956937296,0,0.5418312736631474,high,True
50.56574468085106,7.103968253968254,50.15850612357649,90.29124301350569,107.86989292447736,155.96622652285865,2.6396230368732505,75.96622652285865,4922.09442646827,0,0.540272406011989,high,True
50.56574468085106,7.11031746031746,49.94822697007139,92.10110167428591,108.89469934555429,154.74582861858883,2.865218077338202,74.74582861858883,4969.010381182407,0,0.539793245496633,high,True
50.56574468085106,7.116666666666666,46.79310232824774,84.28043241544121,103.62873663440709,157.2864776133196,3.919763257153403,77.28647761331959,5009.835549244763,0,0.5274969815867177,high,True
50.56574468085106,7.123015873015873,45.97919747071925,82.80713001298571,100.71548922429702,162.56561110745213,3.1327314643749653,82.56561110745213,5044.1641917931365,0,0.5298306127951306,high,True
50.56574468085106,7.129365079365079,43.236402162510615,85.66370685045733,104.68917398713937,160.9166544553109,2.3692812415344755,80.91665445531089,5071.655135355165,0,0.5388939657102428,high,True
50.56574468085106,7.135714285714285,46.621439923845635,87.70633427483713,105.68213305240644,162.91704517834899,3.412174783061226,82.91704517834899,5092.035162582626,0,0.5329343011653316,high,True
50.56574468085106,7.1420634920634924,49.86502185310138,92.53057866255456,107.88457695302581,164.6556186161591,3.2769142569028467,84.6556186161591,5105.101727609594,0,0.5360384819070068,high,True
50.56574468085106,7.148412698412699,45.96864183299781,86.0343877618959,104.13616482126889,160.6566259420158,4.013168166752999,80.65662594201581,5110.724969041897,0,0.5273817103762488,high,True
50.56574468085106,7.154761904761905,46.89757912509218,85.98580282431278,106.99601809463489,165.12068233284452,3.206046491987245,85.12068233284452,5108.8490005803205,0,0.5356223748147199,high,True
50.56574468085106,7.161111111111111,46.390801009315595,85.2417573074269,105.41732126012315,163.31062931754184,3.6555507813133032,83.31062931754184,5099.492466441426,0,0.5310469827180344,high,True
50.56574468085106,7.167460317460318,47.80342487254307,87.72450520155874,108.62153910497202,156.31974129452985,3.5262800584737346,76.31974129452985,5082.748356066105,0,0.5351130053818138,high,True
50.56574468085106,7.173809523809524,49.196283284646235,89.0786014839143,105.95595231909786,166.26374324067046,1.486935228098858,86.26374324067046,5058.783079944888,0,0.5460430507984388,high,True
50.56574468085106,7.18015873015873,44.992322052883644,89.23762848938287,106.70170638504163,157.50967036196337,2.9871302608979793,77.50967036196337,5027.834815758617,0,0.5367875046457218,high,True
50.56574468085106,7.186507936507937,45.32096288430638,85.28159334983897,104.09982436950324,151.70672185273253,0.547319433528214,71.70672185273253,4990.211141262385,0,0.5504510281459818,high,True
50.56574468085106,7.192857142857143,49.621242179283236,92.09304678665997,111.24103386111585,152.77408523030937,2.3411140489196627,72.77408523030937,4946.285977435004,0,0.5456336068683181,high,True
50.56574468085106,7.199206349206349,48.54642241402675,88.82614712259746,102.60999710222536,151.32860925358733,2.3857957292808933,71.32860925358733,4896.495872288995,0,0.5367046922403527,high,True
50.56574468085106,7.205555555555556,47.11965299541239,86.40993565524232,104.97249620767778,153.93196685409347,2.907631979988288,73.93196685409347,4841.335662259503,0,0.5355882830077558,high,True
50.56574468085106,7.211904761904762,50.1371471143728,90.81362644094091,111.96216682421965,150.81238763927632,2.3811904571247706,70.81238763927632,4781.353554294419,0,0.5460875637767212,high,True
50.56574468085106,7.218253968253968,45.60212079771844,85.38119649507354,106.76557273751438,148.64215739011493,2.205054818292969,68.64215739011493,4717.145677531072,0,0.5420652072822278,high,True
50.56574468085106,7.224603174603175,49.12435211921533,90.72246437991137,108.32289764147878,150.47095148581644,3.2910452325740067,70.47095148581644,4649.350158696024,0,0.5363825960909854,high,True
50.56574468085106,7.230952380952381,47.70709535128503,90.04892103742574,107.48032936068634,147.2992620990449,2.4541255208286623,67.29926209904491,4578.64078011329,0,0.5411194925551619,high,True
50.56574468085106,7.237301587301587,48.804512418997646,89.97452453753114,109.45528989250904,145.12033352508826,3.8435441985677783,65.12033352508826,4505.7202833548545,0,0.5338316619020572,high,True
50.56574468085106,7.243650793650794,44.40175488840881,84.72471998267514,105.66274116292348,143.40384535268024,3.2196099758430208,63.403845352680236,4431.313385078688,0,0.5341986746573033,high,True
50.56574468085106,7.25,47.680928343677806,88.40807346676945,105.4890046257025,142.15181798391515,3.424056731463989,62.15181798391515,4356.159574467959,0,0.5326619597492759,high,True
50.562127659574465,6.85,49.66981809874424,89.51582051238387,106.13955552897289,120.76021922682152,2.969793433001108,40.76021922682152,3954.670212765727,0,0.5363409326422988,high,True
50.562127659574465,6.856349206349206,48.5646225466201,86.75546682179224,108.94371452428939,125.88237272316879,2.472516964224495,45.882372723168785,3879.516402154998,0,0.5424602680961261,high,True
50.562127659574465,6.862698412698412,50.63749853982213,92.24165121933578,111.12051728939667,116.8207866683918,2.027535023411353,36.820786668391804,3805.1095038788317,0,0.5674737004558722,high,True
50.562127659574465,6.869047619047619,50.681157562185724,89.700980625028,107.82437781606254,123.95708732256797,2.1918325863090327,43.95708732256797,3732.1890071203966,0,0.5432121605740023,high,True
50.562127659574465,6.875396825396825,47.50247658773318,85.15956235587666,105.93143431056353,122.14990149900508,1.7408963511392062,42.14990149900508,3661.479628537663,0,0.5443254586363021,high,True
50.562127659574465,6.881746031746031,50.26516283664358,91.42046356470232,106.14372306392565,124.80344808382041,1.3868208763519727,44.80344808382041,3593.6841097026145,0,0.5468982505549125,high,True
50.562127659574465,6.888095238095238,47.62502689598583,87.79918259256718,107.74651751352968,123.93327246986284,2.33335619395774,43.93327246986284,3529.476232939267,0,0.5421908095538114,high,True
50.562127659574465,6.894444444444444,49.27492455022722,90.79072268778228,114.30928907307978,118.67336034304692,1.5328904122257692,38.67336034304692,3469.4941249741833,0,0.5623815175141981,high,True
50.562127659574465,6.90079365079365,50.25208327998734,92.19385868603788,109.08705453757773,114.66646987600366,1.6806932688607086,34.66646987600366,3414.3339149446915,0,0.5812169960201501,high,True
50.562127659574465,6.907142857142857,48.082192293365225,91.7480818010649,112.5951553994363,117.54692403142508,1.752694811558786,37.54692403142508,3364.5438097986826,0,0.566242248125971,high,True
50.562127659574465,6.913492063492063,50.575161376543996,90.65747045319833,105.7668721549717,112.5709757414611,1.4094387128112897,32.5709757414611,3320.618645971301,0,0.5928020156854312,high,True
50.562127659574465,6.919841269841269,48.688096822299514,88.89749366180985,109.26677810773418,113.8955970932799,1.3879209589405974,33.8955970932799,3282.9949714750696,0,0.5881664898817974,high,True
50.562127659574465,6.926190476190476,48.61751163064072,91.46955379659184,115.05616910421003,117.20956392183386,1.5157523771486874,37.20956392183386,3252.046707288798,0,0.5723913787450905,high,True
50.562127659574465,6.932539682539682,50.58150172996317,90.2432281356578,111.21831690651085,110.54546061888482,1.8775361073814878,30.545460618884817,3228.0814311675813,0,0.6077922806559375,high,True
50.562127659574465,6.938888888888888,48.290658201435896,92.48922092327844,112.4444070810697,115.66011747320393,1.2344742566468658,35.660117473203925,3211.3373207922605,0,0.5813388444958993,high,True
50.562127659574465,6.9452380952380945,48.22728938747643,87.60042378591926,108.30972916397404,114.9582648881423,1.4098058821253636,34.958264888142295,3201.9807866533656,0,0.5804218677322489,high,True
50.562127659574465,6.951587301587302,51.12186990575379,93.27451977930266,111.2926167388766,108.39171568711005,2.8629525509646023,28.39171568711005,3200.1048181917895,0,0.6147580433546747,high,True
50.562127659574465,6.957936507936508,49.715200078461315,87.32551741551472,110.969664464744,116.21976120256258,1.5654657152784532,36.21976120256258,3205.728059624093,0,0.5741597188468714,high,True
50.562127659574465,6.964285714285714,47.35314778730648,87.58676912497882,105.56147611539856,115.38249420499355,1.8625795271874555,35.38249420499355,3218.7946246510605,0,0.5720036904862725,high,True
50.562127659574465,6.970634920634921,50.789714886936416,93.98167788486438,111.91180959788034,113.40990817556373,2.503887938919621,33.40990817556373,3239.174651878521,0,0.5864072972411428,high,True
50.562127659574465,6.976984126984127,48.85859434658454,92.62616431708496,109.74492964958651,110.51546874004143,1.53399420266612,30.515468740041428,3266.66559544055,0,0.6087966220065535,high,True
50.562127659574465,6.983333333333333,47.3170103266644,93.54918408666593,113.87261650383444,110.83709404379294,0.8708491339342103,30.837094043792945,3300.994237988924,0,0.6153351178372337,high,True
50.562127659574465,6.98968253968254,45.60496562352156,89.12468424784868,106.03674245560313,112.97627810527014,1.603674556674564,32.97627810527014,3341.8194060512787,0,0.589243840586501,high,True
50.562127659574465,6.996031746031746,50.657522840637206,87.52482262482218,101.49752646053378,118.29052669387882,2.4223435644363764,38.29052669387882,3388.7353607654163,0,0.5460327775275486,high,True
50.562127659574465,7.002380952380952,47.941811350631035,85.95125116868522,105.94678271038578,113.42637692117553,2.699136778402275,33.42637692117553,3441.2758302963907,0,0.5790376817636902,high,True
50.562127659574465,7.008730158730159,47.2888736144451,84.65597142912921,102.66594689133457,120.25724639327912,2.429793198885766,40.25724639327912,3498.918643852157,0,0.5364673255654294,high,True
50.562127659574465,7.015079365079365,50.03126302772001,95.3528680012623,112.3371561563181,114.92080204656568,1.3710696059021832,34.92080204656568,3561.090921254902,0,0.5849416793259347,high,True
50.562127659574465,7.021428571428571,50.19387477087449,91.25899190896682,113.04321793520634,120.56569792997516,2.4182168540441644,40.56569792997516,3627.1747664798254,0,0.5469217722415786,high,True
50.562127659574465,7.027777777777778,47.714046998621704,89.54282461893818,107.56371077573496,123.41783720197606,2.1726776134769317,43.417837201976056,3696.5134085838044,0,0.5430791933525554,high,True
50.562127659574465,7.034126984126984,50.17065310472354,90.30323925432562,109.47129755093523,134.4480877315507,2.143746974999608,54.448087731550686,3768.417728989405,0,0.5451796510509378,high,True
50.562127659574465,7.04047619047619,51.789492311266834,93.09776686092246,110.9452378540116,120.9238800902789,2.4604139089290107,40.9238800902789,3842.1731102558424,0,0.5445424784611514,high,True
50.562127659574465,7.046825396825397,50.6320629222063,90.11034408594321,108.81495425756641,134.14854360752437,3.574931045782084,54.148543607524374,3917.046538268707,0,0.5349820806190192,high,True
50.562127659574465,7.053174603174603,50.303986284419196,88.23518258433654,106.91092213872926,130.73185435279322,2.9249392653992032,50.73185435279322,3992.293887262747,0,0.5374113270360679,high,True
50.562127659574465,7.059523809523809,48.89527705177353,88.96040198546723,108.78860860466528,133.67522367959745,2.982665662563113,53.67522367959745,4067.167315275611,0,0.5389041708542445,high,True
50.562127659574465,7.065873015873016,47.667432210456006,88.87746623779145,109.24309023568088,134.40811663062027,2.7256668049940487,54.40811663062027,4140.9226965420485,0,0.5410719782023872,high,True
50.562127659574465,7.072222222222222,48.16119694791388,87.80224719801821,107.24234308442439,137.6029746348934,2.72330586374814,57.6029746348934,4212.827016947649,0,0.5390869706594368,high,True
50.562127659574465,7.078571428571428,48.82204005443664,87.98806699273412,108.79010485377626,137.062058777753,3.0418464940200662,57.06205877775301,4282.165659051629,0,0.5385111282269758,high,True
50.562127659574465,7.084920634920635,46.19518450862947,81.9538847087706,97.87475069514369,145.28691225363627,2.707113380471289,65.28691225363627,4348.249504276552,0,0.5298273281586684,high,True
50.562127659574465,7.091269841269841,46.85320559147724,88.8627294165399,103.16697191288998,139.35763709325133,1.8153884540025211,59.35763709325133,4410.421781679297,0,0.5410643822195398,high,True
50.562127659574465,7.097619047619047,45.79739615695037,85.21482553910978,105.31913152405176,147.32220955809072,3.018179675574174,67.32220955809072,4468.064595235063,0,0.5351979336868906,high,True
50.562127659574465,7.103968253968254,48.23001309894134,86.28276159036028,105.08455387981851,141.70127178502983,2.7084859929313057,61.70127178502983,4520.605064766038,0,0.5370279805936098,high,True
50.562127659574465,7.11031746031746,47.94698225580031,84.12972214406742,101.45213883277125,145.3788574666273,3.268760881386232,65.3788574666273,4567.521019480175,0,0.5296603996235297,high,True
50.562127659574465,7.116666666666666,46.79588597988621,84.75190939100287,100.14627823551602,142.51029686060923,2.9254196477774537,62.51029686060923,4608.34618754253,0,0.5306434805836663,high,True
50.562127659574465,7.123015873015873,48.96598350466863,86.69081980307934,103.06045596401432,149.61713851807724,3.3801255540564035,69.61713851807724,4642.674830090904,0,0.5305262856036382,high,True
50.562127659574465,7.129365079365079,46.13665294853286,85.74578856547458,105.95296828170865,154.3828258424416,3.017384849064444,74.3828258424416,4670.165773652932,0,0.5358370692879457,high,True
50.562127659574465,7.135714285714285,46.645385142446486,86.35739676140643,109.36023754206218,148.89294785635138,2.3260484929394285,68.89294785635138,4690.5458008803935,0,0.5438532475891327,high,True
50.562127659574465,7.1420634920634924,48.83594511096356,87.10049967609007,106.22420134846745,148.80092420027506,3.129509018071689,68.80092420027506,4703.612365907361,0,0.5353608078946561,high,True
50.562127659574465,7.148412698412699,49.05193908220804,91.8025135040867,107.95117164759944,145.29648678277945,1.9627477187219513,65.29648678277945,4709.235607339664,0,0.5448661868561198,high,True
50.562127659574465,7.154761904761905,46.467274042444494,89.55329006925525,107.07156479655009,148.782220000876,3.051145762004254,68.78222000087601,4707.359638878089,0,0.536730593049855,high,True
50.562127659574465,7.161111111111111,48.0196477629067,85.95152122402067,100.24916944893698,143.05141440918976,2.9014208123596466,63.05141440918976,4698.003104739193,0,0.530906364033206,high,True
50.562127659574465,7.167460317460318,46.52258934920555,85.52253444435152,104.5879999751894,145.27710449803234,2.2916283902060135,65.27710449803234,4681.258994363872,0,0.539310477373816,high,True
50.562127659574465,7.173809523809524,47.42236469833035,89.3066023051139,110.43567507539332,149.1318196726301,3.454275953227575,69.13181967263009,4657.293718242656,0,0.5374071687205428,high,True
50.562127659574465,7.18015873015873,47.969860742202016,86.1753815493201,106.70576620500795,152.5970189404178,1.9149688297861769,72.5970189404178,4626.345454056384,0,0.5439393073397667,high,True
50.562127659574465,7.186507936507937,48.638278127803886,88.16626155310685,103.3257243231454,157.46728883083426,3.1704813742634714,77.46728883083426,4588.721779560153,0,0.5321891818280555,high,True
50.562127659574465,7.192857142857143,48.32525828962329,88.63547384171359,107.43932119391249,142.62220277998802,3.205528373992842,62.622202779988015,4544.796615732771,0,0.5360691320339601,high,True
50.562127659574465,7.199206349206349,48.31703018497479,88.12694186124708,109.20228644505895,149.29402742844647,2.3818372541524564,69.29402742844647,4495.0065105867625,0,0.5433233714173759,high,True
50.562127659574465,7.205555555555556,46.3546267896638,89.18119151195779,106.305396645665,142.97763742505356,2.8073710697272136,62.97763742505356,4439.846300557271,0,0.5375895895141501,high,True
50.562127659574465,7.211904761904762,48.62607779483708,85.80073495728155,101.3551610908964,139.73364858623444,2.114602866360566,59.73364858623444,4379.8641925921875,0,0.5372578086484926,high,True
50.562127659574465,7.218253968253968,48.947166361920004,87.87032015970098,102.11234549062698,140.31288110525696,2.148717802836743,60.31288110525696,4315.656315828839,0,0.537787560138382,high,True
50.562127659574465,7.224603174603175,49.23584549189406,90.6960685276542,108.70869214955394,137.00405735666948,2.9718037491902547,57.00405735666948,4247.860796993791,0,0.5388966671549522,high,True
50.562127659574465,7.230952380952381,47.20930025495441,87.81039234598805,106.37723408944572,135.32418059136037,2.202911593684293,55.324180591360374,4177.151418411057,0,0.5416911567982171,high,True
50.562127659574465,7.237301587301587,49.75159034562692,90.33282373146712,114.07761387922945,131.34982023853445,2.3367583328213604,51.34982023853445,4104.230921652622,0,0.5484992249937537,high,True
50.562127659574465,7.243650793650794,46.49466410699484,89.57387813745808,107.1176826676986,125.48703171821616,2.6147364652573257,45.48703171821616,4029.824023376456,0,0.5396861062326498,high,True
50.562127659574465,7.25,47.91839579362361,86.6546335007852,106.57929059149123,123.01753178384295,2.203112858318616,43.017531783842955,3954.670212765727,0,0.5418918715360338,high,True
50.558510638297875,6.85,48.669338643060954,92.10923719174859,106.63167720675858,122.32379890842051,1.5660209897720978,42.323798908420514,3553.180851064283,0,0.5461915372749446,high,True
50.558510638297875,6.856349206349206,47.28888760603726,90.0176980582753,106.97999347002707,116.94192660122668,2.3059186798517213,36.94192660122668,3478.027040453554,0,0.5607201610133488,high,True
50.558510638297875,6.862698412698412,48.84625464130867,89.65148863604054,109.04748954559462,114.05380054378367,0.6906515544820403,34.053800543783666,3403.620142177388,0,0.5916068924503998,high,True
50.558510638297875,6.869047619047619,49.71327334212954,94.70496915524505,112.65249312575298,114.92757315102033,1.915540975752408,34.927573151020326,3330.699645418953,0,0.5815848877601932,high,True
50.558510638297875,6.875396825396825,46.738994031220315,85.80137969060512,104.73642089908337,116.60745466488986,1.8996908100371517,36.60745466488986,3259.9902668362192,0,0.5632752238432741,high,True
50.558510638297875,6.881746031746031,48.97904448462913,86.82544700515955,106.99597140784715,112.77329678247986,1.9143971786664817,32.77329678247986,3192.194748001171,0,0.5894002186595715,high,True
50.558510638297875,6.888095238095238,47.03768949133887,88.58066902161664,108.3499998389381,108.15120570404308,3.4797964467368696,28.15120570404308,3127.986871237823,0,0.6092063212104231,high,True
50.558510638297875,6.894444444444444,52.80659076932983,91.7725419953622,107.81385565206988,114.51161811203664,2.6317917757086513,34.51161811203664,3068.004763272739,0,0.5745709639471165,high,True
50.558510638297875,6.90079365079365,50.140816941703704,92.70659468624015,112.84727073061623,114.86815935534041,2.133479768132372,34.86815935534041,3012.844553243248,0,0.5806980763055228,high,True
50.558510638297875,6.907142857142857,50.08150972428526,92.83455792731381,112.91722023913627,109.59376321430298,2.156609039900586,29.59376321430298,2963.054448097239,0,0.6154260841455435,high,True
50.558510638297875,6.913492063492063,50.30360159870543,89.4878048233266,109.27696830595418,110.69749823907799,1.573342019723185,30.697498239077987,2919.129284269857,0,0.6109721933000694,high,True
50.558510638297875,6.919841269841269,50.91627402157105,93.92989517331097,109.15998003732793,111.08423093723344,2.357941980593177,31.084230937233443,2881.505609773626,0,0.605088642986983,high,True
50.558510638297875,6.926190476190476,51.521336438564155,97.11579899423253,116.53384308480429,110.07880457072672,2.5831064102593566,30.078804570726717,2850.5573455873546,0,0.6187927378366656,high,True
50.558510638297875,6.932539682539682,47.743437327601,85.98992218740025,104.80910990780107,107.58685997194694,1.8043047845499771,27.586859971946936,2826.5920694661377,0,0.6290329330461593,high,True
50.558510638297875,6.938888888888888,52.078315469954774,93.48820656234781,110.05189221807734,107.22699862355161,0.8745980117296095,27.22699862355161,2809.847959090817,0,0.6435600994548083,high,True
50.558510638297875,6.9452380952380945,51.99537719686848,92.9453866210732,112.56138553109349,106.74714083338485,1.3644624505651632,26.747140833384847,2800.4914249519215,0,0.6462707677377411,high,True
50.558510638297875,6.951587301587302,50.02984606031618,90.2823747862129,111.34426688934596,100.2461094793859,1.373771480426107,20.246109479385893,2798.615456490346,0,0.6857168332824928,high,True
50.558510638297875,6.957936507936508,49.943101471224324,91.06444101799826,109.43213096745232,107.53745203277664,2.23658573811527,27.537452032776642,2804.2386979226494,0,0.6322005492790307,high,True
50.558510638297875,6.964285714285714,45.44808766830309,85.92549334873854,101.6994898999657,99.54234569762788,2.551805723689025,19.54234569762788,2817.305262949617,0,0.6716825279843838,high,True
50.558510638297875,6.970634920634921,48.20672301839049,89.34791468425445,108.32029506970692,102.14970614473431,2.8799673482886226,22.14970614473431,2837.6852901770776,0,0.6588005848343395,high,True
50.558510638297875,6.976984126984127,50.81128383791517,91.33465187756178,112.42249012660851,111.03548886660037,1.6201330102462113,31.035488866600375,2865.1762337391065,0,0.6143909862884261,high,True
50.558510638297875,6.983333333333333,51.78455308016606,95.2102605144047,112.48371283488324,109.80456163915109,1.758021550823034,29.80456163915109,2899.5048762874803,0,0.6195098151036613,high,True
50.558510638297875,6.98968253968254,51.01842891404852,91.32759834705382,110.37492642601323,113.14317314686309,1.5286835495830975,33.14317314686309,2940.330044349835,0,0.5960223683767398,high,True
50.558510638297875,6.996031746031746,49.74479415217037,87.8853574977926,109.46000214547712,106.9816082104289,2.885888339024523,26.981608210428902,2987.2459990639727,0,0.622223395283601,high,True
50.558510638297875,7.002380952380952,52.67282348526912,91.28838275926587,111.63240658971571,104.45533873691403,1.6897994804803134,24.45533873691403,3039.786468594947,0,0.6475212096141343,high,True
50.558510638297875,7.008730158730159,51.2107646907984,91.00901257268467,109.22992584572071,109.21531784220304,2.1007207685483755,29.215317842203035,3097.4292821507133,0,0.6126293842082959,high,True
50.558510638297875,7.015079365079365,49.025534652363014,92.46910136475188,115.34662655494088,111.80879132863403,1.1765542244245635,31.80879132863403,3159.601559553458,0,0.608697985921481,high,True
50.558510638297875,7.021428571428571,52.79799271013067,96.51532412747758,114.12224764756053,113.04386248945205,1.7670424793631851,33.04386248945205,3225.685404778382,0,0.5958178238927306,high,True
50.558510638297875,7.027777777777778,47.785432978848725,90.34258179621354,107.85046001877748,118.68477625968592,2.564605821944879,38.68477625968592,3295.024046882361,0,0.5489732362494413,high,True
50.558510638297875,7.034126984126984,47.12412722089661,87.75440434239559,112.80388534378372,114.2116863354948,2.675985974952446,34.211686335494804,3366.9283672879615,0,0.5811409392472582,high,True
50.558510638297875,7.04047619047619,48.6008246531037,92.7437026770971,114.95319512485341,118.64419902028479,1.7284717227670578,38.64419902028479,3440.683748554399,0,0.5619038064296265,high,True
50.558510638297875,7.046825396825397,47.994543833818575,89.79632998848251,108.29907512924683,114.91978887317333,2.4552242577304835,34.91978887317333,3515.5571765672635,0,0.5736822329537103,high,True
50.558510638297875,7.053174603174603,48.48556707534642,88.98323700848852,108.33989980516442,122.35751524240004,2.310090645862877,42.35751524240004,3590.8045255613033,0,0.5429392954994119,high,True
50.558510638297875,7.059523809523809,50.13198052440515,92.55935294547626,110.98571109889656,122.27762535029203,2.9428281110103147,42.27762535029203,3665.6779535741675,0,0.5413668570254945,high,True
50.558510638297875,7.065873015873016,48.78811399022846,89.71040622018225,109.34066614164098,120.98384430246435,2.3792421982018896,40.98384430246435,3739.433334840605,0,0.5434790514869616,high,True
50.558510638297875,7.072222222222222,48.7341264733197,89.22710726891992,105.43540280513554,124.74751531516253,2.3327778397880023,44.74751531516253,3811.337655246206,0,0.5398835505398821,high,True
50.558510638297875,7.078571428571428,48.74636719380957,84.07361803965944,107.14159317746677,126.63173441550735,1.9286135429287588,46.63173441550735,3880.6762973501845,0,0.5442841695579417,high,True
50.558510638297875,7.084920634920635,45.10609119097905,83.80285717480614,99.87756837198052,127.91482259559417,3.2651800980448,47.914822595594174,3946.7601425751086,0,0.5281097010516819,high,True
50.558510638297875,7.091269841269841,46.22369717451682,86.46494506782068,105.15824986269809,137.63659097026476,1.4714984890267098,57.63659097026476,4008.932419977853,0,0.5453482599358533,high,True
50.558510638297875,7.097619047619047,47.84685098118197,88.60733011125538,106.47799032236493,131.62160431163082,2.4832786706511163,51.62160431163082,4066.575233533619,0,0.5399227991846908,high,True
50.558510638297875,7.103968253968254,47.09545642829692,87.6265756186877,102.4150687711265,132.39257248343407,2.2911462687893205,52.392572483434066,4119.115703064594,0,0.537140760312531,high,True
50.558510638297875,7.11031746031746,47.95451458772017,87.01191755598714,102.11119326741411,126.20098300928308,2.039465414802612,46.20098300928308,4166.031657778732,0,0.5385147571687301,high,True
50.558510638297875,7.116666666666666,50.358493769434396,97.47446866904377,113.72071569337636,132.0891283543017,1.5029319619650792,52.08912835430169,4206.856825841086,0,0.5537011692802758,high,True
50.558510638297875,7.123015873015873,48.09886870426996,87.9106918419028,107.88345836606845,135.52585747837435,1.787108772010968,55.52585747837435,4241.18546838946,0,0.5459693998859954,high,True
50.558510638297875,7.129365079365079,46.19397889371082,86.8435218573572,113.22156916013282,134.57058553359607,3.798843050628049,54.57058553359607,4268.676411951489,0,0.5378959488226125,high,True
50.558510638297875,7.135714285714285,46.96296013480039,82.84145793732742,100.67618587968988,143.38940375324802,2.889774782453887,63.38940375324802,4289.056439178949,0,0.5314110206633306,high,True
50.558510638297875,7.1420634920634924,50.7027207407579,91.89765289912913,107.99262481585816,137.5559147405891,1.718922926864334,57.55591474058909,4302.123004205917,0,0.5465331386367626,high,True
50.558510638297875,7.148412698412699,50.42882641796002,93.56992999474932,112.26436235415665,143.52172797311204,2.46885976102537,63.521727973112036,4307.746245638221,0,0.5458052972806542,high,True
50.558510638297875,7.154761904761905,49.026160096112854,90.74557120595261,106.80300796274588,138.56394358738953,3.0518318336103847,58.56394358738953,4305.870277176645,0,0.5364574624053433,high,True
50.558510638297875,7.161111111111111,45.799891596509006,88.26687731770711,104.6578583116167,138.2128688374726,1.9846410136777157,58.2128688374726,4296.51374303775,0,0.5414269182204319,high,True
50.558510638297875,7.167460317460318,48.62402896464421,88.60624413121882,107.97037975879053,137.2570869561323,1.870904579415949,57.2570869561323,4279.769632662429,0,0.5454976825626842,high,True
50.558510638297875,7.173809523809524,48.768360134511155,86.456644517043,105.03653481946343,136.9840454062901,2.6944159017275906,56.98404540629011,4255.804356541212,0,0.5370737621412794,high,True
50.558510638297875,7.18015873015873,48.268694394053945,91.02673877537359,104.5221195458272,143.01849647345534,3.5777162423267717,63.01849647345534,4224.85609235494,0,0.5306706779303154,high,True
50.558510638297875,7.186507936507937,47.42123687484225,90.85932745456533,109.77092614088768,125.86937813869669,4.45989071646798,45.86937813869669,4187.23241785871,0,0.5300383213644344,high,True
50.558510638297875,7.192857142857143,47.78613246764962,86.50888181489336,105.72895269062366,125.99067669347608,2.511855394519731,45.990676693476075,4143.307254031328,0,0.5389832500604921,high,True
50.558510638297875,7.199206349206349,47.43187753701802,88.39915884273171,113.68968185372808,130.53421388254623,3.4808669252025584,50.534213882546226,4093.5171488853184,0,0.5404839023523776,high,True
50.558510638297875,7.205555555555556,46.74227643495063,88.74531997596588,105.31151747398098,131.35412645452246,1.4219569152224034,51.35412645452246,4038.356938855827,0,0.5458318047058316,high,True
50.558510638297875,7.211904761904762,50.583826661437655,90.63521601606683,110.25756793564096,132.543939883376,2.101277639063566,52.543939883376,3978.3748308907434,0,0.5462490503418839,high,True
50.558510638297875,7.218253968253968,49.93917918228234,89.75432912599982,112.27755041147542,130.08190362747828,2.230718338841173,50.08190362747828,3914.1669541273955,0,0.5474060948192009,high,True
50.558510638297875,7.224603174603175,48.27440355281588,89.19143560829545,106.14916612599072,124.99768906783108,2.4810505656619815,44.997689067831075,3846.3714352923475,0,0.5396088290215775,high,True
50.558510638297875,7.230952380952381,49.32063519608873,91.39900223370756,110.3437973083229,128.91564299585622,2.3343019869294945,48.91564299585622,3775.6620567096134,0,0.5447817840621263,high,True
50.558510638297875,7.237301587301587,49.471163509560974,90.2407588146096,112.82666213973741,127.24497884912199,2.4100211612398965,47.24497884912199,3702.7415599511783,0,0.5467598543981381,high,True
50.558510638297875,7.243650793650794,52.497992608918274,93.92836657143516,116.31702560996145,122.14467401588351,2.7059301790048096,42.14467401588351,3628.3346616750123,0,0.5482774910832626,high,True
50.558510638297875,7.25,50.391470287875755,91.09573315531134,108.26836893482411,123.56144966524296,2.0064374733330355,43.56144966524296,3553.180851064283,0,0.5448921191126038,high,True
50.55489361702128,6.85,50.87942545797103,95.04470816176803,115.01097484608368,112.33422070969033,3.149422593463976,32.33422070969033,3151.691489362051,0,0.591925944787426,high,True
50.55489361702128,6.856349206349206,49.789267192183175,92.30046699950168,111.52568565963584,107.52542958308324,2.686741526431049,27.525429583083238,3076.537678751322,0,0.6215801405891586,high,True
50.55489361702128,6.862698412698412,49.185617110582285,90.93185805185324,111.23034117580735,111.1399862137697,2.0116502019039944,31.139986213769703,3002.130780475156,0,0.6031944259937201,high,True
50.55489361702128,6.869047619047619,52.015130601151746,93.76633852269615,114.74065338357656,107.43073966249638,1.2569562689573615,27.43073966249638,2929.210283716721,0,0.6384583078474224,high,True
50.55489361702128,6.875396825396825,51.0210454447975,96.63613277585131,112.93082758216018,105.70641080487353,2.066432852579278,25.706410804873528,2858.5009051339866,0,0.6455644957778061,high,True
50.55489361702128,6.881746031746031,48.896557369728946,91.4108969675714,110.09918871320745,110.38821082414886,1.7758654261233349,30.388210824148857,2790.7053862989387,0,0.6187984989065078,high,True
50.55489361702128,6.888095238095238,50.91547551475898,91.7602748402276,115.13218805274744,93.57866098737924,1.9094566129502468,13.578660987379237,2726.497509535591,0,0.731210970651846,high,True
50.55489361702128,6.894444444444444,51.57906930570347,96.21629792150513,117.25915232056597,96.69392924751027,1.7825688234730783,16.69392924751027,2666.515401570507,0,0.7177125322886141,high,True
50.55489361702128,6.90079365079365,47.261045253991824,93.05642779652995,111.20506499485732,96.70067229504366,2.6617838164915923,16.70067229504366,2611.3551915410158,0,0.7085128781305063,high,True
50.55489361702128,6.907142857142857,49.09553514977833,94.25613943097495,113.51878758205419,99.18578451381063,1.490755373408842,19.18578451381063,2561.565086395007,0,0.7055910108949284,high,True
50.55489361702128,6.913492063492063,51.0892165524376,97.58621491652926,120.58201444321503,98.91864291688587,1.7071256311450003,18.918642916885872,2517.639922567625,0,0.7150776625433305,high,True
50.55489361702128,6.919841269841269,47.71515824296693,88.51474800179463,103.97614868650419,93.31634510911617,2.3135540853356242,13.31634510911617,2480.0162480713934,0,0.7313244854487209,high,True
50.55489361702128,6.926190476190476,47.9995605293124,91.98716471221417,108.18601859543054,94.92519732628863,1.6904396583609578,14.925197326288625,2449.067983885122,0,0.7311805383894642,high,True
50.55489361702128,6.932539682539682,50.27951277368743,93.09039343986318,111.52386599620945,95.05504730936161,2.073408311388703,15.055047309361612,2425.102707763905,0,0.7323519628485793,high,True
50.55489361702128,6.938888888888888,51.44805228444507,91.0096673770347,111.90140825446927,108.07354782187943,2.2500646620537714,28.07354782187943,2408.3585973885847,0,0.6510233734179351,high,True
50.55489361702128,6.9452380952380945,51.53170108176983,95.65200635630521,121.27155944575517,105.30933895691884,2.521674014885367,25.309338956918836,2399.0020632496894,0,0.6763269277032922,high,True
50.55489361702128,6.951587301587302,53.101491906888945,91.65470161624128,110.42167298491376,96.42707322808188,1.7342765175202681,16.42707322808188,2397.1260947881133,0,0.7263343171198612,high,True
50.55489361702128,6.957936507936508,50.8426963807089,93.68525266823121,111.03187231390537,96.70463445906208,1.6995461842970176,16.704634459062078,2402.749336220417,0,0.725160132238433,high,True
50.55489361702128,6.964285714285714,50.14037952309862,93.88203718521132,108.48169759280167,93.7601918513131,0.9028031475928092,13.760191851313095,2415.8159012473843,0,0.745671015809107,high,True
50.55489361702128,6.970634920634921,48.70728106793038,88.28364203916615,106.59505135532527,91.03551515080039,1.5150944005313276,11.035515150800393,2436.195928474845,0,0.755712655902205,high,True
50.55489361702128,6.976984126984127,50.04963595952964,94.23815285066708,112.32163787452069,98.6242073722553,2.078439750069393,18.6242073722553,2463.686872036874,0,0.7088797331956188,high,True
50.55489361702128,6.983333333333333,51.63594671467844,96.46041332981926,116.65991036243467,95.63606942498247,1.5763442696870706,15.636069424982466,2498.0155145852477,0,0.7335247389291181,high,True
50.55489361702128,6.98968253968254,51.642274299469996,98.54615736244418,118.11657642272641,99.93486293601396,1.8708971642226697,19.934862936013957,2538.840682647603,0,0.7041090011787746,high,True
50.55489361702128,6.996031746031746,50.83987439110834,91.44305960990147,110.74207493843176,94.62967275277595,0.6725377409386349,14.629672752775946,2585.75663736174,0,0.7355352034259042,high,True
50.55489361702128,7.002380952380952,51.18543928951001,91.20298753331349,106.48635682744975,98.84592627932449,1.092565356781855,18.845926279324487,2638.297106892715,0,0.6995006931918236,high,True
50.55489361702128,7.008730158730159,52.194159660692485,93.88247108132805,112.53565768784176,103.45547774268468,2.0504866619974265,23.45547774268468,2695.939920448481,0,0.6674720146936556,high,True
50.55489361702128,7.015079365079365,50.301301443331845,89.10453257651531,110.86726096551462,105.3923800077038,0.9500992465052769,25.392380007703807,2758.1121978512256,0,0.6579252810481027,high,True
50.55489361702128,7.021428571428571,52.14321787157996,92.03406719850454,110.99480308069943,106.75776431472505,1.97709803489307,26.75776431472505,2824.1960430761496,0,0.6393683203939066,high,True
50.55489361702128,7.027777777777778,48.902229751191065,88.99137929596594,111.47063634275045,101.05294006831325,1.7850554819713838,21.052940068313248,2893.5346851801287,0,0.6733126567769768,high,True
50.55489361702128,7.034126984126984,49.779433899650996,91.16377804545765,110.10701535788758,111.07874533954728,1.615782473072915,31.078745339547282,2965.4390055857293,0,0.6068210235526111,high,True
50.55489361702128,7.04047619047619,49.06359975289725,90.42490562839167,109.36055128407742,105.85216626668091,2.1203846369953903,25.85216626668091,3039.1943868521666,0,0.6336486145373524,high,True
50.55489361702128,7.046825396825397,50.86878307905519,91.80471117424874,112.75744933982736,113.033574757991,2.2861746995135626,33.033574757991005,3114.067814865031,0,0.5910564424389598,high,True
50.55489361702128,7.053174603174603,48.053336119925255,87.71909127660965,100.1301436945054,111.95148635643443,2.206499731412287,31.95148635643443,3189.3151638590707,0,0.585723355757375,high,True
50.55489361702128,7.059523809523809,48.98924463303933,91.86171986283023,112.55009191674921,108.00832979455494,2.612252822672189,28.00832979455494,3264.1885918719354,0,0.6200830118829662,high,True
50.55489361702128,7.065873015873016,46.58168845598661,92.59641323220929,113.4057035700292,113.78071301511368,1.6215531830904313,33.780713015113676,3337.9439731383727,0,0.5914658926716325,high,True
50.55489361702128,7.072222222222222,50.16549431257828,88.77181777750228,108.60745634780577,118.03308663316717,1.4023405221428424,38.03308663316717,3409.8482935439733,0,0.5615517280762253,high,True
50.55489361702128,7.078571428571428,51.05113790292879,94.26658340065896,112.32454067551663,120.5259706291341,2.2960422781061545,40.52597062913409,3479.1869356479524,0,0.5470175921548089,high,True
50.55489361702128,7.084920634920635,50.45914802384675,90.91783256237233,113.73849440256379,118.97025660760099,1.9394698906332246,38.97025660760099,3545.270780872876,0,0.5572445913341695,high,True
50.55489361702128,7.091269841269841,50.23002204809158,90.00113203137703,109.74360793755224,127.06007939394173,3.335596309899905,47.060079393941734,3607.443058275621,0,0.5375062992048861,high,True
50.55489361702128,7.097619047619047,50.194717387465765,90.83102012958457,113.03506508994296,126.2815819555966,2.4214402040316623,46.28158195559659,3665.085871831387,0,0.5468921303963985,high,True
50.55489361702128,7.103968253968254,49.91684557731861,91.0787966723561,112.8196809319308,122.44499061610507,1.6911531085959808,42.44499061610507,3717.6263413623615,0,0.5515453268746242,high,True
50.55489361702128,7.11031746031746,49.728277197611305,94.21287682310789,111.04983982434065,127.57622957506152,1.7511657690504072,47.57622957506152,3764.542296076499,0,0.5493754013640045,high,True
50.55489361702128,7.116666666666666,49.772591414036086,91.80984891293292,107.6950942972421,133.28297589472055,1.2526682588260722,53.28297589472055,3805.367464138854,0,0.549343972571735,high,True
50.55489361702128,7.123015873015873,47.72679061833454,87.6927010656395,105.45626169345118,134.21523061814295,2.6496281672813384,54.215230618142954,3839.696106687228,0,0.5377920739115756,high,True
50.55489361702128,7.129365079365079,48.37499746870479,90.39422879124197,109.96551496248622,122.12770443787815,1.8875416061078676,42.12770443787815,3867.1870502492566,0,0.5473819042551005,high,True
50.55489361702128,7.135714285714285,48.754763934805645,92.11858639034821,113.20834434705287,123.8306752385085,3.1349759601222935,43.830675238508505,3887.5670774767173,0,0.5423085046129041,high,True
50.55489361702128,7.1420634920634924,48.12927764346229,86.01696372837748,102.18558310931083,133.79657333549085,1.8169031593095826,53.79657333549085,3900.6336425036848,0,0.5400728953805802,high,True
50.55489361702128,7.148412698412699,46.276250977619796,88.94470347908515,103.49410902039006,123.76185661257449,3.3087280113282707,43.76185661257449,3906.2568839359883,0,0.5314359222782016,high,True
50.55489361702128,7.154761904761905,46.77557667010145,92.2616759303098,109.67831934522522,122.65872845342238,2.321233228148655,42.658728453422384,3904.3809154744126,0,0.5442034311575675,high,True
50.55489361702128,7.161111111111111,48.98490673037421,85.67461812670953,103.73670801222812,125.77458051199878,2.4337630543610005,45.77458051199878,3895.0243813355173,0,0.5375116209831547,high,True
50.55489361702128,7.167460317460318,50.01985168615621,91.60514024485786,109.198750757762,128.99086938625365,2.5864245052045733,48.99086938625365,3878.2802709601965,0,0.5419559207230649,high,True
50.55489361702128,7.173809523809524,48.70568578448909,89.79840859699604,109.97844524890071,126.31749198426908,2.0328626605266487,46.31749198426908,3854.3149948389796,0,0.5464260275120564,high,True
50.55489361702128,7.18015873015873,52.87840889720699,94.1108769661725,115.56060378095776,123.3774457907358,2.7381849725444116,43.377445790735806,3823.366730652708,0,0.5473060372973284,high,True
50.55489361702128,7.186507936507937,47.39976258739595,88.17127855687204,106.41446354600171,122.38238035788763,0.8919309987424715,42.38238035788763,3785.743056156477,0,0.5504682568877185,high,True
50.55489361702128,7.192857142857143,49.503415252651514,89.97904708524791,108.44981621534531,121.1898614638381,0.6450454474272637,41.1898614638381,3741.8178923290952,0,0.554149513232497,high,True
50.55489361702128,7.199206349206349,50.83733538371116,88.31921665024322,106.93753256894408,119.35696259634011,1.6405311894631052,39.35696259634011,3692.0277871830863,0,0.5500196417453976,high,True
50.55489361702128,7.205555555555556,50.571006884048636,92.65356111197008,108.6089100062679,130.72996735850117,2.2948204551135434,50.72996735850117,3636.8675771535945,0,0.5433101069721776,high,True
50.55489361702128,7.211904761904762,50.0339068574547,89.76673700806685,103.48640122105428,121.43248297946197,2.4131372315208695,41.432482979461966,3576.885469188511,0,0.5373988196775819,high,True
50.55489361702128,7.218253968253968,50.74171289925752,96.03806329949583,115.14813839908769,122.35767608930347,2.6275437303500855,42.35767608930347,3512.6775924251633,0,0.5476311801967537,high,True
50.55489361702128,7.224603174603175,49.30994342653886,90.82598427105015,107.54581378852512,115.37067764358187,1.9902019800874817,35.37067764358187,3444.882073590115,0,0.5732110653155552,high,True
50.55489361702128,7.230952380952381,51.816405890785774,93.40052360518933,112.76951280737612,115.06654554742347,2.7307094070603384,35.06654554742347,3374.172695007381,0,0.5753988737555772,high,True
50.55489361702128,7.237301587301587,51.34591683611505,93.21092126610893,115.86677909301528,111.42505915700075,2.2088680906161127,31.425059157000746,3301.252198248946,0,0.6047343720909866,high,True
50.55489361702128,7.243650793650794,48.24488699156346,91.37129141284635,108.76228982168283,102.14461518380766,1.9002635362931088,22.14461518380766,3226.8452999727797,0,0.6576900213475976,high,True
50.55489361702128,7.25,50.10962293633045,92.96173374977784,111.89861231832774,105.73160254857035,2.5027042509690607,25.73160254857035,3151.691489362051,0,0.6343914013833025,high,True
50.55127659574468,6.85,47.87901145159152,90.28615385280077,109.94301380713688,96.54801871602803,1.3611949080115873,16.548018716028025,2750.2021276598184,0,0.7099331577288935,high,True
50.55127659574468,6.856349206349206,52.59306978386304,95.65517797070288,113.86930103915469,93.50889480637511,2.2848024796172006,13.50889480637511,2675.0483170490897,0,0.7304542761160744,high,True
50.55127659574468,6.862698412698412,50.75709268457935,90.72866610389895,105.89227251935728,96.49187917526018,3.064573010792869,16.49187917526018,2600.6414187729233,0,0.7023554699967158,high,True
50.55127659574468,6.869047619047619,52.55305984659902,96.85967891362844,114.6386465735545,105.39687991708371,1.1792251156025766,25.39687991708371,2527.720922014488,0,0.671660600220373,high,True
50.55127659574468,6.875396825396825,50.4726639608706,89.82214540948509,106.58684593460555,98.81066601098797,1.4190773384293138,18.810666010987973,2457.0115434317545,0,0.7067090906048142,high,True
50.55127659574468,6.881746031746031,47.955587745009645,92.44411931968335,112.9102395703421,103.11724060901311,1.9426832188067014,23.11724060901311,2389.216024596706,0,0.6860154630754635,high,True
50.55127659574468,6.888095238095238,54.79467355286849,95.0240180134804,112.44727718204186,98.64683735939728,0.9402342052655973,18.64683735939728,2325.0081478333586,0,0.7233859082590369,high,True
50.55127659574468,6.894444444444444,51.12811481869804,94.5328757886783,114.65870843499701,99.26715436903845,1.0366284946926259,19.26715436903845,2265.026039868275,0,0.7240768350038087,high,True
50.55127659574468,6.90079365079365,49.51718064285471,90.38135610539179,112.42263382730508,91.75693617577163,0.33962805541929025,11.756936175771628,2209.865829838783,0,0.7761843042006648,high,True
50.55127659574468,6.907142857142857,52.81428586343597,94.19812421202107,116.26279983976373,96.77195493125238,0.927017876081154,16.77195493125238,2160.075724692774,0,0.7472541761109234,high,True
50.55127659574468,6.913492063492063,54.21877676944065,94.06666147719592,114.56102016078748,97.00019743381728,1.207091383242082,17.000197433817277,2116.1505608653924,0,0.7444549822678794,high,True
50.55127659574468,6.919841269841269,50.92103680339133,89.56793640912886,107.8219115441479,91.2823487808253,0.7359071697115716,11.282348780825302,2078.5268863691613,0,0.7784748395474546,high,True
50.55127659574468,6.926190476190476,51.12515168709759,95.30243966551218,110.9572027907434,95.42544658774143,1.015908010784053,15.425446587741433,2047.5786221828898,0,0.7553965104363212,high,True
50.55127659574468,6.932539682539682,51.669408629874866,91.5189222984877,112.58955450451703,95.14514931703624,1.8417868426369461,15.145149317036243,2023.6133460616727,0,0.754473125019044,high,True
50.55127659574468,6.938888888888888,49.67272781649853,92.2494267932504,110.15321780082488,90.46991548670086,2.3156528253918207,10.469915486700856,2006.869235686352,0,0.7789350987220147,high,True
50.55127659574468,6.9452380952380945,50.31820765680187,95.56487160102455,112.10579133159831,88.05920356209923,1.6234267395009052,8.059203562099228,1997.512701547457,0,0.8010372890610992,high,True
50.55127659574468,6.951587301587302,54.030112242460994,95.02183858038578,114.12462426018405,87.79020179179537,1.778405047261686,7.7902017917953685,1995.6367330858811,0,0.8037979927587577,high,True
50.55127659574468,6.957936507936508,51.14987955559272,97.01021327358096,115.24261246267089,92.94343150224765,1.4811461466030038,12.943431502247648,2001.2599745181844,0,0.7744088592036938,high,True
50.55127659574468,6.964285714285714,50.07088566138981,94.20307668779579,112.14222619984994,94.07048707247725,1.22204779850987,14.070487072477249,2014.3265395451522,0,0.7653383696962104,high,True
50.55127659574468,6.970634920634921,50.61652248195961,95.88038912219253,116.99398088682457,89.85189981965827,0.7486321741111518,9.851899819658271,2034.7065667726129,0,0.7986933975145888,high,True
50.55127659574468,6.976984126984127,52.85992941138162,95.4472994376605,115.82139836214319,93.48260250503668,1.325816042541407,13.482602505036681,2062.1975103346413,0,0.769606483571989,high,True
50.55127659574468,6.983333333333333,48.23225152503276,90.13166870824864,104.57270540374088,96.10745537141833,1.7538001843505424,16.107455371418325,2096.5261528830156,0,0.7373828004592219,high,True
50.55127659574468,6.98968253968254,51.513446698436084,93.92167832479078,113.69092030965771,96.84174649518711,1.0874633283949748,16.84174649518711,2137.3513209453704,0,0.7443126831448366,high,True
50.55127659574468,6.996031746031746,54.750939563447545,98.59922700140837,116.731420574124,101.21424053253318,0.49477630584240495,21.214240532533182,2184.267275659508,0,0.7216305447572002,high,True
50.55127659574468,7.002380952380952,54.02200276735613,98.32722637136324,120.8790745754775,100.84527095122368,1.4521897159955286,20.845270951223682,2236.8077451904824,0,0.7190744790975018,high,True
50.55127659574468,7.008730158730159,51.745646356601306,91.83274887473146,111.76319127578482,92.55373986075767,2.560668937370826,12.553739860757673,2294.4505587462486,0,0.7515086629595982,high,True
50.55127659574468,7.015079365079365,52.76462216367138,95.42099464424996,117.36855437077867,104.20279543093807,2.0345714391733125,24.202795430938068,2356.6228361489934,0,0.6847061315254772,high,True
50.55127659574468,7.021428571428571,52.64909486725634,95.60161251477078,117.18593085941603,96.33797281652069,1.0300190914815446,16.33797281652069,2422.706681373917,0,0.7370714727442556,high,True
50.55127659574468,7.027777777777778,50.39488910868359,91.52007446850209,110.33876918472419,103.71326241436296,2.174671468255642,23.71326241436296,2492.045323477896,0,0.6730308031326899,high,True
50.55127659574468,7.034126984126984,51.8627359646461,97.64310027994895,115.20675706552541,100.9492168060274,2.0729256576801904,20.949216806027394,2563.9496438834967,0,0.6922571654491447,high,True
50.55127659574468,7.04047619047619,53.04851956122646,95.74622364340635,113.26226635190159,100.23540095859721,1.7955420100576207,20.23540095859721,2637.705025149934,0,0.6929354790361214,high,True
50.55127659574468,7.046825396825397,48.35946704195617,93.553283193065,117.81358605062692,95.91323478843363,1.5447839612157164,15.913234788433627,2712.5784531627987,0,0.7224283862233386,high,True
50.55127659574468,7.053174603174603,51.0100374794238,95.4817578289146,116.34162318310325,103.7596114540458,1.9620002806850698,23.759611454045796,2787.8258021568386,0,0.6653727596162413,high,True
50.55127659574468,7.059523809523809,50.57879456187645,91.88236172085301,112.17555150314175,99.53906899028308,1.1805054344465689,19.539068990283084,2862.699230169703,0,0.6890513725757434,high,True
50.55127659574468,7.065873015873016,50.085456285826105,90.82245085517366,106.67641377164898,110.99114045396708,2.150971170136829,30.991140453967077,2936.45461143614,0,0.6018192475616355,high,True
50.55127659574468,7.072222222222222,49.85038017550357,89.5154777442091,109.17326956996061,114.53363469384081,1.179387497220394,34.53363469384081,3008.3589318417407,0,0.5854754694186529,high,True
50.55127659574468,7.078571428571428,50.07817221370569,92.43976723913454,110.73797735101789,106.60617035503796,2.169663589747635,26.60617035503796,3077.69757394572,0,0.6299849887003797,high,True
50.55127659574468,7.084920634920635,50.11163695456129,88.71539819857213,107.97769211957979,112.2948897512134,1.6150124560926284,32.294889751213404,3143.781419170644,0,0.5953678814672118,high,True
50.55127659574468,7.091269841269841,51.2299755665429,87.33450854588438,107.11709431419732,109.42716907317067,3.2385677693082906,29.427169073170674,3205.9536965733882,0,0.601606835811492,high,True
50.55127659574468,7.097619047619047,50.187476903365166,92.30614478046648,112.71212745686537,110.98778400121277,2.037498976469929,30.987784001212773,3263.5965101291545,0,0.605455150939486,high,True
50.55127659574468,7.103968253968254,49.13406225770847,91.27897064327371,113.00154033250054,117.68706955404778,2.2085567743943453,37.68706955404778,3316.1369796601293,0,0.5627336437904062,high,True
50.55127659574468,7.11031746031746,48.07725391833143,88.56854808880993,107.53352169155426,115.42057826525172,2.6285306689391126,35.42057826525172,3363.0529343742664,0,0.5686313697408036,high,True
50.55127659574468,7.116666666666666,48.573309711135515,92.63559478211144,111.29136219614459,123.40227181276157,2.864569474145077,43.40227181276157,3403.8781024366217,0,0.5421942323685107,high,True
50.55127659574468,7.123015873015873,49.62755545236663,90.88591937268913,106.04028863484419,115.25353683833178,3.60521877986137,35.25353683833178,3438.2067449849956,0,0.561670891529528,high,True
50.55127659574468,7.129365079365079,48.13987132560368,88.02614138034285,111.3263350370961,121.77679051325318,1.3924074452155755,41.776790513253175,3465.6976885470244,0,0.5520436187356589,high,True
50.55127659574468,7.135714285714285,50.59057207158557,93.43267771320191,115.8218389917584,118.61472913769008,1.149630409928426,38.61472913769008,3486.077715774485,0,0.5668155791483391,high,True
50.55127659574468,7.1420634920634924,49.799422976560045,92.56169099798029,108.54745980418596,121.69527607323539,2.578041495476262,41.69527607323539,3499.1442808014526,0,0.5413605165010109,high,True
50.55127659574468,7.148412698412699,50.862145036093075,96.00641886653074,114.06643957082841,116.84741352601284,2.3019215875410834,36.84741352601284,3504.767522233756,0,0.5684239611163076,high,True
50.55127659574468,7.154761904761905,48.19112201257447,89.50277141302452,104.75778841103062,118.39645907110538,1.483001116611978,38.39645907110538,3502.89155377218,0,0.5548932451058755,high,True
50.55127659574468,7.161111111111111,47.915211760285366,86.75425563386533,105.63572648561251,117.92679455992945,1.51983352966312,37.92679455992945,3493.5350196332847,0,0.558461036954966,high,True
50.55127659574468,7.167460317460318,50.88823778834683,92.90840989772963,112.76987805391188,114.67745738966671,3.0735334584828435,34.67745738966671,3476.7909092579644,0,0.5755455463119425,high,True
50.55127659574468,7.173809523809524,49.411136952961236,89.86087174930883,105.72851376125385,120.1476568592712,2.5027144017478054,40.147656859271194,3452.8256331367475,0,0.5390437510829351,high,True
50.55127659574468,7.18015873015873,48.95396661192034,88.62047197445116,102.21116883794528,119.43111360509548,1.2961172159395868,39.431113605095476,3421.877368950476,0,0.5471259273665013,high,True
50.55127659574468,7.186507936507937,50.35644542876206,92.44875753141952,116.93647759035632,118.39889164281358,1.5398083816281476,38.39889164281358,3384.2536944542444,0,0.5666780156119171,high,True
50.55127659574468,7.192857142857143,50.36013715694753,89.08562410028442,105.35916777333,121.24345588673924,1.4276612870181071,41.24345588673924,3340.3285306268626,0,0.5458414258598759,high,True
50.55127659574468,7.199206349206349,47.552168247170734,85.5673835538343,103.42122031733916,119.85451771944787,1.2987614007651607,39.85451771944787,3290.5384254808537,0,0.5456720752323556,high,True
50.55127659574468,7.205555555555556,51.58844481088575,90.24243118270412,110.04151014283369,111.42511151194668,2.806820115390526,31.42511151194668,3235.3782154513624,0,0.5949224290905635,high,True
50.55127659574468,7.211904761904762,48.97873845048562,90.0049964478761,107.73393727340051,113.20759797817783,1.7190634744684081,33.20759797817783,3175.3961074862787,0,0.5887260267466664,high,True
50.55127659574468,7.218253968253968,52.23377729737363,94.26374277618694,112.08772574853528,107.95135565028937,1.0671162645100434,27.951355650289372,3111.1882307229307,0,0.6302776445041598,high,True
50.55127659574468,7.224603174603175,47.77860604769995,88.55516684609591,102.35079434394761,109.22675707654156,1.6610067086531797,29.22675707654156,3043.392711887883,0,0.608610184557875,high,True
50.55127659574468,7.230952380952381,50.35515991691805,91.48094540506253,109.72202224254366,105.39631199229227,2.0448019645469193,25.39631199229227,2972.6833333051486,0,0.6387288925284801,high,True
50.55127659574468,7.237301587301587,49.70482479534257,92.04741930466218,111.40852036509388,112.92866766431902,1.162904766795336,32.92866766431902,2899.7628365467135,0,0.602863507190462,high,True
50.55127659574468,7.243650793650794,47.127706999261136,87.29975821641236,107.83084227505267,106.56328045686512,1.167607556617638,26.563280456865115,2825.3559382705475,0,0.6427584921286674,high,True
50.55127659574468,7.25,51.1872683629593,92.43269778850537,109.4301549223521,102.91837692353191,1.4632282530629348,22.91837692353191,2750.2021276598184,0,0.6689253377468671,high,True
50.547659574468085,6.85,47.91621052211934,90.307306146694,109.66065136111371,102.12585500268443,3.4777734648297045,22.125855002684432,2348.7127659575863,0,0.6807532628642587,high,True
50.547659574468085,6.856349206349206,50.480729177247305,95.35513307377147,110.17032900356662,87.57627000628821,1.8813005825243623,7.576270006288212,2273.558955346857,0,0.7865986898134267,high,True
50.547659574468085,6.862698412698412,52.6906817224249,95.80059295280716,117.65173999353291,87.1555344069959,1.2642970281749861,7.155534406995898,2199.152057070691,0,0.8045434002417741,high,True
50.547659574468085,6.869047619047619,50.353987462156624,92.98985484574018,108.1460689324403,97.40321534713334,2.2920123704228783,17.40321534713334,2126.231560312256,0,0.7277843125277582,high,True
50.547659574468085,6.875396825396825,49.905736477133885,90.93794599188465,112.27893284515301,93.53167723754622,0.8770271327462728,13.53167723754622,2055.522181729522,0,0.7690829934723712,high,True
50.547659574468085,6.881746031746031,52.570477131211995,92.43319666356473,112.69564620357637,93.42939328443086,1.9721581959050634,13.429393284430859,1987.726662894474,0,0.766227883725126,high,True
50.547659574468085,6.888095238095238,51.09937493828935,91.08583166520528,108.02747257357072,86.33211368809533,1.4483475366804484,6.332113688095333,1923.518786131126,0,0.8126201724718822,high,True
50.547659574468085,6.894444444444444,50.96370142600812,95.84088315466929,120.07374141117481,90.83027086012716,1.8083922810620467,10.830270860127158,1863.5366781660423,0,0.7971517660866644,high,True
50.547659574468085,6.90079365079365,53.574218007201516,96.52694646223162,119.94880507046807,98.30016545436565,1.25129605748944,18.300165454365654,1808.3764681365508,0,0.7568119738572588,high,True
50.547659574468085,6.907142857142857,49.99298211533119,92.36442110015537,114.84563681438725,93.02430710338254,1.456738946268498,13.02430710338254,1758.5863629905418,1,0.785802806293596,high,True
50.547659574468085,6.913492063492063,51.12740689475349,94.02890455429548,112.0670510555677,89.92646507898262,0.8152091883120939,9.926465078982616,1714.6611991631603,1,0.8088588564316875,high,True
50.547659574468085,6.919841269841269,53.17926424740964,96.79972810787285,114.07341486442414,87.0900460582136,0.5996148684264403,7.090046058213602,1677.037524666929,1,0.8319113183110665,high,True
50.547659574468085,6.926190476190476,50.08353234342714,97.02984207210062,117.10010738357965,86.94448284686557,1.6166132764077665,6.944482846865569,1646.0892604806575,1,0.8306152047239185,high,True
50.547659574468085,6.932539682539682,54.634770504400244,100.53205928541956,123.22057058933134,79.7596244845394,1.4524948910063935,0.0,1622.1239843594403,1,0.8824310720979833,high,True
50.547659574468085,6.938888888888888,51.67470462381227,95.09434807712582,113.68426398698301,89.13699567187271,1.5890827801733496,9.136995671872711,1605.37987398412,1,0.8157151621374168,high,True
50.547659574468085,6.9452380952380945,53.327565283464494,95.38283803822529,117.47666322309907,91.39414934968514,1.0020560905817966,11.394149349685136,1596.0233398452247,1,0.8097816888580938,high,True
50.547659574468085,6.951587301587302,53.3275967457835,93.92298877702115,113.03539000172594,81.69091553059553,0.8814840289472701,1.6909155305955323,1594.1473713836488,1,0.8668832391733395,high,True
50.547659574468085,6.957936507936508,51.781012895976694,92.56549508906213,111.66818308864342,85.40421697892864,0.5858387766776012,5.404216978928645,1599.770612815952,1,0.8439977044850244,high,True
50.547659574468085,6.964285714285714,51.26887936932159,94.37995425411589,110.33079995496149,83.55206232496158,1.8799183150559058,3.5520623249615824,1612.8371778429198,1,0.8449557627647662,high,True
50.547659574468085,6.970634920634921,51.88863523096887,99.45946042631459,113.70670208680707,84.52859819936491,0.6394647579808505,4.528598199364907,1633.2172050703803,1,0.8494790047007184,high,True
50.547659574468085,6.976984126984127,52.975958045423624,95.59580321978703,113.65092107180494,88.88875416818436,1.2283494266753603,8.888754168184363,1660.7081486324091,1,0.8168718039111964,high,True
50.547659574468085,6.983333333333333,50.36988744464134,91.1042576542618,115.63937817929391,80.69956197513784,1.125250255687011,0.6995619751378399,1695.036791180783,1,0.8690136079043965,high,True
50.547659574468085,6.98968253968254,49.97668578326881,91.4438840845176,111.07250744022653,91.93481746313965,2.2895872758748608,11.934817463139652,1735.8619592431382,1,0.7844228851609477,high,True
50.547659574468085,6.996031746031746,53.930215981491294,99.69778326230335,119.57542593877338,93.01239773419286,1.1654957509565975,13.01239773419286,1782.7779139572754,1,0.7913390727291603,high,True
50.547659574468085,7.002380952380952,50.515195965512255,93.2791709526569,112.64575109173043,89.5904942794714,1.7158620975660368,9.5904942794714,1835.31838348825,0,0.7995001620201814,high,True
50.547659574468085,7.008730158730159,52.05442804207003,98.79809881479585,120.30790030330283,81.34804128147776,0.2654044214315839,1.3480412814777623,1892.9611970440164,0,0.8654652196323221,high,True
50.547659574468085,7.015079365079365,51.119177126641446,93.21343022485013,109.18950077881338,88.03771856431588,3.2051405797309798,8.037718564315881,1955.133474446761,0,0.7898294821646279,high,True
50.547659574468085,7.021428571428571,51.07937877355581,94.57053348342075,108.91925084335844,97.78152242546243,0.8258034193744965,17.781522425462427,2021.2173196716847,0,0.7412185135714707,high,True
50.547659574468085,7.027777777777778,53.351159736632354,94.09453160922813,118.3953175586807,82.63470270055635,1.5876644324051723,2.634702700556346,2090.5559617756635,0,0.8368161980420525,high,True
50.547659574468085,7.034126984126984,50.964134829505966,94.936287453789,113.59269825180651,93.31847803518852,2.2340385250706163,13.31847803518852,2162.4602821812646,0,0.7573356062556775,high,True
50.547659574468085,7.04047619047619,50.441092975988695,93.1659746514568,112.03041533830643,91.00901427721435,1.354848555624233,11.009014277214348,2236.215663447702,0,0.7723809692291701,high,True
50.547659574468085,7.046825396825397,50.45553522067844,94.94964353591732,111.67551675803603,100.01821606116583,0.5906595377605119,20.01821606116583,2311.089091460566,0,0.7170694815509845,high,True
50.547659574468085,7.053174603174603,49.98920791733428,90.32223686533524,113.1355810710219,95.21127561766288,1.0503231818767707,15.211275617662878,2386.336440454606,0,0.7417461318920535,high,True
50.547659574468085,7.059523809523809,49.62519662350063,88.73570705980998,105.13284298270293,100.66917365440831,1.0428931448981207,20.66917365440831,2461.2098684674706,0,0.69593739325329,high,True
50.547659574468085,7.065873015873016,49.76984164914251,92.32647447324624,111.9066369311764,102.47425836375146,2.001613984762514,22.47425836375146,2534.965249733908,0,0.6813501664392843,high,True
50.547659574468085,7.072222222222222,52.906283778019905,95.18210825550838,114.65719281181634,108.72023332389718,1.530865669575586,28.720233323897176,2606.8695701395086,0,0.6446064848999795,high,True
50.547659574468085,7.078571428571428,51.37590733743571,92.99884921083077,112.87739045103626,101.7157852418338,0.74382043237437,21.7157852418338,2676.2082122434877,0,0.688384519194905,high,True
50.547659574468085,7.084920634920635,49.69373572821429,91.41085704845335,109.56046589734069,105.15801634270598,3.055359904031112,25.158016342705977,2742.2920574684113,0,0.6448391948551336,high,True
50.547659574468085,7.091269841269841,51.59335019244132,97.56809044027744,118.75482840192379,98.79831807367943,1.5622113826148663,18.798318073679425,2804.464334871156,0,0.7006273811471038,high,True
50.547659574468085,7.097619047619047,47.656644544161104,91.39523809583889,113.36723016818397,110.52759472436604,1.5482305478108165,30.52759472436604,2862.1071484269223,0,0.6191428687341447,high,True
50.547659574468085,7.103968253968254,52.02542826796573,96.66150340974373,112.96952462011197,103.6785725025046,2.9040649078134777,23.678572502504593,2914.6476179578967,0,0.6498856328628069,high,True
50.547659574468085,7.11031746031746,51.837622800445146,94.6091358083119,112.70418163983231,105.34473714170758,1.7344207870869848,25.344737141707583,2961.5635726720343,0,0.6446585906233117,high,True
50.547659574468085,7.116666666666666,53.19138850503494,96.0204897731077,112.10136642092112,108.26459965603199,1.9844466052674448,28.26459965603199,3002.388740734389,0,0.6222179745356048,high,True
50.547659574468085,7.123015873015873,51.30567137388091,89.9384708010731,109.55792581569136,102.75413740923828,2.049244508569329,22.754137409238282,3036.717383282763,0,0.6536829369508232,high,True
50.547659574468085,7.129365079365079,50.40547170047528,90.019923424576,109.70457956150156,110.44830002057962,2.4311565083025912,30.448300020579623,3064.208326844792,0,0.6031949943775282,high,True
50.547659574468085,7.135714285714285,51.657708489801145,93.71803607759713,111.24593553811607,113.7972418796024,2.251155498907651,33.797241879602396,3084.5883540722525,0,0.5850054704645501,high,True
50.547659574468085,7.1420634920634924,48.763971237263235,85.04194989421792,102.62293805989148,111.35319867327222,2.7103922330083137,31.353198673272217,3097.65491909922,0,0.5885961647985514,high,True
50.547659574468085,7.148412698412699,49.10168898803357,95.019397327047,113.43248455870523,103.93555073734686,0.93214754133711,23.93555073734686,3103.2781605315236,0,0.65762097550804,high,True
50.547659574468085,7.154761904761905,49.60107194540845,91.58576621487514,109.21719802790354,109.75929217803723,2.2734042923846736,29.759292178037228,3101.402192069948,0,0.608065593299273,high,True
50.547659574468085,7.161111111111111,51.76386528357467,92.91370291724377,108.74924803067182,113.04037223069494,1.7513022569855665,33.04037223069494,3092.0456579310526,0,0.5905715732089247,high,True
50.547659574468085,7.167460317460318,48.45021385138491,87.23339977253093,108.5762195380021,102.23548758520232,2.4347119032199656,22.23548758520232,3075.3015475557318,0,0.6533730094423544,high,True
50.547659574468085,7.173809523809524,48.324642624537816,93.57120685948632,116.9427183540484,104.9865520752256,1.6677333857291494,24.986552075225603,3051.336271434515,0,0.6496585453123608,high,True
50.547659574468085,7.18015873015873,50.16621631655237,89.87349477470084,105.67267944537849,112.20074280885349,1.8301676402241929,32.20074280885349,3020.3880072482434,0,0.5922169192885496,high,True
50.547659574468085,7.186507936507937,50.941027330304756,94.12545526670795,113.39991460756512,109.06453075770764,2.1171653286581154,29.064530757707644,2982.7643327520123,0,0.6184939452099043,high,True
50.547659574468085,7.192857142857143,48.872682054178476,88.99926346518572,102.273986510138,108.81389664847694,2.205365360052723,28.81389664847694,2938.8391689246305,0,0.6105427382772407,high,True
50.547659574468085,7.199206349206349,51.004272453427106,97.51586451399196,116.93042036981988,113.69128864784422,2.986344196322166,33.69128864784422,2889.0490637786215,0,0.591998451823048,high,True
50.547659574468085,7.205555555555556,52.13080196018713,93.12638731460129,114.0188425515785,107.1345893066359,1.2146620705023992,27.134589306635903,2833.8888537491302,0,0.6446354695609648,high,True
50.547659574468085,7.211904761904762,51.966032372406524,93.97581735003763,111.58082841637693,106.83392425521676,2.076108042389397,26.833924255216758,2773.9067457840465,0,0.6413327442494738,high,True
50.547659574468085,7.218253968253968,50.78928154972675,87.09664532739386,108.1167271975878,113.93789255115479,1.5247158553368905,33.93789255115479,2709.6988690206986,0,0.6003551829329229,high,True
50.547659574468085,7.224603174603175,50.22352306403048,91.93286543065375,105.04660385652272,101.09849937506868,2.571251144001149,21.098499375068684,2641.90335018565,0,0.6739441409597199,high,True
50.547659574468085,7.230952380952381,53.06814127477926,94.60712486900405,115.7849837265523,97.60274976621534,1.479499786818618,17.60274976621534,2571.1939716029165,0,0.7173447671954366,high,True
50.547659574468085,7.237301587301587,50.59736940312844,95.03063319688016,112.8899989812831,101.34271686537757,1.8937672467293236,21.342716865377568,2498.2734748444814,0,0.6919592298522538,high,True
50.547659574468085,7.243650793650794,52.09762027323447,92.74605593193066,112.82979816953122,100.2355248043792,1.611382946813758,20.235524804379196,2423.8665765683154,0,0.704421886334987,high,True
50.547659574468085,7.25,53.73953828101522,99.64786785767755,116.86340721352053,95.2445191474741,1.4935337482582676,15.244519147474094,2348.7127659575863,0,0.744192632588873,high,True
50.54404255319149,6.85,52.68816909719329,94.19100430012688,114.51381987890429,87.79671341567044,3.309806224150257,7.796713415670439,1947.2234042553537,0,0.796357815990528,high,True
50.54404255319149,6.856349206349206,50.06171952379515,91.37872915505822,112.79699000846063,100.26284456044004,0.44591029056092707,20.262844560440044,1872.0695936446248,0,0.7395779965530729,high,True
50.54404255319149,6.862698412698412,49.82083339973976,91.96336728198833,109.17348174163092,91.47198188133514,1.6148790924652143,11.47198188133514,1797.6626953684586,1,0.7868245995984287,high,True
50.54404255319149,6.869047619047619,51.35360336232938,98.31347581130183,121.04392540702955,86.42755622666455,0.3531164388693799,6.427556226664549,1724.7421986100235,1,0.8422804794674125,high,True
50.54404255319149,6.875396825396825,52.98237198727711,97.9539308644189,114.12283411450454,92.26895091678804,1.7075670309166413,12.268950916788043,1654.0328200272895,1,0.7933564696771038,high,True
50.54404255319149,6.881746031746031,52.69949636402412,98.873457255808,116.27746327881988,87.47768350012343,0.8238387357313312,7.477683500123433,1586.2373011922414,1,0.8347378181052274,high,True
50.54404255319149,6.888095238095238,55.45198785443556,97.89899473729173,113.79012378149866,86.2749968649955,0.39323009518664015,6.274996864995501,1522.0294244288937,1,0.8458483881859212,high,True
50.54404255319149,6.894444444444444,52.896613309282365,96.55034698131638,120.33138623567811,88.97261732785897,1.3639429694493634,8.97261732785897,1462.04731646381,1,0.8320572089837066,high,True
50.54404255319149,6.90079365079365,51.84795994973144,93.25356880956878,109.5723287972966,81.05823589492543,0.7391872785535739,1.0582358949254314,1406.8871064343184,1,0.8776860839419396,high,True
50.54404255319149,6.907142857142857,50.72550862391577,95.43209726361525,117.87672119812677,87.20340844890674,1.547631099948517,7.2034084489067425,1357.0970012883095,1,0.8446830276617207,high,True
50.54404255319149,6.913492063492063,54.272848240978895,100.3350787493393,121.45250151443668,93.07579002955138,0.3935808938098487,13.075790029551385,1313.1718374609277,1,0.821446349331295,high,True
50.54404255319149,6.919841269841269,52.55910716245699,93.27100647246081,107.48867098800078,86.98232959561741,1.2296409829694677,6.982329595617415,1275.5481629646965,1,0.8418740963140273,high,True
50.54404255319149,6.926190476190476,50.363518051383274,94.56266149274856,115.21574315161962,83.36744848759723,0.8086763160422066,3.3674484875972297,1244.599898778425,1,0.8765480197249343,high,True
50.54404255319149,6.932539682539682,52.698488923564355,96.56977869923723,111.39124811755755,82.65804617755062,0.18091559498247659,2.6580461775506166,1220.634622657208,1,0.8825406244084558,high,True
50.54404255319149,6.938888888888888,51.20116964631773,97.19518543487095,114.18085811084771,82.91741561109606,0.6427335909967645,2.917415611096061,1203.8905122818874,1,0.8814675943207578,high,True
50.54404255319149,6.9452380952380945,52.072931998921355,98.91771414123491,115.79624467443007,83.47233932746266,0.4367548298566498,3.472339327462663,1194.5339781429923,1,0.8814557261049278,high,True
50.54404255319149,6.951587301587302,52.724009134393796,94.6934499077176,117.87403266643759,82.96287792745599,0.5517373638601208,2.9628779274559918,1192.6580096814164,1,0.8860448960433659,high,True
50.54404255319149,6.957936507936508,51.346966006849996,96.59211716238997,116.97696426851536,88.18163902536979,1.0095182161340772,8.18163902536979,1198.2812511137197,1,0.8491975363633744,high,True
50.54404255319149,6.964285714285714,51.95011487928836,96.97863084440675,116.96325849447757,77.68259119695614,0.2072976710978112,0.0,1211.3478161406874,1,0.9050138832134577,critical,True
50.54404255319149,6.970634920634921,51.529289810252635,94.70331341433021,115.04408942173461,88.2200365166801,0.6801450097781373,8.220036516680096,1231.7278433681481,1,0.847548168958889,high,True
50.54404255319149,6.976984126984127,51.52101015245562,92.71431315025751,111.91063234040084,83.46868158081254,0.4827780114564629,3.468681580812543,1259.2187869301767,1,0.8740519130374372,high,True
50.54404255319149,6.983333333333333,51.02455165319886,98.58113027599063,119.8666327769771,86.77085860542215,0.612224528904264,6.7708586054221485,1293.5474294785508,1,0.8587898981597992,high,True
50.54404255319149,6.98968253968254,51.74098731293609,94.81982086428957,113.37593384087194,81.09256964141495,1.2879027045849918,1.0925696414149542,1334.3725975409056,1,0.8812427256744165,high,True
50.54404255319149,6.996031746031746,51.04142772469277,93.44485569962993,112.48378737153595,91.31579262359234,1.9680224380052653,11.315792623592344,1381.2885522550432,1,0.8095755062746298,high,True
50.54404255319149,7.002380952380952,53.1724697842387,95.75536282442938,118.64733085083853,91.44903498081564,1.1140369322783423,11.44903498081564,1433.8290217860176,1,0.8179724982495843,high,True
50.54404255319149,7.008730158730159,52.494770380134746,95.08144474086453,113.02585636258343,90.83524065336984,1.2316990398006318,10.835240653369837,1491.4718353417838,1,0.8125206835799286,high,True
50.54404255319149,7.015079365079365,53.87963553533078,98.70499097360837,118.71347109827778,81.53334994001229,0.3443849339873907,1.533349940012286,1553.6441127445287,1,0.8791519287760585,high,True
50.54404255319149,7.021428571428571,54.80584028823012,94.98994648845988,111.57481768714001,91.5684683269455,1.8573798939568016,11.568468326945506,1619.7279579694523,1,0.7959029601188793,high,True
50.54404255319149,7.027777777777778,52.87547835144462,91.530606688647,112.18025452622018,90.59304233226044,0.9483147437286206,10.593042332260438,1689.0666000734313,1,0.8051983116543967,high,True
50.54404255319149,7.034126984126984,52.41433373810506,97.95337270662313,115.92484046750056,83.33282157689344,2.213717540862099,3.332821576893437,1760.970920479032,1,0.8422880426488843,high,True
50.54404255319149,7.04047619047619,52.72895534297706,97.3518280777591,115.6959137868483,90.49088027398001,1.5498920464708554,10.49088027398001,1834.7263017454693,0,0.7980589833440607,high,True
50.54404255319149,7.046825396825397,52.196127512050175,96.33949882750227,114.51832039640468,92.92801893757422,1.0702922861284618,12.928018937574222,1909.5997297583338,0,0.7811029336411259,high,True
50.54404255319149,7.053174603174603,51.44987478760508,97.37193112526191,117.06200339389757,94.61592795217642,1.1511951094518025,14.61592795217642,1984.8470787523738,0,0.7687954656921643,high,True
50.54404255319149,7.059523809523809,51.2106537214014,96.3470664873507,117.35815416131409,94.05319217854318,1.2160029748753165,14.053192178543185,2059.720506765238,0,0.7684329912079885,high,True
50.54404255319149,7.065873015873016,49.605087441395916,94.4171504736328,112.42214429899343,95.48184903026528,2.2819827014227987,15.48184903026528,2133.4758880316754,0,0.7437735754487663,high,True
50.54404255319149,7.072222222222222,52.282893469589986,93.92531250406606,112.55871934033019,101.19267493300428,1.5978073536291273,21.192674933004284,2205.3802084372765,0,0.7091834415629954,high,True
50.54404255319149,7.078571428571428,50.86948690384163,98.51819844594884,115.60504198530215,101.17946085981012,2.187117073242754,21.17946085981012,2274.718850541255,0,0.7049166885961412,high,True
50.54404255319149,7.084920634920635,52.98856436439412,95.98272253234498,117.99837447356819,85.76648463148531,1.478051082433695,5.766484631485312,2340.802695766179,0,0.8050640368555847,high,True
50.54404255319149,7.091269841269841,52.091659768401726,98.78463289654513,119.00957283422362,96.8926240991466,1.4888397559077506,16.8926240991466,2402.9749731689235,0,0.7333563251833929,high,True
50.54404255319149,7.097619047619047,49.69230303080999,92.78233229038037,117.35195129290392,98.38558740976794,1.3558724192097233,18.385587409767936,2460.6177867246897,0,0.7203719911842216,high,True
50.54404255319149,7.103968253968254,52.421855521821826,91.30354982015294,112.20218956474804,92.85776425940746,1.2817049254312196,12.85776425940746,2513.1582562556646,0,0.7476385506277934,high,True
50.54404255319149,7.11031746031746,46.640235033013504,93.0524017123268,112.80533144482786,100.99154201574255,2.1445406743750905,20.991542015742553,2560.0742109698017,0,0.6893075454687795,high,True
50.54404255319149,7.116666666666666,53.31569976183998,98.77925235009292,117.02390917429696,106.27256661478371,1.692103731077522,26.272566614783713,2600.899379032157,0,0.661494707339774,high,True
50.54404255319149,7.123015873015873,48.361651590884485,94.63525978260355,112.66035046279083,97.49664488901108,0.6492067498384801,17.49664488901108,2635.228021580531,0,0.7172168738285218,high,True
50.54404255319149,7.129365079365079,51.071270427142366,91.56980131069088,108.96354183944987,103.64663188045355,1.7023966550599525,23.646631880453555,2662.7189651425597,0,0.6666868332957541,high,True
50.54404255319149,7.135714285714285,50.939631353253546,93.3853861849856,116.13537223797015,98.98041768008154,2.2126073035002807,18.980417680081544,2683.09899237002,0,0.6986020967622909,high,True
50.54404255319149,7.1420634920634924,51.964827380845875,90.4994325592933,113.41825922020249,100.17714812891047,1.5259385689743554,20.177148128910474,2696.165557396988,0,0.6923298817515002,high,True
50.54404255319149,7.148412698412699,49.77793008906809,90.95881011458712,112.00497038065404,108.8698458687926,0.8903857534895029,28.869845868792595,2701.7887988292914,0,0.6405430887359723,high,True
50.54404255319149,7.154761904761905,47.055458163193585,90.75457216321266,116.74270139605463,100.75816650827427,0.6645339567091223,20.75816650827427,2699.9128303677153,0,0.6975782928228937,high,True
50.54404255319149,7.161111111111111,49.79658222982522,93.65852724068331,113.98950314742373,104.61860661579281,1.9688776920841429,24.618606615792814,2690.55629622882,0,0.6624695457067166,high,True
50.54404255319149,7.167460317460318,49.983467909626484,91.1324465716045,107.99171894594674,95.00236048415965,0.5785053422201379,15.002360484159652,2673.8121858534996,0,0.7266796543458063,high,True
50.54404255319149,7.173809523809524,47.273861756030165,88.42960370988385,104.28485898084992,109.53520528494982,1.3521877596014893,29.535205284949825,2649.8469097322827,0,0.6281828953992895,high,True
50.54404255319149,7.18015873015873,50.46162898653747,93.33029559884277,116.7589080643788,103.98366248682036,1.8206740586490326,23.983662486820364,2618.898645546011,0,0.6737782581867908,high,True
50.54404255319149,7.186507936507937,48.83586105969356,92.92576666439547,109.88619264202964,100.22765930736621,1.95621512522213,20.22765930736621,2581.2749710497797,0,0.6913581392503543,high,True
50.54404255319149,7.192857142857143,51.48905762890448,97.63060823017517,117.52017880803754,102.55264690819234,2.1752824349620847,22.552646908192344,2537.3498072223983,0,0.6851967623709682,high,True
50.54404255319149,7.199206349206349,50.22132475448629,95.39136824685565,113.7203493257373,93.8242361037296,2.082559773242595,13.824236103729604,2487.559702076389,0,0.7390571567519905,high,True
50.54404255319149,7.205555555555556,53.61573867770138,96.77514064304225,114.84396607778149,103.34002258021111,1.2063258049164884,23.340022580211112,2432.3994920468976,0,0.6893066783163405,high,True
50.54404255319149,7.211904761904762,50.38144990847781,89.80778923200216,111.52503569190193,96.40745011986279,1.8600563445936593,16.407450119862787,2372.417384081814,0,0.7279572276080444,high,True
50.54404255319149,7.218253968253968,51.51014537201934,96.7072979533799,117.87958829731645,95.94181791636856,3.1788067236253466,15.941817916368564,2308.209507318466,0,0.7316407061299206,high,True
50.54404255319149,7.224603174603175,50.65017916413715,93.71268589635011,114.04021478797836,93.82151044223757,1.8642491768637732,13.821510442237567,2240.413988483418,0,0.7532067472540641,high,True
50.54404255319149,7.230952380952381,48.645589018632734,88.81172206991837,108.96730421470977,92.48467974095014,1.5765996124142108,12.484679740950142,2169.704609900684,0,0.7619421612559758,high,True
50.54404255319149,7.237301587301587,50.88861796555976,91.11304610410242,110.40263366469738,96.60739206283843,2.2247150614301723,16.60739206283843,2096.7841131422488,0,0.7369357938719769,high,True
50.54404255319149,7.243650793650794,52.444439309055646,96.7322255836059,119.5051034038699,93.8882944178924,1.3426278466384496,13.888294417892396,2022.3772148660828,0,0.7726335502378153,high,True
50.54404255319149,7.25,52.338251686245826,93.73575395562622,116.38760098981118,94.53329405950198,0.39845440388882847,14.533294059501983,1947.2234042553537,0,0.7755369802125639,high,True
50.54042553191489,6.85,51.66110255702516,95.73114470332901,113.94958292714747,87.48007701389997,0.5312109398477194,7.480077013899972,1545.7340425531215,1,0.8363709931969651,high,True
50.54042553191489,6.856349206349206,50.04424293795353,90.72329014889958,114.05929433993816,88.8550348423199,2.9637532695933753,8.855034842319895,1470.5802319423924,1,0.8154279598476967,high,True
50.54042553191489,6.862698412698412,53.32435572308262,98.49492723290372,121.71150900909309,84.45590973673045,1.2247650247891162,4.455909736730447,1396.1733336662264,1,0.8658883063059557,high,True
50.54042553191489,6.869047619047619,53.11378865335901,93.21322297507515,113.6122285009132,94.42649564325122,0.8339714888922257,14.426495643251215,1323.252836907791,1,0.8017241789592553,high,True
50.54042553191489,6.875396825396825,53.87382785322677,97.76718888506846,115.82461608012092,78.6629678038621,0.5982810155358751,0.0,1252.5434583250571,1,0.8992089030602956,high,True
50.54042553191489,6.881746031746031,52.31761475791184,94.6629888784434,117.71088274066229,89.45870292292322,1.7936467654832122,9.458702922923223,1184.7479394900092,1,0.8373989473946702,high,True
50.54042553191489,6.888095238095238,50.316880367344375,95.814482606294,118.52950806617832,89.42101050136957,1.284134601789569,9.421010501369565,1120.5400627266613,1,0.8450602919510216,high,True
50.54042553191489,6.894444444444444,53.752030749452956,98.04985078462244,115.09229733897119,80.12924425233254,0.3194462237635642,0.12924425233254055,1060.5579547615775,1,0.9091269815320568,critical,True
50.54042553191489,6.90079365079365,53.0376633544162,97.18881200129994,118.35899233346433,92.09653006448954,0.8003993539578983,12.096530064489542,1005.397744732086,1,0.8371497965007477,high,True
50.54042553191489,6.907142857142857,55.229749900149905,104.82031412068667,128.4055430801377,86.85428527337983,0.7872935763455703,6.85428527337983,955.6076395860771,1,0.8825372542999061,high,True
50.54042553191489,6.913492063492063,53.26594016648241,96.79891861811822,118.57270681633872,86.4988922254506,1.4402645538322427,6.498892225450604,911.6824757586954,1,0.8727687429271227,high,True
50.54042553191489,6.919841269841269,53.22404427857072,98.5175682190753,115.86655843333045,82.51509844244805,0.8178075633863378,2.51509844244805,874.0588012624642,1,0.9009922026823313,critical,True
50.54042553191489,6.926190476190476,53.97546143681717,99.76295180349197,116.77882622602597,81.36694841756588,0.14808723214647387,1.3669484175658795,843.1105370761927,1,0.9150926235481197,critical,True
50.54042553191489,6.932539682539682,52.49873410709663,99.07367442305666,118.47674986841821,81.27291674835084,0.6634513581468142,1.2729167483508377,819.1452609549756,1,0.9151407480891646,critical,True
50.54042553191489,6.938888888888888,52.45763339586451,97.69020428847912,118.86856350328443,83.58727290536457,0.7339476086527419,3.5872729053645713,802.4011505796551,1,0.9014350662580882,critical,True
50.54042553191489,6.9452380952380945,53.29596046822733,96.1694029036885,117.02575407529812,87.582941763007,0.97725780367934,7.582941763007,793.0446164407599,1,0.8734650852099375,high,True
50.54042553191489,6.951587301587302,52.0656983446825,98.19172538080231,120.15189801282382,82.69410564846739,1.0662487459886936,2.694105648467385,791.168647979184,1,0.9066469803376854,critical,True
50.54042553191489,6.957936507936508,53.09216246316213,99.35678800968168,119.2436172927705,78.35116098075956,0.8556485027099006,0.0,796.7918894114873,1,0.9236996994707969,critical,True
50.54042553191489,6.964285714285714,56.32077264959924,96.74978681634894,112.33209184079024,85.36067611455039,0.860632622679365,5.360676114550387,809.858454438455,1,0.8825973925850652,high,True
50.54042553191489,6.970634920634921,54.937442628120685,99.14785914886255,119.98234859148499,85.85270613636386,0.887372915381595,5.852706136363864,830.2384816659156,1,0.8859751917200377,high,True
50.54042553191489,6.976984126984127,53.784525876094534,99.56646968601422,117.287225313621,84.93269931498149,0.6092425612882513,4.932699314981491,857.7294252279444,1,0.8895097662583344,high,True
50.54042553191489,6.983333333333333,55.586516721402646,100.89481876150934,125.61177823816719,85.48499345561106,1.2385453832532103,5.484993455611061,892.0580677763184,1,0.888470696530094,high,True
50.54042553191489,6.98968253968254,51.946531197990524,95.20399412774123,114.00612603783148,81.65362783341575,0.7321796515754748,1.6536278334157544,932.8832358386734,1,0.9021455926098796,critical,True
50.54042553191489,6.996031746031746,56.83367365917515,100.4298394248006,120.67174301613487,79.3036360887303,1.6939295726526857,0.0,979.7991905528107,1,0.9103889196708098,critical,True
50.54042553191489,7.002380952380952,52.31170090396951,96.24242488239923,115.37092169079108,79.87934542539568,1.0486563603295371,0.0,1032.3396600837852,1,0.9067628962844049,critical,True
50.54042553191489,7.008730158730159,55.90404379725708,99.13636843002467,119.18801530411568,77.19506228481329,1.7066766900736072,0.0,1089.9824736395517,1,0.9033110470216473,critical,True
50.54042553191489,7.015079365079365,55.78597604844184,99.79822544074798,119.61269289849844,85.12317296355279,0.8912268360345698,5.12317296355279,1152.1547510422963,1,0.8740436120839482,high,True
50.54042553191489,7.021428571428571,50.03949643796332,93.353910110778,113.16947215375345,84.33429176272614,1.637511884251735,4.334291762726139,1218.23859626722,1,0.8642514729283425,high,True
50.54042553191489,7.027777777777778,54.74769968819059,99.642092122413,119.39608013610138,83.45464682116726,1.6794137594935956,3.454646821167259,1287.577238371199,1,0.8722295838552887,high,True
50.54042553191489,7.034126984126984,51.99550791054559,94.92492634482142,116.86637980378717,73.9907996488261,0.4067813393815907,0.0,1359.4815587767996,1,0.8961804262690698,high,True
50.54042553191489,7.04047619047619,51.44166175493109,96.65172403841427,118.47179796930301,81.47188584758801,2.0322654024902,1.4718858475880126,1433.236940043237,1,0.8740622284031148,high,True
50.54042553191489,7.046825396825397,52.95207696159629,97.01786828151542,116.09703305759803,91.6372232129901,0.9872604861434858,11.637223212990094,1508.1103680561014,1,0.811377132999315,high,True
50.54042553191489,7.053174603174603,50.525316384254914,96.99465109059983,121.24843533245317,85.22705178659993,1.2805501209501935,5.2270517865999295,1583.3577170501414,1,0.8508744750073619,high,True
50.54042553191489,7.059523809523809,52.664079075977575,94.36646884106503,115.26928833197283,90.09133605997859,0.8271415512663015,10.091336059978588,1658.231145063006,1,0.8137726036955143,high,True
50.54042553191489,7.065873015873016,50.37681748254118,93.91305883202429,115.65122762799896,83.87272181809695,2.2068240664446934,3.8727218180969487,1731.9865263294432,1,0.8401352295054562,high,True
50.54042553191489,7.072222222222222,51.93473009649233,94.90789394264476,115.06256266462516,95.98998419176522,1.8954788147923793,15.989984191765217,1803.8908467350439,0,0.7622940936973912,high,True
50.54042553191489,7.078571428571428,53.55850723341132,91.53908101010799,111.0205426962211,90.46102028290237,0.8074733865988963,10.461020282902368,1873.229488839023,0,0.7965945355754708,high,True
50.54042553191489,7.084920634920635,52.0278400647414,98.66827650876533,119.10900320395702,92.98976511427276,1.3350016966962468,12.989765114272757,1939.3133340639465,0,0.7820572932252465,high,True
50.54042553191489,7.091269841269841,50.80813945835464,96.29946313289935,115.4701615039107,101.90336931365378,1.2262336672434317,21.903369313653783,2001.4856114666914,0,0.7203249316052838,high,True
50.54042553191489,7.097619047619047,52.067703105976975,94.91234566137555,109.92539821858745,99.40223647037557,1.3550681325822709,19.40223647037557,2059.1284250224576,0,0.7266712114770687,high,True
50.54042553191489,7.103968253968254,49.062367505138994,89.47274743803635,106.72506469493555,92.79948022001398,0.8157936136842245,12.799480220013976,2111.668894553432,0,0.7657062445009484,high,True
50.54042553191489,7.11031746031746,49.83969879001208,92.77124485094339,112.16314075261535,92.28301852740819,2.2108115265660935,12.283018527408188,2158.5848492675696,0,0.7627262889824951,high,True
50.54042553191489,7.116666666666666,50.3884592537121,94.38558505370194,112.41253225383551,93.91333366809798,2.6881667292224125,13.913333668097977,2199.4100173299244,0,0.7475625844335774,high,True
50.54042553191489,7.123015873015873,52.160471125508664,93.87897863602359,110.8272592768842,97.73378435737689,0.7266803428212503,17.73378435737689,2233.7386598782987,0,0.7334596384305554,high,True
50.54042553191489,7.129365079365079,51.546080945057,93.06815274979914,116.81428383691944,95.66197330884232,1.8215828503952687,15.66197330884232,2261.229603440327,0,0.7437215848153368,high,True
50.54042553191489,7.135714285714285,51.70848854467803,95.99702829668895,113.68470564767769,94.79310330993992,0.8314242855440716,14.793103309939923,2281.6096306677878,0,0.75160449985687,high,True
50.54042553191489,7.1420634920634924,50.84441902897965,94.7983580485191,112.25118674429362,102.43088757013304,1.175471153832436,22.430887570133038,2294.6761956947553,0,0.6994878552873414,high,True
50.54042553191489,7.148412698412699,49.69464061523931,90.74440061936184,111.13675013068548,96.18659560237336,2.9187442639413357,16.18659560237336,2300.299437127059,0,0.7254972606665568,high,True
50.54042553191489,7.154761904761905,53.11186813789541,98.03902982022497,114.87536177666954,105.81465609355811,1.6641898618068272,25.814656093558114,2298.423468665483,0,0.677517988679945,high,True
50.54042553191489,7.161111111111111,49.84748989885931,93.1990898479772,113.6128637530436,96.8442604550539,2.8088317276155825,16.8442604550539,2289.066934526588,0,0.7251573443318567,high,True
50.54042553191489,7.167460317460318,51.54870686161383,95.90753839601157,117.6152756073347,103.38233032396172,0.5676425395144628,23.382330323961725,2272.322824151267,0,0.7040752862782474,high,True
50.54042553191489,7.173809523809524,50.78925377791623,91.68720712347894,108.61852369055352,97.3295651384082,2.288091183570958,17.3295651384082,2248.35754803005,0,0.7226369229501933,high,True
50.54042553191489,7.18015873015873,51.85018574940658,96.34061816115012,117.84476542389764,99.31741280298066,1.855188223154401,19.317412802980655,2217.4092838437787,0,0.7238725497253837,high,True
50.54042553191489,7.186507936507937,50.15641781694691,94.6018919803766,113.62944300932242,92.04675762826668,1.1788951537691434,12.046757628266676,2179.7856093475475,0,0.7714886263401506,high,True
50.54042553191489,7.192857142857143,52.7128418069651,97.55134442981151,118.25748071023779,90.93390802538747,1.0309013258487683,10.933908025387467,2135.8604455201657,0,0.7862548577698995,high,True
50.54042553191489,7.199206349206349,53.28011807589403,93.87473274265207,112.1196544533284,95.5265755410722,0.9383009848967181,15.526575541072205,2086.070340374157,0,0.7545197004036078,high,True
50.54042553191489,7.205555555555556,52.787643119887015,97.58133154565922,118.00973095153574,96.9276675029727,2.7180536904997727,16.927667502972696,2030.9101303446653,0,0.7425459446040581,high,True
50.54042553191489,7.211904761904762,51.633433499861624,97.25850897969809,120.28735402571202,92.37946573753639,1.410129572558985,12.379465737536393,1970.9280223795815,0,0.7849684282300706,high,True
50.54042553191489,7.218253968253968,50.84823523177518,95.59396224203292,113.48587874913247,86.28974166982988,1.1172699934578993,6.28974166982988,1906.7201456162338,0,0.8213905194088313,high,True
50.54042553191489,7.224603174603175,55.844734477116376,91.404556349588,112.61831191367071,85.19554823093262,0.7400154675886951,5.195548230932616,1838.9246267811857,0,0.8332664676806912,high,True
50.54042553191489,7.230952380952381,50.2405324907868,90.58398498121585,112.88205546783165,84.12577777375222,0.48084023038968204,4.125777773752219,1768.2152481984517,1,0.8454795804360264,high,True
50.54042553191489,7.237301587301587,53.170938589245914,99.13870909195359,119.5916828087955,81.9694330078246,1.906440908112651,1.9694330078246054,1695.2947514400166,1,0.8598083828838066,high,True
50.54042553191489,7.243650793650794,52.47300886400825,96.26179402149734,108.82623787970834,88.70174828523731,1.1588932089396151,8.701748285237315,1620.8878531638504,1,0.8156699637125185,high,True
50.54042553191489,7.25,52.007198000498875,98.2474543312497,114.97925691878974,92.01543145867436,1.8005851016083294,12.015431458674357,1545.7340425531215,1,0.8005922074970302,high,True
50.536808510638295,6.85,53.078749141936775,99.02342842132416,120.20862759276065,84.064580401417,2.201349522314468,4.064580401417004,1144.244680850889,1,0.8729171025592634,high,True
50.536808510638295,6.856349206349206,52.170661675620686,98.35637564098138,118.94083327006624,74.55337879391274,1.6388760608592339,0.0,1069.09087024016,1,0.9045604493523299,critical,True
50.536808510638295,6.862698412698412,53.71146139077702,97.21406521900249,115.11097275109485,82.34899308306153,1.178271954148994,2.3489930830615293,994.6839719639939,1,0.8928404210227673,high,True
50.536808510638295,6.869047619047619,53.679536412637454,101.15959929999866,124.47960772444517,82.02127631574432,1.2835344878428157,2.0212763157443163,921.7634752055587,1,0.9072015604051464,critical,True
50.536808510638295,6.875396825396825,57.35132206627596,105.27586636743415,128.044361146798,90.66217773172188,0.6866708167808461,10.662177731721883,851.0540966228248,1,0.8642752400471894,high,True
50.536808510638295,6.881746031746031,55.06732673118716,100.71854749653059,121.77836671143314,76.10112499861712,1.3755350886723965,0.0,783.2585777877767,1,0.9234452038975617,critical,True
50.536808510638295,6.888095238095238,54.355478233834,102.76233469607749,124.42298707734417,80.0635618356293,1.6705735277790998,0.06356183562930084,719.0507010244289,1,0.9269360337015788,critical,True
50.536808510638295,6.894444444444444,54.558496131042546,98.95396263766611,120.42406737112907,88.18967733368864,0.3327143310079543,8.189677333688635,659.0685930593452,1,0.8840670588425547,high,True
50.536808510638295,6.90079365079365,56.55959725683665,100.67837284916948,119.73642238993824,82.94705314138685,0.9387049154856951,2.9470531413868457,603.9083830298537,1,0.9148638883348732,critical,True
50.536808510638295,6.907142857142857,52.44017325812412,98.82962623305265,120.12696957116621,83.2190344433463,0.905889178503626,3.2190344433463025,554.1182778838447,1,0.9162628292160353,critical,True
50.536808510638295,6.913492063492063,53.706479436761164,99.11122357431617,123.9817910504473,81.27707284511058,1.562331698035539,1.277072845110581,510.19311405646306,1,0.9300748854121127,critical,True
50.536808510638295,6.919841269841269,51.192846309013504,99.72735749198253,123.0308259553107,82.02220809581154,0.7120530503120602,2.0222080958115356,472.5694395602318,1,0.9320165330430632,critical,True
50.536808510638295,6.926190476190476,54.95200128713766,105.09225196940413,125.05358356517819,83.72388081858577,0.5484511383914141,3.7238808185857692,441.6211753739603,1,0.9260419287577096,critical,True
50.536808510638295,6.932539682539682,55.43294502876943,104.75892096067398,124.23864786540068,77.31072503750542,0.04894661090230129,0.0,417.65589925274327,1,0.9530295421634147,critical,True
50.536808510638295,6.938888888888888,52.70009667950256,98.41380717564728,120.30834818368564,84.01779335065083,1.1600813952511633,4.017793350650834,400.91178887742274,1,0.9174176743299057,critical,True
50.536808510638295,6.9452380952380945,56.36448211477385,103.81900282321742,121.35749838938311,74.99022471786843,1.2275397045405727,0.0,391.5552547385275,1,0.9435961376221863,critical,True
50.536808510638295,6.951587301587302,53.13722690057313,92.83906669033968,115.62756314083583,81.79109888620205,0.9155632160234082,1.7910988862020503,389.6792862769516,1,0.9288454760147361,critical,True
50.536808510638295,6.957936507936508,53.690802068110784,102.22445244935678,120.29142012817276,81.20647503801278,0.4281537762842806,1.2064750380127833,395.302527709255,1,0.9401314662465682,critical,True
50.536808510638295,6.964285714285714,54.35822355068348,96.37774088665489,115.77802353079719,78.05936926678196,1.2474698306012244,0.0,408.3690927362227,1,0.9370431033566445,critical,True
50.536808510638295,6.970634920634921,56.530278067789354,107.01075416876077,126.2633460179022,80.48746238455679,0.958413390880798,0.48746238455679247,428.74911996368326,1,0.945389827510366,critical,True
50.536808510638295,6.976984126984127,52.7980377266168,99.41667596257567,124.3351757525906,78.16456760965725,1.0091375624104904,0.0,456.240063525712,1,0.9447955888269017,critical,True
50.536808510638295,6.983333333333333,54.455470504100205,98.32959089916442,120.02526502718827,76.47015638825617,0.31065051260125576,0.0,490.568706074086,1,0.9434258263061422,critical,True
50.536808510638295,6.98968253968254,55.10186449271002,100.47832052513786,116.80575008360233,79.47373395874256,0.18842459940836104,0.0,531.393874136441,1,0.9389798923807245,critical,True
50.536808510638295,6.996031746031746,54.702032596656196,99.36669105096419,119.77015229729022,76.63599611614555,0.3525374749347841,0.0,578.3098288505784,1,0.9385044110218627,critical,True
50.536808510638295,7.002380952380952,54.656951598929325,98.84825422581443,121.32380232792677,82.542966511484,0.14978025297694045,2.5429665114839963,630.8502983815529,1,0.9228892116922278,critical,True
50.536808510638295,7.008730158730159,54.78162194402471,101.28920126520823,124.24246296837512,76.89064352963199,0.4786307491067547,0.0,688.4931119373192,1,0.9366269357107974,critical,True
50.536808510638295,7.015079365079365,52.690087374806396,98.41445281245134,117.57771072622032,84.62032958283731,0.9189972242663469,4.620329582837314,750.6653893400639,1,0.8950407332047082,high,True
50.536808510638295,7.021428571428571,55.93026189990857,101.22948733555032,123.08433782609123,77.37230697618999,1.0852382300229988,0.0,816.7492345649875,1,0.9250119545643551,critical,True
50.536808510638295,7.027777777777778,53.103295100498904,97.34324673095577,119.61985542339434,80.20442713385214,0.8186606365266154,0.2044271338521355,886.0878766689666,1,0.9185800544265261,critical,True
50.536808510638295,7.034126984126984,52.772088182777175,97.67913388817033,121.15113732076716,80.38826319344987,1.093350275431014,0.38826319344987326,957.9921970745672,1,0.9135358806717703,critical,True
50.536808510638295,7.04047619047619,55.024966301829615,93.83394604693746,110.94332976154698,88.64886205848703,0.7828124849367437,8.648862058487026,1031.7475783410046,1,0.8500818130793745,high,True
50.536808510638295,7.046825396825397,51.922569877189964,97.27206761439038,120.6233826487584,85.17303351510158,1.2279485339161667,5.173033515101579,1106.621006353869,1,0.874774549302239,high,True
50.536808510638295,7.053174603174603,53.214322880936095,99.22628741292566,118.99108430249373,83.54658300596506,0.2099585472786722,3.5465830059650614,1181.868355347909,1,0.886331799099292,high,True
50.536808510638295,7.059523809523809,51.51705745929447,95.36367725340051,110.69720720368187,86.96270325155513,1.7782405294726884,6.962703251555126,1256.7417833607735,1,0.8424882858502725,high,True
50.536808510638295,7.065873015873016,56.25075463945379,102.42378430025904,117.86439771122369,77.13926782312299,0.16283438570079561,0.0,1330.4971646272109,1,0.9002539769085245,critical,True
50.536808510638295,7.072222222222222,55.809865358379014,101.91039163603294,119.29684696166427,86.01359430142259,2.5611716805478255,6.013594301422586,1402.4014850328115,1,0.8445173304558137,high,True
50.536808510638295,7.078571428571428,52.062025205652695,96.42016389274674,114.58535193992653,94.80302683661535,0.6679808210442768,14.803026836615345,1471.7401271367905,1,0.7940262223806126,high,True
50.536808510638295,7.084920634920635,52.894244686880135,101.94546036599809,122.29390669963189,87.96792213499317,1.2687149621642273,7.967922134993174,1537.8239723617141,1,0.8371450949900774,high,True
50.536808510638295,7.091269841269841,52.01686346612767,98.53779730730507,119.8528922478122,88.32380814975565,2.676765960386123,8.32380814975565,1599.9962497644588,1,0.8199841724210424,high,True
50.536808510638295,7.097619047619047,51.38917680542843,93.47318561516876,114.21867428951123,90.83530763398254,2.2896972402437075,10.835307633982538,1657.6390633202252,1,0.7983514001428177,high,True
50.536808510638295,7.103968253968254,52.00372730834105,89.07844336340173,105.07541177102925,92.78178133258801,1.3374950676862722,12.781781332588011,1710.1795328511998,1,0.780763668015219,high,True
50.536808510638295,7.11031746031746,51.68546642089401,95.38171713315663,113.52663410455845,81.72115547872804,1.1049637910948242,1.7211554787280363,1757.095487565337,1,0.8575482127102758,high,True
50.536808510638295,7.116666666666666,49.39794149827134,93.44244444165365,110.83586471187866,83.43821947536794,2.2045131261271895,3.4382194753679443,1797.9206556276922,1,0.8347542060352631,high,True
50.536808510638295,7.123015873015873,52.017046851526516,94.2688674328501,111.8986306712049,91.4006650632342,1.2510769308345944,11.4006650632342,1832.249298176066,0,0.7906914962449572,high,True
50.536808510638295,7.129365079365079,51.51405617199625,96.29140581773822,112.04325562209706,88.01923881772906,0.7463451594047934,8.019238817729061,1859.740241738095,0,0.8139603665283538,high,True
50.536808510638295,7.135714285714285,52.012523600450805,94.59751900444743,118.42294368266246,96.36658273884152,1.0035145064117401,16.366582738841515,1880.1202689655554,0,0.7654356914072137,high,True
50.536808510638295,7.1420634920634924,51.40665824028914,95.0396847310181,117.74792634530473,90.0128648507452,2.1057388840939923,10.012864850745203,1893.1868339925231,0,0.7964699201012276,high,True
50.536808510638295,7.148412698412699,50.973275189729826,94.083421288751,113.29924228190897,83.60250956332604,1.4351571540906207,3.602509563326038,1898.8100754248264,0,0.8362753393792758,high,True
50.536808510638295,7.154761904761905,52.82920136429157,96.2947986799775,115.73623838994115,86.24617948604164,2.2396701027919814,6.24617948604164,1896.9341069632505,0,0.8169197772354052,high,True
50.536808510638295,7.161111111111111,52.331770844811366,97.13437998452267,115.78659571862772,80.20815316113934,1.9269748934256314,0.2081531611393359,1887.5775728243552,0,0.8572602605307849,high,True
50.536808510638295,7.167460317460318,53.653445054634595,95.33746993968126,113.99209499334663,90.07241189591193,3.1760704662207173,10.072411895911927,1870.8334624490349,0,0.7863240444133072,high,True
50.536808510638295,7.173809523809524,52.34064884554909,94.60964488705898,112.77598589750451,89.9751368460251,0.8165145940554193,9.975136846025094,1846.8681863278177,0,0.8026445406664205,high,True
50.536808510638295,7.18015873015873,51.3529147006244,95.7781806052762,116.01025286983602,88.67427097856533,2.0043060624776965,8.674270978565332,1815.9199221415463,0,0.8076380227302074,high,True
50.536808510638295,7.186507936507937,52.636463701331174,95.32768990988919,118.50790298463602,94.26229464614839,1.108874685545355,14.26229464614839,1778.296247645315,1,0.7830612511603071,high,True
50.536808510638295,7.192857142857143,48.813129304628184,95.46566993988912,117.70212919414843,94.25554180866983,1.4256343575332355,14.255541808669832,1734.3710838179334,1,0.7823822096488438,high,True
50.536808510638295,7.199206349206349,55.02250346632694,97.16307844099207,122.64811259399188,88.24446942840079,2.4674584613779813,8.244469428400791,1684.5809786719244,1,0.8204414066570374,high,True
50.536808510638295,7.205555555555556,52.37103802599352,94.68745174439752,116.68922425159937,79.81226828243652,1.4928433192397905,0.0,1629.420768642433,1,0.8752658970245457,high,True
50.536808510638295,7.211904761904762,55.33744682703184,97.23209351992125,116.32189106074803,90.21665005851114,1.668350200226601,10.216650058511135,1569.4386606773492,1,0.8128735604930086,high,True
50.536808510638295,7.218253968253968,50.86602180995593,96.52042377282436,114.7580131083377,89.3480084571229,0.3041599662440705,9.348008457122901,1505.2307839140012,1,0.8290436879473256,high,True
50.536808510638295,7.224603174603175,50.60990950646645,92.17113476024485,109.03055673669604,87.73663027002966,0.05195713849909158,7.736630270029664,1437.4352650789533,1,0.8384584733717356,high,True
50.536808510638295,7.230952380952381,52.95752089400085,97.24172387582331,114.52296433085452,89.80131390961591,0.8171337087751759,9.801313909615914,1366.7258864962193,1,0.8294809000124429,high,True
50.536808510638295,7.237301587301587,53.07993194028807,102.37592475047319,122.75422121699054,80.60585441631684,0.37466635427555994,0.6058544163168449,1293.805389737784,1,0.9017795859329505,critical,True
50.536808510638295,7.243650793650794,53.17465408989745,97.32830866699678,114.73963129854252,92.71200172148451,0.049673804423844316,12.712001721484512,1219.398491461618,1,0.8239885372700244,high,True
50.536808510638295,7.25,53.079744037211476,100.93717894623583,119.11162542473912,80.28053253654878,3.297474558113787,0.2805325365487761,1144.244680850889,1,0.8881628993080062,high,True
50.533191489361705,6.85,52.594856369747255,94.47982924269432,112.68568577126842,84.7321565345189,2.351993642434103,4.732156534518893,742.7553191494453,1,0.8802919838568257,high,True
50.533191489361705,6.856349206349206,51.450925305821,97.82049685493672,116.59304877207936,74.6524827701886,1.440146500708028,0.0,667.6015085387164,1,0.9236119966737566,critical,True
50.533191489361705,6.862698412698412,54.2455208151704,97.55322644801049,120.56070478543461,77.38573988661312,1.4418876817201318,0.0,593.1946102625502,1,0.9312883897275062,critical,True
50.533191489361705,6.869047619047619,52.03719537473589,99.8010575896689,119.7260682737404,86.91688441316194,0.9138158795748533,6.916884413161938,520.2741135041151,1,0.8943897291524401,high,True
50.533191489361705,6.875396825396825,52.032835087896366,97.53558782844979,117.46037303209033,79.59211019937652,1.409310133095757,0.0,449.56473492138116,1,0.9355867353987162,critical,True
50.533191489361705,6.881746031746031,53.660145761317374,98.81205336685036,117.8737926606847,83.81812359177405,1.0863508061031346,3.8181235917740537,381.7692160863331,1,0.917679720700426,critical,True
50.533191489361705,6.888095238095238,55.003847479447664,102.3604250010849,121.22271617668596,81.2650188477666,0.5149949776443793,1.2650188477665978,317.56133932298525,1,0.944004981561033,critical,True
50.533191489361705,6.894444444444444,57.458843186107174,102.40479702741776,126.56257660915131,79.78885462214801,0.9761742440807971,0.0,257.5792313579015,1,0.9571757867473842,critical,True
50.533191489361705,6.90079365079365,56.05663719204053,102.36571818463493,120.45331909734782,85.58427872878897,0.42994456070686227,5.5842787287889735,202.41902132841005,1,0.9225643289046171,critical,True
50.533191489361705,6.907142857142857,56.83801318109482,99.83303315323111,118.20208285473659,79.12663835767736,1.5426568295107381,0.0,152.62891618240104,1,0.9502862581822116,critical,True
50.533191489361705,6.913492063492063,55.75780738774097,102.20535101536733,128.129190875131,72.91421506493941,0.2667963168605545,0.0,108.70375235501939,1,0.9709153611449763,critical,True
50.533191489361705,6.919841269841269,55.40432727625646,100.08282071122537,119.21380072301002,76.8029313195355,1.1087123180454426,0.0,71.08007785878812,1,0.9582683813764343,critical,True
50.533191489361705,6.926190476190476,58.67612087142821,106.49668686566245,124.92990093081868,82.20983275863121,0.677729624200728,2.209832758631208,40.131813672516614,1,0.9545936580110762,critical,True
50.533191489361705,6.932539682539682,52.982406763321755,97.53990819137013,118.84796151309172,81.58285849441538,1.0496512001348544,1.582858494415376,16.166537551299598,1,0.9511490943778649,critical,True
50.533191489361705,6.938888888888888,54.37896332445993,99.9052914113549,122.75723690378814,73.73176804832939,0.8784681752589953,0.0,0.5775728240209332,1,0.9668719037608605,critical,True
50.533191489361705,6.9452380952380945,54.4767539660556,100.92051984074145,125.98521594553438,77.10294032963846,0.9881668001899984,0.0,9.93410696291619,1,0.9689007319294553,critical,True
50.533191489361705,6.951587301587302,56.3159952222009,104.6695355222857,128.51018481490155,77.67355331524259,1.203230364148463,0.0,11.810075424492084,1,0.9698981452826871,critical,True
50.533191489361705,6.957936507936508,53.51907945122383,99.806566606498,123.67664693737814,78.53824201929085,0.9641385330621264,0.0,6.186833992188667,1,0.9669397150173544,critical,True
50.533191489361705,6.964285714285714,56.13096106558003,98.12070156543967,118.52842271890523,74.4964945190057,0.44362180898489306,0.0,6.879731034779013,1,0.9652269574406004,critical,True
50.533191489361705,6.970634920634921,55.81334717704604,101.9350923265034,126.10715702583221,77.48885288777785,0.4624370416173163,0.0,27.259758262239586,1,0.9716612555019382,critical,True
50.533191489361705,6.976984126984127,56.10748336434205,98.1971410317406,119.58367576224235,77.09498679773232,0.8268218351228493,0.0,54.75070182426833,1,0.9613339951035433,critical,True
50.533191489361705,6.983333333333333,56.01012752425286,103.71035887209774,122.70354246118666,83.11109210026486,0.8463491827766908,3.1110921002648553,89.07934437264231,1,0.9431629217307211,critical,True
50.533191489361705,6.98968253968254,57.041714987860416,103.75447478461061,118.62730647514013,83.28956423963042,0.5999651385571972,3.2895642396304225,129.90451243499734,1,0.9375725367653188,critical,True
50.533191489361705,6.996031746031746,54.565494377495945,100.98585792990178,120.4456771847162,79.51510022497892,1.0849534547661066,0.0,176.82046714913469,1,0.9543716307954855,critical,True
50.533191489361705,7.002380952380952,55.328896886124774,100.08485829408868,118.96318701288249,78.59730847810297,0.24368549886552676,0.0,229.36093668010926,1,0.9558705701864403,critical,True
50.533191489361705,7.008730158730159,53.31372314679579,99.91496498388466,116.30829539868776,80.8187864813176,0.8960488780234647,0.818786481317602,287.00375023587554,1,0.9408670331918358,critical,True
50.533191489361705,7.015079365079365,52.84812249054677,96.16450551431814,120.73942612619864,77.11719753387823,1.6966412004628966,0.0,349.1760276386202,1,0.9419696834078483,critical,True
50.533191489361705,7.021428571428571,56.81261870896544,104.89095722708464,121.72044503658694,75.95506477083187,1.0302022851607033,0.0,415.25987286354393,1,0.944089436159005,critical,True
50.533191489361705,7.027777777777778,52.81200708326316,98.56327512720884,112.60685123564375,76.97776461668731,0.3217788651016165,0.0,484.59851496752293,1,0.9362317330532568,critical,True
50.533191489361705,7.034126984126984,54.8531928793401,102.46844601879462,120.87273179131279,78.43485954985329,0.4602950379332308,0.0,556.5028353731236,1,0.9399789564364349,critical,True
50.533191489361705,7.04047619047619,54.546542861066975,100.50595803913257,121.62192174701784,76.59553285976625,1.5909612896719685,0.0,630.2582166395609,1,0.9295026023172267,critical,True
50.533191489361705,7.046825396825397,55.37038855706556,100.39188242815982,119.05469145363391,82.21215859346955,1.3322721185935815,2.212158593469553,705.1316446524254,1,0.9110903038878707,critical,True
50.533191489361705,7.053174603174603,50.9791786208926,96.22473671987112,122.66903294987036,84.8343768398931,0.7728484603571626,4.834376839893096,780.3789936464653,1,0.8982829049491674,high,True
50.533191489361705,7.059523809523809,54.663869576952216,98.1098995192892,112.6940362331002,75.95232192133406,0.7671418035857551,0.0,855.2524216593298,1,0.9148171364595621,critical,True
50.533191489361705,7.065873015873016,53.103942355325096,97.6301153901683,117.57584655586285,82.81515923107581,0.9140070936606787,2.8151592310758105,929.0078029257671,1,0.8974373305909462,high,True
50.533191489361705,7.072222222222222,52.15967510843755,98.29525950419557,119.55096312757917,82.27138537590531,0.2545859292108331,2.271385375905311,1000.9121233313679,1,0.9036119588335304,critical,True
50.533191489361705,7.078571428571428,52.55766548609423,97.32328033213538,118.93788755660762,84.96887756914559,2.3513452593024033,4.96887756914559,1070.2507654353467,1,0.8686942294156643,high,True
50.533191489361705,7.084920634920635,54.370308149750606,99.93267603118471,120.66180509934534,84.00974711733919,0.7677093354472712,4.009747117339188,1136.3346106602705,1,0.8836660928466469,high,True
50.533191489361705,7.091269841269841,53.801193221910275,98.24134687177813,119.26197188402733,78.70369717963054,0.8603302827034776,0.0,1198.5068880630151,1,0.9036010922628533,critical,True
50.533191489361705,7.097619047619047,52.41046788787896,98.34515435654598,112.61318591106001,79.91358846670865,1.324922590313643,0.0,1256.1497016187814,1,0.8909728835613633,high,True
50.533191489361705,7.103968253968254,50.80137731973526,94.95909188966684,113.41156414744435,85.50470581516697,2.16750917859445,5.504705815166972,1308.690171149756,1,0.8491225830545334,high,True
50.533191489361705,7.11031746031746,50.825300277317695,95.30577431840561,115.32167202801416,89.89530241199563,1.0096569979673453,9.89530241199563,1355.6061258638933,1,0.8289646790067312,high,True
50.533191489361705,7.116666666666666,53.48676624762385,99.14061945614783,121.33210482413008,77.27682110604448,1.1679979311893955,0.0,1396.4312939262484,1,0.8937238872532218,high,True
50.533191489361705,7.123015873015873,50.381272317701665,95.57908245142318,112.08237923567013,87.82174825284345,1.7402466348876289,7.821748252843449,1430.7599364746225,1,0.8300568115990832,high,True
50.533191489361705,7.129365079365079,52.07332098459606,96.2727299862461,115.80892790318194,91.44714180527176,1.2133591901022573,11.447141805271755,1458.250880036651,1,0.8132626863510526,high,True
50.533191489361705,7.135714285714285,56.237175909308895,100.77041366453929,121.07008284020876,86.26481348447393,1.455426684015413,6.264813484473933,1478.6309072641118,1,0.8482806086389384,high,True
50.533191489361705,7.1420634920634924,52.882525340912586,94.77374413714699,113.04240884222668,89.19980573671006,0.8076226659206327,9.199805736710061,1491.6974722910795,1,0.8255745982670972,high,True
50.533191489361705,7.148412698412699,53.2969362612825,99.30053732265402,123.02499770465823,84.23958701861008,0.6331917041232812,4.239587018610081,1497.3207137233828,1,0.8674402651246875,high,True
50.533191489361705,7.154761904761905,50.59521866518953,92.12197851666438,111.75999679416367,86.55673928764791,0.5669758848675568,6.556739287647915,1495.444745261807,1,0.8422282997508236,high,True
50.533191489361705,7.161111111111111,50.3618360465396,95.47447613860587,113.05242408891323,80.46280370537441,1.0508301440714247,0.4628037053744123,1486.0882111229116,1,0.8788499560803682,high,True
50.533191489361705,7.167460317460318,53.42523174670648,96.79831207134552,114.59395451128628,77.41343160867768,1.4940043827379947,0.0,1469.3441007475913,1,0.8811667202556535,high,True
50.533191489361705,7.173809523809524,51.84916727715795,95.3202195363152,112.82360227274998,90.3421559668294,0.5900616834416085,10.342155966829395,1445.3788246263741,1,0.82198244169247,high,True
50.533191489361705,7.18015873015873,54.08651080026793,99.50521515611075,114.91064022675681,82.35272691383378,0.805069186230334,2.352726913833777,1414.4305604401027,1,0.8741174410850883,high,True
50.533191489361705,7.186507936507937,52.60595506073666,95.54739035162763,111.6619430759475,84.14027726503596,1.4915804424610979,4.140277265035962,1376.8068859438713,1,0.8570009962558719,high,True
50.533191489361705,7.192857142857143,57.80228111509915,102.22320133675014,124.97885182176945,80.04224449571637,1.5230875410002909,0.042244495716374786,1332.8817221164898,1,0.8979168206777157,high,True
50.533191489361705,7.199206349206349,51.84646018397613,100.2387541138761,117.25834571762414,79.53844920963061,1.4568002296752878,0.0,1283.0916169704806,1,0.8933917633379315,high,True
50.533191489361705,7.205555555555556,53.23588124524321,100.0734354838219,124.43901872216941,84.04731407052564,0.4927958993262199,4.047314070525644,1227.9314069409893,1,0.8844614294388264,high,True
50.533191489361705,7.211904761904762,51.56747397466785,94.62932899341992,115.67992817425495,81.37233246633446,1.7713148230352966,1.3723324663344556,1167.9492989759055,1,0.8868966198239673,high,True
50.533191489361705,7.218253968253968,54.57171300876037,99.98235026215956,122.44831982920122,85.34373756731834,0.7015308271855399,5.3437375673183425,1103.7414222125576,1,0.8791860167415968,high,True
50.533191489361705,7.224603174603175,53.80668732187848,94.64871967242873,116.0841853301398,85.18573345795893,0.6946465039168531,5.185733457958932,1035.9459033775097,1,0.877245079356242,high,True
50.533191489361705,7.230952380952381,51.83282652456191,97.68939459855851,119.63859532361181,84.2138985268945,0.21556648428359312,4.213898526894496,965.2365247947756,1,0.8936027933955584,high,True
50.533191489361705,7.237301587301587,52.93259759201135,99.94771536761036,123.19207760930028,83.45884880777963,0.684668679280163,3.4588488077796313,892.3160280363404,1,0.9023940132969926,critical,True
50.533191489361705,7.243650793650794,55.60418443580813,101.71895663110487,118.37658457822855,88.41525982509211,1.5961319033329364,8.415259825092107,817.9091297601744,1,0.8642448748278412,high,True
50.533191489361705,7.25,55.56459576919552,97.95393030038312,116.80457994589703,77.46488974953593,2.6427459100387565,0.0,742.7553191494453,1,0.9120485079214996,critical,True
50.52957446808511,6.85,52.33934702699089,97.82517455098504,114.3249404267238,80.14658013681893,1.0557217231206248,0.14658013681892612,341.265957447213,1,0.9393073718784407,critical,True
50.52957446808511,6.856349206349206,53.91121743299118,101.77316573507807,120.86495000298943,84.75350205381444,0.6496015680906563,4.753502053814444,266.112146836484,1,0.9235192777042205,critical,True
50.52957446808511,6.862698412698412,57.491402864722815,104.60219168537753,128.7331725776894,85.17375508365569,1.2623452810702565,5.173755083655692,191.7052485603179,1,0.9283963056696903,critical,True
50.52957446808511,6.869047619047619,54.65604962319449,100.9701896002717,124.19435166507267,74.35732625218513,1.059378412527284,0.0,118.78475180188275,1,0.9611925913247966,critical,True
50.52957446808511,6.875396825396825,55.32627565212822,101.06691206647304,121.01414824759816,78.75784798463356,1.2881387924351997,0.0,48.07537321914879,1,0.9600227876370727,critical,True
50.52957446808511,6.881746031746031,56.649775163089146,101.15675830746301,124.58057161463202,85.43370757497708,0.7899531426556228,5.433707574977078,19.7201456158993,1,0.9343675377058595,critical,True
50.52957446808511,6.888095238095238,52.979560731815965,101.22959289438697,119.70579569541339,82.05447225986741,0.5352842118462438,2.05447225986741,83.92802237924712,1,0.9491003815399713,critical,True
50.52957446808511,6.894444444444444,53.4462928383926,95.18333754985906,115.76662790630402,80.84619350602438,0.6813564966975042,0.8461935060243775,143.91013034433087,1,0.9487400353317851,critical,True
50.52957446808511,6.90079365079365,54.258935113942414,100.66101203882238,121.66008078068259,79.25390980769572,0.5132757144843264,0.0,199.07034037382232,1,0.9582847256654292,critical,True
50.52957446808511,6.907142857142857,56.4515619799247,99.68080242190295,119.73703256154276,78.65959495977715,0.5217642670073119,0.0,248.86044551983133,1,0.9538155818388357,critical,True
50.52957446808511,6.913492063492063,56.08669440442518,102.29260857074681,124.18725098158109,81.42250964505182,0.8847755758153433,1.422509645051818,292.785609347213,1,0.9447587813938777,critical,True
50.52957446808511,6.919841269841269,55.5620613801132,102.23005595370905,120.34395992690406,79.33388643288342,0.22595540892931992,0.0,330.40928384344426,1,0.9523171263418697,critical,True
50.52957446808511,6.926190476190476,54.212542016062834,104.43833188630171,126.9842105305074,80.2404080053188,0.4419320347542664,0.24040800531879825,361.35754802971576,1,0.9544675695307505,critical,True
50.52957446808511,6.932539682539682,56.068461849723576,104.29432181092753,123.38904310734867,80.78140214863383,0.34937005754717815,0.7814021486338305,385.3228241509328,1,0.9469100047538593,critical,True
50.52957446808511,6.938888888888888,54.1122630408776,100.06419361009469,117.30123618410192,77.79619044886978,0.6546530980643771,0.0,402.0669345262533,1,0.9428335354706935,critical,True
50.52957446808511,6.9452380952380945,55.18984169123726,96.75617722705792,110.65272508655686,82.6609350239773,1.7074536018980915,2.660935023977302,411.42346866514856,1,0.9120676837407874,critical,True
50.52957446808511,6.951587301587302,55.68727333580948,99.34684300151983,118.55085807438891,92.19426252220855,1.074915347622373,12.194262522208547,413.29943712672446,1,0.8645056431367668,high,True
50.52957446808511,6.957936507936508,56.87546281806524,102.39371706903688,120.12156667863277,73.4148165486433,1.1943975417593025,0.0,407.67619569442104,1,0.9417751066155163,critical,True
50.52957446808511,6.964285714285714,54.271377614235156,101.33504754294327,119.17803432082755,81.78583972335286,0.7640013064090543,1.785839723352865,394.60963066745336,1,0.9331927124737722,critical,True
50.52957446808511,6.970634920634921,53.852010909989865,97.08128307338896,118.60166679700873,77.39974429949594,1.0725762957750933,0.0,374.2296034399928,1,0.9427396779865086,critical,True
50.52957446808511,6.976984126984127,56.392741157246064,107.69673155777289,130.19152298580337,82.68777306661767,0.4289527380920382,2.687773066617666,346.73865987796404,1,0.9431963234049312,critical,True
50.52957446808511,6.983333333333333,56.575852274961946,104.11828749400308,124.89025228262072,80.49321981936177,0.13838850804809794,0.4932198193617694,312.41001732959006,1,0.9552645374914763,critical,True
50.52957446808511,6.98968253968254,53.7841957346992,99.831908378756,121.90565060708968,83.27941766163056,0.6800188822728771,3.2794176616305606,271.58484926723503,1,0.9332965885433845,critical,True
50.52957446808511,6.996031746031746,53.0355160083611,102.8319257013901,120.97078672081003,84.86079326239,0.4160612379717056,4.860793262390004,224.6688945530977,1,0.9265836425167395,critical,True
50.52957446808511,7.002380952380952,56.627328837026646,101.24132433872694,122.8619739059829,80.86287663845194,0.2171037532902355,0.8628766384519366,172.1284250221231,1,0.9574152153092839,critical,True
50.52957446808511,7.008730158730159,52.45296390352145,102.45186053735497,122.77972145586588,84.5694356130557,1.2393502791662596,4.569435613055703,114.48561146635683,1,0.930234133106508,critical,True
50.52957446808511,7.015079365079365,52.503253613774085,95.08804248827482,121.73844201242906,70.63141636069103,0.2600599874064317,0.0,52.31333406361216,1,0.9673890420598723,critical,True
50.52957446808511,7.021428571428571,54.719180078600026,102.55619287889101,121.51319715783558,86.36240564207961,1.2641788616669336,6.362405642079608,13.77051116131156,1,0.9226317772589929,critical,True
50.52957446808511,7.027777777777778,54.98313424212257,96.955194258756,117.63725784134672,81.52197421549072,0.3376850978315369,1.5219742154907152,83.10915326529056,1,0.9517182273457218,critical,True
50.52957446808511,7.034126984126984,53.09343406228055,99.01193469912884,119.05160383307538,84.38695450746516,0.7159198499033745,4.386954507465163,155.01347367089124,1,0.9291096654785176,critical,True
50.52957446808511,7.04047619047619,54.867643228037686,100.72966509044127,116.47206865338589,75.28511149483334,0.8673601796666252,0.0,228.76885493732857,1,0.9492512247087419,critical,True
50.52957446808511,7.046825396825397,54.78517895488285,101.43846924888638,121.40361382643042,76.96692095469562,0.6618052636645786,0.0,303.642282950193,1,0.9518094645878236,critical,True
50.52957446808511,7.053174603174603,53.5161750130489,99.01427896682587,124.94264985784966,81.03529674926867,0.8717700091306616,1.0352967492686673,378.889631944233,1,0.9437157635168378,critical,True
50.52957446808511,7.059523809523809,57.14035708576632,104.63981237142605,126.46169386079086,80.5794867037433,1.556861473475459,0.5794867037432994,453.7630599570974,1,0.939772672474704,critical,True
50.52957446808511,7.065873015873016,54.591730883001524,101.78203535689832,124.47835820064427,82.00755941133652,1.2461758122515882,2.0075594113365156,527.5184412235348,1,0.9272473510702702,critical,True
50.52957446808511,7.072222222222222,55.5016056479017,102.4478959461863,126.58592851137176,85.46822259698956,0.8910944885390139,5.468222596989563,599.4227616291355,1,0.9064977692751368,critical,True
50.52957446808511,7.078571428571428,51.49243892326751,96.92914691487877,116.5044069505218,74.34586776670334,1.0606359860091235,0.0,668.7614037331144,1,0.9259954301904718,critical,True
50.52957446808511,7.084920634920635,51.35464474274937,99.38840489853047,119.98767934020913,85.59377805630776,1.091824639358377,5.593778056307755,734.8452489580382,1,0.8910054731113279,high,True
50.52957446808511,7.091269841269841,54.12547832457204,98.89730391209605,117.71209628255073,82.03119426478113,0.5428741175219935,2.031194264781135,797.0175263607828,1,0.9115470950261495,critical,True
50.52957446808511,7.097619047619047,56.1104430167452,98.62644796039527,118.83922852381956,81.48240326367602,1.1560622165782743,1.4824032636760194,854.6603399165491,1,0.9091341096861619,critical,True
50.52957446808511,7.103968253968254,51.71618711739492,96.72607710793116,117.21871226605487,76.70423522809705,0.5797551528536381,0.0,907.2008094475236,1,0.9179936374413211,critical,True
50.52957446808511,7.11031746031746,53.36001818061327,97.14248094721438,120.31212036232652,84.87556338856004,0.40177801404024704,4.875563388560039,954.116764161661,1,0.8894554908821416,high,True
50.52957446808511,7.116666666666666,51.217763878002415,96.51075534244133,113.86004435329954,73.45721787308942,0.2606033777076064,0.0,994.941932224016,1,0.9123755918907147,critical,True
50.52957446808511,7.123015873015873,51.9300855076624,98.91101046498322,123.02787664783718,85.92579351265195,0.7891094202418298,5.92579351265195,1029.27057477239,1,0.8792674089868642,high,True
50.52957446808511,7.129365079365079,53.247917053701585,98.72362475810031,120.0527405612056,77.54417266034362,0.7266633504157548,0.0,1056.7615183344187,1,0.9123702423083796,critical,True
50.52957446808511,7.135714285714285,52.18254768974121,97.63527254296616,116.98104299371862,83.86321743841786,0.9078297170708054,3.8632174384178626,1077.1415455618794,1,0.8829266586117077,high,True
50.52957446808511,7.1420634920634924,50.93964300541894,95.55109426210943,114.47149198962344,83.26178724492297,1.264055643579572,3.261787244922971,1090.208110588847,1,0.8811478785555488,high,True
50.52957446808511,7.148412698412699,50.895935501488445,97.88837582108508,117.77331071118283,88.45528026671174,1.3551374518764023,8.455280266711739,1095.8313520211505,1,0.8511019917640009,high,True
50.52957446808511,7.154761904761905,50.06217416902793,98.05680926525218,117.23952378553464,83.04958583934979,0.9087443606769622,3.0495858393497883,1093.9553835595746,1,0.8874235473737733,high,True
50.52957446808511,7.161111111111111,53.62290332289945,100.51040752186866,117.07591598545353,80.9235375722819,0.1820136801825695,0.9235375722819015,1084.5988494206792,1,0.9058604391531072,critical,True
50.52957446808511,7.167460317460318,53.83458693751629,99.83126212585799,122.80571808584723,81.56031835509025,0.8703520724214883,1.5603183550902457,1067.8547390453587,1,0.9038586442647886,critical,True
50.52957446808511,7.173809523809524,53.87036238037118,98.78576240192564,112.36833208800027,88.519076743105,1.07132630894828,8.519076743105003,1043.8894629241418,1,0.8497874539043984,high,True
50.52957446808511,7.18015873015873,51.67389931629483,98.12776746389922,118.88635952858073,85.37251280780629,0.9044666241665119,5.372512807806288,1012.9411987378703,1,0.8786313170484544,high,True
50.52957446808511,7.186507936507937,54.615121009678504,101.35441153621369,119.1726528452402,81.44951237329,0.7257548026133949,1.4495123732900055,975.3175242416389,1,0.9065089589493397,critical,True
50.52957446808511,7.192857142857143,54.246780079877794,98.08462703925025,119.28628345236258,81.78281237444614,0.7107824760278083,1.782812374446138,931.3923604142574,1,0.9068355382511759,critical,True
50.52957446808511,7.199206349206349,53.28924471918898,93.91174507306224,109.39423804248548,76.17595805907844,0.5257033944632024,0.0,881.6022552682483,1,0.9118094359826517,critical,True
50.52957446808511,7.205555555555556,53.145308881549,92.10312506613485,113.49210038629735,83.70221709218389,0.1765559560699612,3.7022170921838864,826.4420452387569,1,0.8978541015910771,high,True
50.52957446808511,7.211904761904762,52.51886896571216,99.00883272788583,121.65675567709646,74.80852941774387,0.7562449918835573,0.0,766.4599372736732,1,0.928292125534189,critical,True
50.52957446808511,7.218253968253968,53.90159901013477,98.90017118926507,116.13147588339265,84.55835897024642,1.1909984350059024,4.558358970246417,702.2520605103252,1,0.8945891397271302,high,True
50.52957446808511,7.224603174603175,56.16784942347594,98.9298132636184,116.40738086784967,81.78061544395871,0.7516829189448395,1.780615443958709,634.4565416752772,1,0.9185444877997115,critical,True
50.52957446808511,7.230952380952381,55.58407861134337,101.91059476082081,123.02839783667295,90.54744566841913,0.6229615895572418,10.54744566841913,563.7471630925432,1,0.8747664269907112,high,True
50.52957446808511,7.237301587301587,53.6337837909202,101.56009438503028,122.48534962478328,76.35721577038862,1.2429278957623349,0.0,490.8266663341081,1,0.939657830336329,critical,True
50.52957446808511,7.243650793650794,54.97103661514136,104.16474459055503,123.01945227165128,80.13477896913815,1.8953123286668023,0.13477896913815357,416.419768057942,1,0.9387206797871953,critical,True
50.52957446808511,7.25,52.658795411606725,102.54529056861581,122.09887582598071,87.55947040532284,1.701824674496323,7.559470405322841,341.265957447213,1,0.8964433900903768,high,True
50.52595744680851,6.85,55.97135634859083,101.22244807894903,120.46806856820368,84.77696643803291,1.7218569797387089,4.776966438032915,60.223404255019375,1,0.9261218115861556,critical,True
50.52595744680851,6.856349206349206,53.476847974131935,97.06515507224557,122.20903631267791,77.27279728863216,0.6028002972528467,0.0,135.37721486574839,1,0.9614215069210381,critical,True
50.52595744680851,6.862698412698412,55.60832742688834,98.64163293283382,122.47738692483239,81.03429626972913,0.6057570508354976,1.0342962697291256,209.78411314191447,1,0.9514854492430264,critical,True
50.52595744680851,6.869047619047619,58.88071216830478,105.3657872840999,123.29755683221313,80.25938279784816,0.8030812360307855,0.2593827978481613,282.7046099003496,1,0.9521873089437727,critical,True
50.52595744680851,6.875396825396825,53.431931082569626,100.13831468224868,118.59615041590487,81.52068698003235,0.37953742536002033,1.5206869800323517,353.4139884830836,1,0.9388909078641483,critical,True
50.52595744680851,6.881746031746031,58.537934419821134,104.32300989778138,125.55168014452221,77.76332496715544,1.0476699099168234,0.0,421.20950731813167,1,0.9475067387125035,critical,True
50.52595744680851,6.888095238095238,54.764548928696726,100.26891734156114,118.9898477297358,80.38386627377128,0.4143998422217295,0.38386627377127525,485.4173840814795,1,0.9395571486997798,critical,True
50.52595744680851,6.894444444444444,52.78816290165707,97.3809154096108,111.15762632006917,74.54341951227656,0.6621413399559327,0.0,545.3994920465632,1,0.9294733761180348,critical,True
50.52595744680851,6.90079365079365,52.613512338124856,97.97520515275178,118.19428193517663,81.67494704060435,1.0001884522732587,1.6749470406043514,600.5597020760547,1,0.9210299548124415,critical,True
50.52595744680851,6.907142857142857,57.259160586052424,101.71018721738031,123.12638222796156,83.13043986194019,0.48130859385393504,3.1304398619401894,650.3498072220636,1,0.9178349187707059,critical,True
50.52595744680851,6.913492063492063,54.36791687661925,101.71401576417277,123.44913205387807,80.60645513893378,0.9120316283561818,0.6064551389337822,694.2749710494454,1,0.9288648280273617,critical,True
50.52595744680851,6.919841269841269,52.708223198535975,97.04649664133551,117.58466787801225,75.2247041152828,0.8369725725200793,0.0,731.8986455456766,1,0.9254099184505945,critical,True
50.52595744680851,6.926190476190476,53.194123840405524,101.20937875786403,120.29632615421245,85.78454008589614,0.9791061819091774,5.78454008589614,762.8469097319481,1,0.889473230584703,high,True
50.52595744680851,6.932539682539682,54.10061281815156,96.39506741258164,119.00303179307167,83.40532623067477,1.3356324460715996,3.405326230674774,786.8121858531651,1,0.8994749172515522,high,True
50.52595744680851,6.938888888888888,53.41010100305661,96.23953339186731,118.18108039457708,79.1269251849341,1.0463589411219516,0.0,803.5562962284857,1,0.9210275393090064,critical,True
50.52595744680851,6.9452380952380945,53.92458728016945,94.83203720260482,119.62086616090335,80.95615636160113,0.5116789023954361,0.9561563616011313,812.9128303673809,1,0.919588054699891,critical,True
50.52595744680851,6.951587301587302,56.06265997859938,100.12142895179315,118.77884687367944,76.08548503323637,0.6539828897559795,0.0,814.7887988289568,1,0.9236795210005251,critical,True
50.52595744680851,6.957936507936508,51.72076618328418,92.54828894240345,110.39656869225598,77.9577988043574,1.0227133312803387,0.0,809.1655573966534,1,0.9131202019472211,critical,True
50.52595744680851,6.964285714285714,54.4040448309752,97.04875834682099,121.15800813474911,79.84221849366699,1.0149947255848193,0.0,796.0989923696857,1,0.9245864270123659,critical,True
50.52595744680851,6.970634920634921,53.3658537540916,99.09470635911876,117.15241664649177,86.80638873612953,0.9440700790741076,6.806388736129534,775.7189651422252,1,0.8795327382614103,high,True
50.52595744680851,6.976984126984127,52.77818095945934,98.10260045070072,120.21514695906939,79.20291671008253,0.3081128246891909,0.0,748.2280215801964,1,0.9307496603821316,critical,True
50.52595744680851,6.983333333333333,55.199629761670444,98.64002448834663,121.06777745944873,84.16390892752004,0.8011368807921625,4.1639089275200405,713.8993790318225,1,0.904007465172243,critical,True
50.52595744680851,6.98968253968254,51.47644035507231,96.75530598380637,117.66998541681025,79.27168682312718,0.3851511704873653,0.0,673.0742109694675,1,0.931448600398421,critical,True
50.52595744680851,6.996031746031746,50.208146166184655,95.1752502960444,118.06489756606646,82.2250155981046,0.48009265147028335,2.225015598104605,626.1582562553301,1,0.9196500195886775,critical,True
50.52595744680851,7.002380952380952,54.19513197510947,99.92169515248645,122.24075170916336,80.46936816391887,0.24781840516886783,0.4693681639188725,573.6177867243555,1,0.9389741886473267,critical,True
50.52595744680851,7.008730158730159,53.7621246691791,101.61570272737899,126.10061103532081,84.32962358532934,0.5295181244161292,4.329623585329344,515.9749731685893,1,0.919711594139142,critical,True
50.52595744680851,7.015079365079365,52.06081270040688,96.42142060719449,120.95631292926217,78.5085060544383,2.1764483166454767,0.0,453.80269576584453,1,0.9337565226966666,critical,True
50.52595744680851,7.021428571428571,51.65356978211058,93.16606554120474,114.60608855288768,74.18272030064118,0.4777758908068825,0.0,387.7188505409208,1,0.9420349734204624,critical,True
50.52595744680851,7.027777777777778,57.25218596216045,102.05841770255395,122.4054427136263,74.79103913731956,0.911863543317859,0.0,318.3802084369418,1,0.9504073420029935,critical,True
50.52595744680851,7.034126984126984,55.19391704599201,106.45001103858893,126.68329257823687,78.0635734867803,0.6888984012154369,0.0,246.47588803134113,1,0.9597668421685669,critical,True
50.52595744680851,7.04047619047619,54.67705059209768,100.33910394136763,119.5713147330707,75.09759450607285,0.4535653768024357,0.0,172.7205067649038,1,0.9579115202161426,critical,True
50.52595744680851,7.046825396825397,58.0922869022468,102.33922026119734,125.06989616567225,81.67096216705562,0.5848374322693003,1.6709621670556203,97.84707875203935,1,0.955835112468844,critical,True
50.52595744680851,7.053174603174603,56.48654757360065,104.75646404908804,126.12622884666956,78.13853384051012,1.0759253768367754,0.0,22.5997297579994,1,0.9678234065131911,critical,True
50.52595744680851,7.059523809523809,57.54645212862823,97.44295312846926,118.07600599895488,89.50702109708655,0.6906378560085368,9.50702109708655,52.27369825486505,1,0.9014391868560304,critical,True
50.52595744680851,7.065873015873016,52.97217088224021,97.20734031416092,119.8123589208833,73.09910085115447,1.097971077797614,0.0,126.02907952130238,1,0.9561910977595007,critical,True
50.52595744680851,7.072222222222222,52.770682324813265,100.44842171777493,114.38056039527956,80.93776156372948,1.136273430414863,0.9377615637294809,197.93339992690306,1,0.9410477244228593,critical,True
50.52595744680851,7.078571428571428,55.383470903170526,100.26912551057526,121.7382404215239,75.71287663412994,0.34036821505328374,0.0,267.27204203088206,1,0.9561055168862911,critical,True
50.52595744680851,7.084920634920635,54.94833025044527,102.1682670688204,127.21573117471654,78.37592948691434,0.9341573889455552,0.0,333.3558872558058,1,0.9543202208856225,critical,True
50.52595744680851,7.091269841269841,56.07855435181873,101.84550205233771,121.71948240046225,81.05775034322554,1.1285855819775052,1.0577503432255355,395.52816465855045,1,0.937808230642525,critical,True
50.52595744680851,7.097619047619047,51.64513137794259,95.2856905407176,119.0522686013053,71.3444637540355,0.23119966666681505,0.0,453.17097821431673,1,0.9448523885794773,critical,True
50.52595744680851,7.103968253968254,55.044649454397664,97.95698193115985,116.1499808977614,81.7517187849198,1.9737614271712811,1.7517187849198024,505.7114477452913,1,0.9167577565902728,critical,True
50.52595744680851,7.11031746031746,55.3825854776533,99.54180540187036,119.46037890041319,88.57222204550976,0.7892515839096786,8.572222045509761,552.6274024594286,1,0.8829909437669411,high,True
50.52595744680851,7.116666666666666,55.22455906884561,101.31228146354749,122.20572580030627,79.29400827005783,0.9106163397499026,0.0,593.4525705217836,1,0.9364623216758844,critical,True
50.52595744680851,7.123015873015873,53.144659602509094,98.84944662183077,119.80966363811876,82.27885792830067,0.9441180778120934,2.278857928300667,627.7812130701577,1,0.9178836204139844,critical,True
50.52595744680851,7.129365079365079,54.48029313102388,98.96019388273538,124.78254243132807,85.45025849217315,0.3362723332854939,5.450258492173148,655.2721566321864,1,0.9057130034683998,critical,True
50.52595744680851,7.135714285714285,52.50020593352279,99.20574940649972,119.94541203816232,80.78007408581071,0.8077130513492671,0.7800740858107105,675.652183859647,1,0.9259025861332013,critical,True
50.52595744680851,7.1420634920634924,53.19952549381167,97.14031858352723,116.27354077755413,79.16812218106062,0.973446598372867,0.0,688.7187488866147,1,0.925347959344071,critical,True
50.52595744680851,7.148412698412699,52.06390260407545,97.52562014022656,116.7389566890665,72.41347989730566,0.9791100047774636,0.0,694.3419903189181,1,0.9254944571412709,critical,True
50.52595744680851,7.154761904761905,52.493856463365084,97.37010533869076,118.26524590794128,84.07220532295672,1.3592106323015067,4.072205322956719,692.4660218573422,1,0.8991292573312514,high,True
50.52595744680851,7.161111111111111,53.28811963297364,99.21127526348504,117.62775867549735,81.0150857155281,0.7709674474149251,1.0150857155281017,683.1094877184469,1,0.9219882155847582,critical,True
50.52595744680851,7.167460317460318,52.944899454784135,99.86273572941239,118.62937898231812,77.34595152936585,0.6736066903342511,0.0,666.3653773431264,1,0.9308203988462668,critical,True
50.52595744680851,7.173809523809524,52.588663617565395,97.15233250556625,120.32700448520569,81.80441891467673,0.3325412518915981,1.8044189146767309,642.4001012219094,1,0.9247124395281033,critical,True
50.52595744680851,7.18015873015873,51.83647486512204,99.62159535622818,120.30399000890803,78.84125530953072,0.4018261000131574,0.0,611.4518370356379,1,0.9370525574903716,critical,True
50.52595744680851,7.186507936507937,56.79957226325165,103.89684910133883,121.56811253699172,78.92200492857508,0.5239150023087902,0.0,573.8281625394065,1,0.9393839377279628,critical,True
50.52595744680851,7.192857142857143,53.191641030299415,98.85087470713376,115.44872755509547,83.30838072356761,1.3763364786779206,3.308380723567609,529.902998712025,1,0.9091006215726771,critical,True
50.52595744680851,7.199206349206349,54.533843882723794,99.69778304343043,113.2393969995999,75.37150867490048,0.1663513243716845,0.0,480.11289356601594,1,0.9381247434921545,critical,True
50.52595744680851,7.205555555555556,51.507948901368685,95.29926532270039,114.74455150585673,84.75727035026793,0.12534995240617314,4.75727035026793,424.9526835365245,1,0.9129283112904814,critical,True
50.52595744680851,7.211904761904762,56.30063448710961,102.69924133934336,122.437322346451,74.82823210102237,1.4110584231579888,0.0,364.97057557144075,1,0.9447817374134924,critical,True
50.52595744680851,7.218253968253968,54.64193377167675,102.8430006838888,125.81183297478103,77.63372050437012,1.4933138914827853,0.0,300.7626988080929,1,0.9508182720911578,critical,True
50.52595744680851,7.224603174603175,53.86062217643434,99.69890690448196,120.9911367930504,87.86249664153459,1.219953672063328,7.862496641534591,232.96717997304484,1,0.9020691493043848,critical,True
50.52595744680851,7.230952380952381,54.016002641389015,97.72803249556966,117.52062376386066,84.59222954454206,1.3526349815143583,4.5922295445420644,162.25780139031087,1,0.9216887324975281,critical,True
50.52595744680851,7.237301587301587,56.12088159747704,100.2991217078605,125.82044689231137,80.41551979580915,1.326082308981498,0.41551979580914633,89.33730463187572,1,0.9599160342103671,critical,True
50.52595744680851,7.243650793650794,50.539591611305106,98.17045010030685,119.73186622023664,76.23858029855349,0.777341635586698,0.0,14.930406355709636,1,0.963803068331873,critical,True
50.52595744680851,7.25,53.63996557441942,102.75630013502003,123.29906215761918,77.89431865006767,0.8790806533165826,0.0,60.223404255019375,1,0.964427354256091,critical,True
50.522340425531915,6.85,53.89605060606697,99.35082534614361,117.87687363513302,80.96363090976824,0.15478889237118093,0.9636309097682414,461.71276595725175,1,0.9377366162020777,critical,True
50.522340425531915,6.856349206349206,53.733132803099714,97.52968978872977,119.58592965550315,81.05667464684736,0.4923166737898698,1.0566746468473553,536.8665765679807,1,0.9328562731257091,critical,True
50.522340425531915,6.862698412698412,57.54417919537506,103.68247290542146,124.24916427868718,80.8118070469848,0.5987127288385771,0.8118070469847964,611.2734748441469,1,0.9346202783005676,critical,True
50.522340425531915,6.869047619047619,53.14111937693024,97.04976450403512,119.97049942099272,81.34909333779702,0.24623893731064636,1.3490933377970151,684.193971602582,1,0.925687374564228,critical,True
50.522340425531915,6.875396825396825,54.9995561354613,102.97045376273005,119.18717247797409,80.93499033015551,0.5929304308391553,0.9349903301555145,754.903350185316,1,0.9216454458663085,critical,True
50.522340425531915,6.881746031746031,56.105001971421565,101.31843307971442,120.59847780016509,76.36098878744299,0.7310511493974519,0.0,822.6988690203641,1,0.9245898600198306,critical,True
50.522340425531915,6.888095238095238,54.274428564744284,98.69854689953641,122.05251665326779,80.40813046075552,1.1964240676427929,0.4081304607555154,886.9067457837118,1,0.9171802035334082,critical,True
50.522340425531915,6.894444444444444,52.14746663424515,96.53856343165194,116.71253445943336,86.4786463619305,1.12166385327108,6.478646361930501,946.8888537487956,1,0.8713987929881208,high,True
50.522340425531915,6.90079365079365,51.13073838810938,96.42135466725512,116.71843845752021,77.68495419394678,0.6596928360875696,0.0,1002.0490637782871,1,0.9122180330280221,critical,True
50.522340425531915,6.907142857142857,54.08527930681105,99.062942292575,122.16492036114798,82.72172712706202,0.6858037336640063,2.7217271270620245,1051.839168924296,1,0.8979901424797022,high,True
50.522340425531915,6.913492063492063,55.35547040598137,104.6368343979921,124.06100205620194,80.49764997056627,0.6321465097766193,0.4976499705662718,1095.7643327516778,1,0.9119481630374013,critical,True
50.522340425531915,6.919841269841269,53.63937021807979,100.5932184354396,124.85509321581728,84.48586763933655,1.2346722878705005,4.485867639336547,1133.388007247909,1,0.8819178715217652,high,True
50.522340425531915,6.926190476190476,54.61530578490722,97.33169626363217,115.78907363229793,82.70960355453828,0.7217572072876479,2.709603554538276,1164.3362714341806,1,0.8858255231294736,high,True
50.522340425531915,6.932539682539682,56.61038458615971,100.29884855636395,118.22995327644661,90.3510529924537,0.5722759557731398,10.351052992453702,1188.3015475553975,1,0.8403056216573535,high,True
50.522340425531915,6.938888888888888,53.94878875822936,99.16449906514683,118.76991536542809,86.59386070471477,1.7706322082998753,6.593860704714771,1205.045657930718,1,0.8555017883424257,high,True
50.522340425531915,6.9452380952380945,51.02518839396352,93.91899561854858,108.52252875344132,79.39151960566795,0.8356106126457379,0.0,1214.4021920696132,1,0.8922316817323224,high,True
50.522340425531915,6.951587301587302,52.74940498223989,96.76020979634431,113.67365988956496,87.33798690595692,1.43056142827568,7.3379869059569245,1216.2781605311893,1,0.8474602575122702,high,True
50.522340425531915,6.957936507936508,54.73810227055227,98.74487796371446,119.29325511110298,81.51154159926372,1.7147311413041009,1.5115415992637224,1210.6549190988858,1,0.8878818332187332,high,True
50.522340425531915,6.964285714285714,52.33279374840283,97.08999980103431,116.03284096225252,82.20318614540957,0.4722343697330764,2.2031861454095747,1197.588354071918,1,0.8892352807182929,high,True
50.522340425531915,6.970634920634921,55.000757703155514,95.09077816465623,114.88153888661608,85.61421589979632,0.7863383913812674,5.614215899796321,1177.2083268444576,1,0.8656900172281243,high,True
50.522340425531915,6.976984126984127,52.69081958793312,96.98072311712659,118.22955283748054,82.19074161112525,1.1049808058759498,2.1907416111252473,1149.7173832824287,1,0.8896850098979867,high,True
50.522340425531915,6.983333333333333,53.35420262359192,98.56854183167101,118.12223378594071,87.48457541897308,0.39722475125716483,7.48457541897308,1115.3887407340549,1,0.8629260353722751,high,True
50.522340425531915,6.98968253968254,52.40000096620108,96.13640188207164,120.66699218021023,80.53389795695426,1.2143367706888002,0.533897956954263,1074.5635726716998,1,0.9055063728444024,critical,True
50.522340425531915,6.996031746031746,53.25026745165342,98.8675176794411,115.61406578944641,80.84593104199546,0.2700628110793329,0.8459310419954562,1027.6476179575625,1,0.9071441971385678,critical,True
50.522340425531915,7.002380952380952,53.42524931926979,96.3346387176791,114.77924347141317,80.36525810273807,0.9351716091904176,0.3652581027380677,975.1071484265879,1,0.907506545513368,critical,True
50.522340425531915,7.008730158730159,50.79939089866851,92.6195320867078,116.0693270945514,80.38504641641917,0.9155340725015018,0.38504641641917203,917.4643348708216,1,0.9116860097650472,critical,True
50.522340425531915,7.015079365079365,52.66459568913352,97.64588902840204,115.96624379844869,86.69769460029211,1.0699875336715634,6.69769460029211,855.2920574680769,1,0.8742077994487419,high,True
50.522340425531915,7.021428571428571,51.60015878511284,93.1191017334526,112.68371470044936,84.47428882464914,1.077249325770194,4.474288824649136,789.2082122431532,1,0.8880773367624333,high,True
50.522340425531915,7.027777777777778,52.96944750597637,97.45187826241602,120.59144609825572,88.46975423299665,0.6831832807403173,8.46975423299665,719.8695701391741,1,0.8771074484301324,high,True
50.522340425531915,7.034126984126984,52.52351635033951,96.82650516043017,118.0213026047031,90.39119615553679,1.6418494091310318,10.39119615553679,647.9652497335735,1,0.8597324014183793,high,True
50.522340425531915,7.04047619047619,55.37492758585068,99.1781038258186,121.88038460594558,76.91421967496291,1.812635089942591,0.0,574.2098684671362,1,0.9310856572496382,critical,True
50.522340425531915,7.046825396825397,55.536701168164115,98.58804358600374,117.06139730487186,81.06593773618859,0.41441350946994915,1.0659377361885873,499.3364404542717,1,0.93266970770118,critical,True
50.522340425531915,7.053174603174603,54.98853717252314,96.41127265388232,116.14264537934662,75.86090165994312,0.4381758295540659,0.0,424.08909146023177,1,0.942017018609308,critical,True
50.522340425531915,7.059523809523809,52.39376290180915,97.09709161889705,117.80205102633573,77.27316132119697,0.6154082580108385,0.0,349.2156634473673,1,0.946238546133895,critical,True
50.522340425531915,7.065873015873016,54.294330893910704,100.31656017080101,116.42949989955977,77.71833686240832,1.3592547624418925,0.0,275.46028218093,1,0.943594787374234,critical,True
50.522340425531915,7.072222222222222,52.56467358048847,97.20849828642207,114.87490495061701,75.90170974727934,0.7693673261681164,0.0,203.5559617753293,1,0.9495679913540631,critical,True
50.522340425531915,7.078571428571428,54.50454592157682,98.79086594383708,115.9036854904376,75.84911283611841,0.4488325109350591,0.0,134.2173196713503,1,0.956200602767303,critical,True
50.522340425531915,7.084920634920635,55.83120316937128,105.26399782481339,120.6760373703282,79.43746391269212,0.18140510055024392,0.0,68.13347444642659,1,0.9660599963110051,critical,True
50.522340425531915,7.091269841269841,56.47586609512825,102.95295272962733,126.37071673827626,75.13323810055321,0.531805635921794,0.0,5.961197043681921,1,0.9725272859799469,critical,True
50.522340425531915,7.097619047619047,55.60301740273519,102.56821371654064,122.29410988085627,83.3769091347632,1.0714548304788134,3.3769091347631957,51.68161651208436,1,0.9414613147597899,critical,True
50.522340425531915,7.103968253968254,56.67414344381154,106.03074904170577,125.48457422274996,76.36315181955027,1.1357310119974435,0.0,104.22208604305894,1,0.962701929840614,critical,True
50.522340425531915,7.11031746031746,55.08083848316632,101.785449473745,121.38343430052198,91.31012505748073,0.8013074531490255,11.310125057480732,151.13804075719628,1,0.8877962009657474,high,True
50.522340425531915,7.116666666666666,54.25844788548682,100.18102670285884,119.89189354699703,78.3103693453148,1.2959232040001376,0.0,191.9632088195513,1,0.9516542450793518,critical,True
50.522340425531915,7.123015873015873,55.850303050284225,102.60388419971025,120.99853298433264,80.44913960144993,0.43133610804305034,0.4491396014499287,226.2918513679253,1,0.9540012438532539,critical,True
50.522340425531915,7.129365079365079,55.84450233488874,101.79042891863696,121.94269394711239,75.02121619856493,0.9166084313340462,0.0,253.78279492995404,1,0.9531428313250543,critical,True
50.522340425531915,7.135714285714285,53.657861159645485,98.38095620791688,119.17644282067783,87.06079091572151,1.1314555416942724,7.060790915721512,274.1628221574146,1,0.9037953215449192,critical,True
50.522340425531915,7.1420634920634924,54.98657149277845,101.70311863940205,125.67355350638722,84.73749949867168,1.0083559047365367,4.737499498671681,287.2293871843823,1,0.9249803395822266,critical,True
50.522340425531915,7.148412698412699,53.96544306127148,98.14770332667106,125.91106312862343,81.45742032911512,1.2198548612912994,1.4574203291151235,292.8526286166857,1,0.9440271888988776,critical,True
50.522340425531915,7.154761904761905,51.397751465275284,93.98194426711743,111.3267102931447,74.8791016795516,0.7326032174969096,0.0,290.9766601551098,1,0.9418938558354097,critical,True
50.522340425531915,7.161111111111111,55.08942285304834,104.64075346502355,127.82858943805482,81.09212790224282,0.14448798696388063,1.0921279022428223,281.62012601621456,1,0.9559585305018005,critical,True
50.522340425531915,7.167460317460318,52.520854924736966,101.77619791775156,121.652583814755,75.73495404611445,0.9108874021400559,0.0,264.876015640894,1,0.9523362003517766,critical,True
50.522340425531915,7.173809523809524,55.00286483616605,100.29543460290193,119.085751147812,86.03197303226055,1.2438721764244014,6.031973032260552,240.910739519677,1,0.911047901544037,critical,True
50.522340425531915,7.18015873015873,52.26962628503341,96.35111665667885,122.17938799753118,83.3754409691624,0.7823320503805005,3.3754409691623977,209.9624753334055,1,0.9353692111710592,critical,True
50.522340425531915,7.186507936507937,53.568851863810956,97.49081275650042,116.37099172546186,80.47517625996421,1.6934390599069231,0.47517625996421486,172.33880083717423,1,0.9434946063261139,critical,True
50.522340425531915,7.192857142857143,54.08686301508205,100.99438502696552,121.2138355928704,70.30636499029364,0.6055624292234074,0.0,128.41363700979258,1,0.9607560708808913,critical,True
50.522340425531915,7.199206349206349,56.641220371498015,104.36144371107224,126.95653362127715,76.08577980365693,1.4270326964192819,0.0,78.62353186378357,1,0.963511805718626,critical,True
50.522340425531915,7.205555555555556,54.15140520584108,98.59522087115522,114.57287681092066,82.75277614888913,1.2075941086725221,2.752776148889126,23.463321834292117,1,0.9381442323974989,critical,True
50.522340425531915,7.211904761904762,53.31239522408357,103.20981555899169,124.87136619582631,84.8557295246804,0.9846751004870478,4.855729524680399,36.518786130791625,1,0.9361326166901205,critical,True
50.522340425531915,7.218253968253968,55.34007127381506,99.46350649205172,119.19100244167859,84.46859191396783,1.277513552907938,4.468591913967828,100.72666289413945,1,0.9277092128152864,critical,True
50.522340425531915,7.224603174603175,54.33059794806836,100.90840906189109,119.99297163449968,73.72127614689866,0.7643141191868844,0.0,168.52218172918754,1,0.9564714350867944,critical,True
50.522340425531915,7.230952380952381,55.69973028417632,99.6141351061886,119.70724423170657,81.38622525239448,1.3242723041310793,1.3862252523944818,239.2315603119215,1,0.9402532763611045,critical,True
50.522340425531915,7.237301587301587,52.85076515798202,99.49780143853138,118.73495147493315,84.36854403162219,0.9723169822173379,4.368544031622193,312.15205707035665,1,0.9193418352089944,critical,True
50.522340425531915,7.243650793650794,54.537958621677305,95.9609954906259,118.60315693729028,73.8366662248086,0.971591032249591,0.0,386.55895534652274,1,0.9427979356216335,critical,True
50.522340425531915,7.25,57.77902655755954,102.35626660790851,121.98157157428082,80.6389115899325,1.5704309993163232,0.6389115899325049,461.71276595725175,1,0.934433195843898,critical,True
50.51872340425532,6.85,52.95341412269101,100.0138589162234,116.9889038240164,83.43905451853905,0.5790467365299334,3.439054518539052,863.2021276594842,1,0.898474395123307,high,True
50.51872340425532,6.856349206349206,53.4539293345815,97.0527322647428,118.47279189883221,81.56649309996077,1.3307509953474015,1.5664930999607662,938.3559382702131,1,0.9028927398082507,critical,True
50.51872340425532,6.862698412698412,50.54642675082874,96.05131980814964,116.47002448057522,75.81754105245874,0.8138266525847847,0.0,1012.7628365463793,1,0.9104063716360243,critical,True
50.51872340425532,6.869047619047619,51.626605659249705,96.30977489832577,118.63338312207377,82.40470247510633,0.8111871178546564,2.4047024751063333,1085.6833333048144,1,0.8939119118683875,high,True
50.51872340425532,6.875396825396825,53.46888613390411,93.75736271822123,115.71861768223604,82.89692980579765,1.0859812785376637,2.8969298057976545,1156.3927118875483,1,0.8825532956113722,high,True
50.51872340425532,6.881746031746031,52.16396065190009,97.36960952738468,117.5459496936536,84.12150463004185,0.8723883191388636,4.121504630041855,1224.1882307225965,1,0.8747612120921698,high,True
50.51872340425532,6.888095238095238,53.4672731498649,96.88079778536418,118.61267951672428,82.96734677184473,1.6296621521244017,2.9673467718447313,1288.3961074859442,1,0.8747825424709015,high,True
50.51872340425532,6.894444444444444,53.07811478569088,98.06708464818803,118.41451287814144,83.94665616493849,0.9020271236887107,3.9466561649384886,1348.378215451028,1,0.8703154869167996,high,True
50.51872340425532,6.90079365079365,50.36787168404852,96.48066638431237,114.27042246183782,86.03733790510412,1.6532485846715825,6.037337905104124,1403.5384254805194,1,0.8453384820497672,high,True
50.51872340425532,6.907142857142857,53.78197537245108,102.10470196668231,117.82903082653854,88.41339309738582,1.0003762841689012,8.413393097385821,1453.3285306265284,1,0.8359097222087579,high,True
50.51872340425532,6.913492063492063,50.3196496734315,97.34173612777022,118.30303559364252,85.83352502968488,1.1857337315354708,5.833525029684878,1497.2536944539102,1,0.8490759278918467,high,True
50.51872340425532,6.919841269841269,50.97209154291497,87.63853705594128,108.69320940078018,85.77146195171579,1.176792104526994,5.771461951715793,1534.8773689501413,1,0.8380324230582028,high,True
50.51872340425532,6.926190476190476,52.41111616860329,96.22477190166495,118.55969858015763,88.08130957546021,1.1108958418215789,8.08130957546021,1565.8256331364128,1,0.8323542597979002,high,True
50.51872340425532,6.932539682539682,54.37684234152704,97.38047982414595,120.0691683457743,80.2661003821473,0.415798075153065,0.26610038214730025,1589.79090925763,1,0.8861445083267849,high,True
50.51872340425532,6.938888888888888,50.4922121591521,96.42357456464806,113.6114551493103,90.02624460839691,1.425565298851419,10.026244608396908,1606.5350196329505,1,0.8111169067061725,high,True
50.51872340425532,6.9452380952380945,52.20377575231986,93.97567804884952,117.52893311771358,88.2106874994299,1.2925576185625132,8.210687499429895,1615.8915537718458,1,0.8268005077672677,high,True
50.51872340425532,6.951587301587302,52.21311861183441,93.97582565632192,114.26146850847488,88.39079468035234,0.556999705500834,8.390794680352343,1617.7675222334215,1,0.827217294274596,high,True
50.51872340425532,6.957936507936508,52.97460572657237,98.00777206573954,118.05724217551534,92.01782946285435,1.1927006606566144,12.017829462854351,1612.1442808011182,1,0.804387256254909,high,True
50.51872340425532,6.964285714285714,53.78666073890279,95.07885949212954,115.5381400345239,80.2316507618724,1.5511756175167821,0.23165076187240174,1599.0777157741504,1,0.8737952662006686,high,True
50.51872340425532,6.970634920634921,51.43896423352563,92.0871342502684,108.23731857032675,79.94387217161244,0.968555553836456,0.0,1578.69768854669,1,0.8728453971174159,high,True
50.51872340425532,6.976984126984127,53.60947692633861,92.82178352181106,115.28002116956898,88.66378118707476,1.678311122495945,8.663781187074761,1551.206744984661,1,0.8223823106844791,high,True
50.51872340425532,6.983333333333333,54.1456340459095,97.46232072747272,119.57058196501521,87.20881609596499,1.304144166204489,7.208816095964991,1516.8781024362872,1,0.8399772818020564,high,True
50.51872340425532,6.98968253968254,54.895926993973795,95.14076605825406,115.05051041288021,87.53366604353148,1.886332248661463,7.533666043531483,1476.0529343739322,1,0.8315869025977021,high,True
50.51872340425532,6.996031746031746,53.053570361348655,95.00178905428339,117.93582200695113,84.57573434865647,0.3861394445772627,4.575734348656468,1429.1369796597949,1,0.86530637038101,high,True
50.51872340425532,7.002380952380952,52.627775872648954,95.15284934168706,112.78361072187866,88.6179813776482,1.5247029139356005,8.617981377648206,1376.5965101288202,1,0.8299267155122323,high,True
50.51872340425532,7.008730158730159,51.78019928199554,93.86743605747037,117.28874356984156,89.2023945060063,1.6855739404371015,9.2023945060063,1318.953696573054,1,0.8325889334757353,high,True
50.51872340425532,7.015079365079365,50.41275943263431,96.49540342846713,119.38314592767748,86.90406802401687,0.6631849537970428,6.9040680240168655,1256.7814191703092,1,0.8589724167937429,high,True
50.51872340425532,7.021428571428571,52.3012746785058,96.24196341697171,114.67988053979894,83.41609366546813,1.37839879576289,3.416093665468125,1190.6975739453856,1,0.874605091128268,high,True
50.51872340425532,7.027777777777778,53.010481060772534,95.28384843457347,115.9732627157253,75.52439751998658,1.1140172976076905,0.0,1121.3589318414065,1,0.9024785341396037,critical,True
50.51872340425532,7.034126984126984,52.80722329035073,95.85279558699041,111.5646925922338,86.54113354879827,1.449154395990152,6.541133548798271,1049.4546114358059,1,0.8585488480338532,high,True
50.51872340425532,7.04047619047619,54.002074170807646,99.38159689626849,117.9223242799496,87.8812893807914,0.572971584630366,7.881289380791401,975.6992301693685,1,0.8660594935773324,high,True
50.51872340425532,7.046825396825397,51.06157440408584,96.38499387777875,117.52015098293356,85.13067549667892,1.209025533643315,5.1306754966789185,900.8258021565041,1,0.8823519687965763,high,True
50.51872340425532,7.053174603174603,53.10919701855711,97.1940150413219,115.67963282487909,78.62526314294279,0.31082981166368956,0.0,825.5784531624641,1,0.9223285114223313,critical,True
50.51872340425532,7.059523809523809,56.514251298603064,101.45462435160056,126.62965488553823,84.46778624139186,1.262915709208367,4.467786241391863,750.7050251495997,1,0.9027513015579699,critical,True
50.51872340425532,7.065873015873016,55.15463062468705,99.26038728511472,121.76179056026388,84.88352690632631,1.197729891595101,4.88352690632631,676.9496438831624,1,0.8994073992575989,high,True
50.51872340425532,7.072222222222222,54.72240168198757,100.88487374196498,121.80603068118293,87.38672812929248,0.9807869298921856,7.386728129292479,605.0453234775616,1,0.8888481341666121,high,True
50.51872340425532,7.078571428571428,54.51731015969202,100.12920646133679,116.38361374143574,77.39822892968122,0.9119159830887728,0.0,535.7066813735827,1,0.9335188397854981,critical,True
50.51872340425532,7.084920634920635,53.51113658920148,99.0728644079339,120.58493876954398,79.78788316624623,0.9557159934323546,0.0,469.62283614865896,1,0.9407323570058953,critical,True
50.51872340425532,7.091269841269841,51.54956960038383,97.18759062020825,120.27478679512438,83.5112728022297,0.678055053927512,3.5112728022296977,407.4505587459143,1,0.9234364368177096,critical,True
50.51872340425532,7.097619047619047,54.979760668594906,97.88797453451144,119.021883444016,80.61452712796685,0.9906960479552372,0.614527127966852,349.807745190148,1,0.9410860613150142,critical,True
50.51872340425532,7.103968253968254,50.72549514399019,93.50074309261367,121.68961686841473,75.80864071178941,0.18492126718647145,0.0,297.26727565917344,1,0.9555934446375463,critical,True
50.51872340425532,7.11031746031746,54.00331228449342,102.09071357912907,124.24802554586849,81.8556047972056,1.2057882998727691,1.8556047972056007,250.3513209450361,1,0.9420943408502632,critical,True
50.51872340425532,7.116666666666666,54.56797358167713,101.44114712508963,122.4979777946302,82.45273286939478,0.20216261518375434,2.4527328693947794,209.52615288268106,1,0.945344338948887,critical,True
50.51872340425532,7.123015873015873,53.97179742603341,102.14059901597454,121.45120493837638,80.44839665113037,0.45838498237333025,0.4483966511303663,175.19751033430708,1,0.9568329504696074,critical,True
50.51872340425532,7.129365079365079,57.955224944514065,106.93361531563937,125.69502997626631,80.94696336122792,0.4556182350235415,0.9469633612279154,147.70656677227834,1,0.9593537257298209,critical,True
50.51872340425532,7.135714285714285,57.47598198094411,103.16005983159377,125.92521827593683,79.01616957308187,0.6135171901242701,0.0,127.32653954481776,1,0.9654687766978675,critical,True
50.51872340425532,7.1420634920634924,56.31523133467282,100.73636969019566,122.44173736266617,85.95417985791927,0.3415317954509119,5.9541798579192715,114.25997451785008,1,0.9272382358884388,critical,True
50.51872340425532,7.148412698412699,53.389461069607805,98.58126052420766,121.6292238886157,76.43435294461953,0.9562827057508452,0.0,108.63673308554667,1,0.9598221691959994,critical,True
50.51872340425532,7.154761904761905,57.65575765852494,103.63324208579965,125.81510020782176,77.68913175222933,1.0519130329823492,0.0,110.51270154712256,1,0.9632767115772499,critical,True
50.51872340425532,7.161111111111111,55.68306639992437,100.10455765748014,120.74280071441399,80.08913698167666,0.876089798040487,0.08913698167665984,119.86923568601782,1,0.9583516341410308,critical,True
50.51872340425532,7.167460317460318,53.30765765195146,97.29454812524565,117.69253082947367,83.57451913557357,0.9174871375653466,3.574519135573567,136.61334606133835,1,0.9324045380119697,critical,True
50.51872340425532,7.173809523809524,54.72118374162364,98.79498026228497,120.3652069349391,74.09161270211169,1.1196297668407194,0.0,160.57862218255536,1,0.9548720773802065,critical,True
50.51872340425532,7.18015873015873,56.04752917601717,101.4954251635821,118.00487062670854,74.8741938470038,0.5316545494108407,0.0,191.52688636882687,1,0.9548841626455282,critical,True
50.51872340425532,7.186507936507937,53.63576340325482,104.07872443172869,124.1784558268657,72.01425022737203,0.6921877474194983,0.0,229.15056086505814,1,0.9581063428008161,critical,True
50.51872340425532,7.192857142857143,54.65708428773206,102.06857630160971,128.03347643078257,80.36533358776772,1.017111971271064,0.3653335877677222,273.0757246924398,1,0.9553156087974719,critical,True
50.51872340425532,7.199206349206349,54.822062319577675,99.81447797658652,121.5139320604793,75.85465934688563,0.8870551125356585,0.0,322.8658298384488,1,0.9494569398183191,critical,True
50.51872340425532,7.205555555555556,52.58717441082947,98.07220227268635,120.96471062144784,78.91128709825625,0.8615953682894986,0.0,378.02603986794026,1,0.9463194395061209,critical,True
50.51872340425532,7.211904761904762,53.71575449934063,100.60896248769873,121.01289478761801,83.24895902096796,1.6409588760617309,3.248959020967959,438.008147833024,1,0.9178667676745056,critical,True
50.51872340425532,7.218253968253968,52.457828633417684,96.6396744810084,115.88433370025768,78.22716181439762,0.3602308956832106,0.0,502.2160245963718,1,0.9383719931658843,critical,True
50.51872340425532,7.224603174603175,55.168259272615174,99.08539664400496,115.4798199898497,81.94710603675568,0.3993714643578565,1.9471060367556845,570.0115434314199,1,0.9221473536595032,critical,True
50.51872340425532,7.230952380952381,52.367964055634694,98.16483349643124,122.7726416863984,80.09390342062802,0.27307881110150156,0.09390342062802404,640.7209220141539,1,0.9383291737994222,critical,True
50.51872340425532,7.237301587301587,54.0295606956949,100.40942280523227,122.17562336451661,84.29035326526088,0.5999982187653837,4.290353265260876,713.6414187725891,1,0.905678856392904,critical,True
50.51872340425532,7.243650793650794,51.366904894871006,92.5266636342773,115.88682666944436,83.85386158243038,1.1992265623259961,3.8538615824303832,788.048317048755,1,0.8944029321779767,high,True
50.51872340425532,7.25,51.612177236530556,94.87138321846689,115.49622111329235,79.57595014060679,0.9947448051954348,0.0,863.2021276594842,1,0.9157044826956818,critical,True
50.51510638297872,6.85,50.81448188351755,93.81959169749908,116.1761596962362,84.35626668490472,1.2567546319824479,4.356266684904725,1264.6914893617165,1,0.8673365542342795,high,True
50.51510638297872,6.856349206349206,52.02122131799117,95.84262607888411,121.6242741243571,89.82152825141,1.4410196791974137,9.821528251410001,1339.8452999724454,1,0.8336406596931062,high,True
50.51510638297872,6.862698412698412,52.596959267523836,97.24436876282226,120.53258808659444,87.86462716297638,1.2477389933587535,7.864627162976376,1414.2521982486116,1,0.8423477984498365,high,True
50.51510638297872,6.869047619047619,52.7480640428195,93.22279362837125,106.48644804289776,81.36875170498577,1.5516309691840395,1.368751704985769,1487.1726950070467,1,0.8632289086751574,high,True
50.51510638297872,6.875396825396825,49.42201396164358,87.03559947076067,113.44040745128189,90.25631802866661,1.0689527846768287,10.256318028666612,1557.8820735897807,1,0.814317964194781,high,True
50.51510638297872,6.881746031746031,51.71280785281332,95.58833096593034,113.71269824703685,83.97427577603932,0.6820312387267884,3.9742757760393204,1625.6775924248288,1,0.8530427201007043,high,True
50.51510638297872,6.888095238095238,50.73226527667633,96.08579156992876,115.97110083423411,94.63237729685677,1.479016016179068,14.632377296856774,1689.8854691881766,1,0.7801643624949433,high,True
50.51510638297872,6.894444444444444,52.559609666631154,88.02990563900568,107.2288347181246,93.72768826851127,0.8357650700621039,13.727688268511272,1749.8675771532603,1,0.7783656370485188,high,True
50.51510638297872,6.90079365079365,51.26578525207054,95.22244105326729,115.75363886797336,91.40761008782796,1.4828869539450644,11.407610087827962,1805.0277871827518,0,0.7943187734336106,high,True
50.51510638297872,6.907142857142857,51.46429794859505,91.41096634467004,107.19298163944397,91.45016505486113,1.210820117007403,11.450165054861131,1854.8178923287608,0,0.7848164213167411,high,True
50.51510638297872,6.913492063492063,50.396469849437494,93.40186129851456,114.09203550241205,90.50370295178531,0.5707799690861597,10.503702951785314,1898.7430561561425,0,0.799701539452039,high,True
50.51510638297872,6.919841269841269,54.03980470526252,101.71726680919036,115.54299175708019,94.50777871355318,1.123688752415242,14.50777871355318,1936.3667306523737,0,0.7705597799153191,high,True
50.51510638297872,6.926190476190476,49.477452341535205,94.62194721882281,115.44716730089434,90.6905713875525,0.7118560886462881,10.690571387552495,1967.3149948386454,0,0.795519639129117,high,True
50.51510638297872,6.932539682539682,50.76462586791053,95.0668410776774,114.20386986821589,93.41436282078213,2.69806254634326,13.41436282078213,1991.2802709598623,0,0.762813005048046,high,True
50.51510638297872,6.938888888888888,51.49872768666691,96.05579585192679,113.01452839514135,96.17045107642775,0.4614618547816542,16.170451076427753,2008.0243813351829,0,0.7584715777354977,high,True
50.51510638297872,6.9452380952380945,50.94528397545982,91.83790886933943,110.93840291349693,90.55395483228588,2.0155898661143747,10.553954832285882,2017.380915474078,0,0.7806698736639105,high,True
50.51510638297872,6.951587301587302,50.17341426264903,89.73319048754483,111.79940093150299,90.36022882778083,1.1730097723778437,10.36022882778083,2019.256883935654,0,0.7882650614119046,high,True
50.51510638297872,6.957936507936508,48.610806864871435,94.24716470137976,117.71726138391378,87.97620701706472,0.30196412501063175,7.9762070170647235,2013.6336425033505,0,0.8151711912353541,high,True
50.51510638297872,6.964285714285714,50.312038643334354,95.97960389144444,119.3870413138925,88.33079664802797,1.7747332018443491,8.33079664802797,2000.5670774763828,0,0.8054596537109363,high,True
50.51510638297872,6.970634920634921,49.94300017813325,92.12807266118426,110.55942800987728,85.0199277362843,1.8441167821332851,5.019927736284302,1980.1870502489223,0,0.8178814152647657,high,True
50.51510638297872,6.976984126984127,53.945258034445715,96.34360645280103,118.0921936957728,94.91274897689925,1.6349109890596503,14.912748976899252,1952.6961066868935,0,0.7663533006620767,high,True
50.51510638297872,6.983333333333333,54.87905252953821,96.58173659051474,112.94608968242291,98.8111065469295,1.176807177612002,18.811106546929494,1918.3674641385196,0,0.7416129193731076,high,True
50.51510638297872,6.98968253968254,51.47223953248459,95.08537564602564,116.77259826181076,96.78932761172243,1.7502552236274929,16.789327611722427,1877.5422960761646,0,0.7562938177272207,high,True
50.51510638297872,6.996031746031746,49.51803948754018,93.80320583733186,111.87545390733503,84.03646359114708,0.52764957064024,4.036463591147083,1830.6263413620272,0,0.8415985755902962,high,True
50.51510638297872,7.002380952380952,52.818724492727455,98.24291411764301,116.81061387044956,92.84384386999281,1.3713043085469259,12.84384386999281,1778.0858718310526,1,0.7884902673677957,high,True
50.51510638297872,7.008730158730159,50.33558202258512,91.75075047769133,111.45743718499801,94.99853575726009,0.736647709093629,14.998535757260086,1720.4430582752864,1,0.7767834510610673,high,True
50.51510638297872,7.015079365079365,51.087260418982126,100.64070332643745,126.32244223990857,86.82214289468754,0.8543122369060022,6.822142894687545,1658.2707808725418,1,0.8450750951917777,high,True
50.51510638297872,7.021428571428571,51.07898292053681,93.14493595240972,119.747143770901,88.37953456988674,1.0677444422158622,8.379534569886744,1592.186935647618,1,0.8306474096452889,high,True
50.51510638297872,7.027777777777778,51.389210025858716,94.36624793158937,116.08862825687632,79.26279302004289,1.4500999727060393,0.0,1522.8482935436389,1,0.8802788804283208,high,True
50.51510638297872,7.034126984126984,51.73103732811632,94.63200902393581,111.37433648083163,87.68873626458786,1.431908755033021,7.68873626458786,1450.9439731380382,1,0.8312264778033687,high,True
50.51510638297872,7.04047619047619,50.42033949931094,93.02631623424406,113.79902902616782,81.71145621073245,0.31773981139114515,1.7114562107324502,1377.188591871601,1,0.8821247327062356,high,True
50.51510638297872,7.046825396825397,51.468186735007905,95.66811425622106,114.84799611953488,86.13319604157418,0.6797153975137465,6.13319604157418,1302.3151638587365,1,0.8568683266833345,high,True
50.51510638297872,7.053174603174603,54.183628119955145,98.75823081942372,119.55775305662642,78.49118458887482,0.30023664085661766,0.0,1227.0678148646966,1,0.9062027847076808,critical,True
50.51510638297872,7.059523809523809,52.7364652824219,96.29428477306664,118.92801551138126,86.34709869848353,1.063176060738004,6.347098698483535,1152.194386851832,1,0.8645610888983475,high,True
50.51510638297872,7.065873015873016,53.107096552463084,98.22845307558401,121.01457299351966,87.75623344655838,0.7923899466455887,7.756233446558383,1078.4390055853946,1,0.8633335640289561,high,True
50.51510638297872,7.072222222222222,49.70093744723603,94.42859079813755,111.32904367274944,80.0539110848207,1.2476775363888346,0.0539110848206974,1006.534685179794,1,0.902347514891038,critical,True
50.51510638297872,7.078571428571428,54.597636875706485,95.7641001921348,116.07662378393584,78.21501849915387,1.5391484166647982,0.0,937.196043075815,1,0.908955832185713,critical,True
50.51510638297872,7.084920634920635,52.26941414042318,96.19198732435889,116.54630903293838,73.76274291119405,0.3233096568178046,0.0,871.1121978508913,1,0.9208353014282751,critical,True
50.51510638297872,7.091269841269841,55.099095625252154,100.60007093337262,122.1152752737984,80.99263678423375,0.6515959395504097,0.9926367842337527,808.9399204481467,1,0.921120326419594,critical,True
50.51510638297872,7.097619047619047,53.75239749367091,99.68293706770027,120.86924233987413,79.4490301484109,0.6635898664110108,0.0,751.2971068923804,1,0.928880454552515,critical,True
50.51510638297872,7.103968253968254,52.7768810054147,96.5066847207745,114.51901581194363,75.33169212069804,1.0786002020809715,0.0,698.7566373614059,1,0.9223905159300002,critical,True
50.51510638297872,7.11031746031746,51.19220819630968,98.2100291922799,118.13097674456934,83.14853866167266,0.4752932430144866,3.14853866167266,651.8406826472685,1,0.9126919543566552,critical,True
50.51510638297872,7.116666666666666,57.04897309832358,105.01785949267148,125.40034951863277,79.3744174909588,0.7348365648675123,0.0,611.0155145849135,1,0.939950663356937,critical,True
50.51510638297872,7.123015873015873,55.05731248851538,100.69185151169985,116.41745834483255,76.74311076257162,0.1994148988794937,0.0,576.6868720365394,1,0.9362536820838089,critical,True
50.51510638297872,7.129365079365079,55.19990056613096,101.3231419710196,123.38529823381,78.73041024534697,0.972317391360274,0.0,549.1959284745108,1,0.9394433858676827,critical,True
50.51510638297872,7.135714285714285,56.67282558174401,102.00728574449055,117.10604127285843,85.16481413147864,0.8286112308225376,5.164814131478636,528.8159012470501,1,0.9028610830166142,critical,True
50.51510638297872,7.1420634920634924,54.3059611118498,100.97557940633622,115.81120951301028,83.24841272899248,0.6194562728207313,3.248412728992477,515.7493362200825,1,0.9155914546603316,critical,True
50.51510638297872,7.148412698412699,56.00930831715135,102.41692203532514,120.9971556853245,80.29841576609742,0.6675092002627224,0.2984157660974205,510.12609478777904,1,0.9391756910727418,critical,True
50.51510638297872,7.154761904761905,53.259215614002244,99.57918804934866,120.71265343404626,83.30097130508,0.5957733083619545,3.3009713050799974,512.0020632493549,1,0.9205096575590822,critical,True
50.51510638297872,7.161111111111111,55.06535540451931,102.03994589333792,125.64031272550132,76.21131513756337,0.7107158400395442,0.0,521.3585973882502,1,0.9448342772558251,critical,True
50.51510638297872,7.167460317460318,52.981520506822726,100.36581326693147,122.74647678267888,81.04024172158621,0.6470434592312891,1.040241721586213,538.1027077635707,1,0.9350262075730444,critical,True
50.51510638297872,7.173809523809524,53.12473348743296,98.98722975858351,118.72935132449066,81.58298160787999,0.8954853400554615,1.5829816078799865,562.0679838847877,1,0.9247624148139649,critical,True
50.51510638297872,7.18015873015873,53.96663742850464,97.4986826578725,119.33090917093803,79.22678711570802,1.0048129594356083,0.0,593.0162480710592,1,0.9329813437044809,critical,True
50.51510638297872,7.186507936507937,51.84815268831797,97.10005345960738,119.3377352082055,82.99277525375976,2.0784716119640643,2.99277525375976,630.6399225672906,1,0.9052444163307487,critical,True
50.51510638297872,7.192857142857143,54.15988859637381,98.90795097631201,115.08492793376314,78.30953741097008,0.25188454633890855,0.0,674.5650863946721,1,0.9296774433051034,critical,True
50.51510638297872,7.199206349206349,53.103720014050566,101.22726995285055,124.34251358895654,83.68963784355658,1.446667376740021,3.689637843556582,724.3551915406812,1,0.905420068311427,critical,True
50.51510638297872,7.205555555555556,50.486754348463336,95.17738018360497,113.18727041090963,84.11871203961293,1.5245997404115916,4.11871203961293,779.5154015701726,1,0.8883055518154095,high,True
50.51510638297872,7.211904761904762,52.669794907595765,95.12960523943781,116.88334166121737,70.54809174154776,0.4638327774036445,0.0,839.4975095352563,1,0.9218162476684303,critical,True
50.51510638297872,7.218253968253968,52.71994656192261,95.24550115323282,115.95320130405065,87.33000904042072,1.538985463608652,7.33000904042072,903.7053862986043,1,0.8646954723957665,high,True
50.51510638297872,7.224603174603175,54.39241871846919,96.58687138878099,117.04490671197556,70.7781309736105,0.9983728825647463,0.0,971.5009051336523,1,0.9118140422381945,critical,True
50.51510638297872,7.230952380952381,53.412369109295135,94.67884985274225,112.92821810529111,80.95233147522399,2.1369150787145315,0.9523314752239855,1042.2102837163861,1,0.8906195316745583,high,True
50.51510638297872,7.237301587301587,55.024352852847805,99.99267816551014,118.00556012959875,88.01273448041235,0.26784049262048343,8.012734480412348,1115.1307804748214,1,0.8603838273191439,high,True
50.51510638297872,7.243650793650794,53.500430973833176,99.78517676769825,118.9680595358411,83.18157673725092,1.1236487555480286,3.1815767372509214,1189.5376787509874,1,0.88211532928682,high,True
50.51510638297872,7.25,51.75636209192215,92.27964543726445,115.57296601931324,79.16612976862837,1.3107480250616024,0.0,1264.6914893617165,1,0.89360007138415,high,True
50.511489361702125,6.85,51.8102242513734,98.28855707716204,115.68323361370129,84.35714772416274,2.2339657462282765,4.357147724162743,1666.180851063949,1,0.8402489128096314,high,True
50.511489361702125,6.856349206349206,51.25041895545698,92.85966871975174,110.23704478796802,93.64521436631236,0.44056702561857897,13.64521436631236,1741.3346616746778,1,0.784950608410658,high,True
50.511489361702125,6.862698412698412,52.381576983576146,93.73878410556631,117.9396214587004,82.68406626698342,0.9909391240001979,2.6840662669834217,1815.741559950844,0,0.8537708684658438,high,True
50.511489361702125,6.869047619047619,51.6200359465464,95.62768088185415,115.90338322603856,95.73570285974897,1.7355804017821008,15.735702859748969,1888.662056709279,0,0.7615516015052628,high,True
50.511489361702125,6.875396825396825,50.47280017959378,93.42586355271177,112.94191455361027,91.85516514429682,0.9846711195035429,11.85516514429682,1959.371435292013,0,0.7843140865071307,high,True
50.511489361702125,6.881746031746031,51.319549994220246,94.73662930946972,117.33046858817352,88.15609446088747,1.0481136689273887,8.156094460887473,2027.1669541270612,0,0.8080091060417577,high,True
50.511489361702125,6.888095238095238,51.89604569405586,92.99249453021773,115.70844067247644,91.42499077059128,0.788851123582278,11.424990770591279,2091.374830890409,0,0.7844744993212119,high,True
50.511489361702125,6.894444444444444,49.599744945077724,92.60662799535598,114.38846315502556,90.48901717530497,1.3273516722781944,10.489017175304966,2151.356938855493,0,0.7824152477180735,high,True
50.511489361702125,6.90079365079365,51.498247453736155,93.88775992400285,110.11292669461464,98.77890763657238,1.581449544386045,18.778907636572384,2206.517148884984,0,0.7218758995592143,high,True
50.511489361702125,6.907142857142857,48.5770131678852,89.05594446206103,107.21803710803971,98.94263742309865,1.9682282841185301,18.942637423098645,2256.307254030993,0,0.712889668618,high,True
50.511489361702125,6.913492063492063,52.53525078481739,91.74296032303621,111.26500304705255,89.76582083449581,1.5170400603725565,9.765820834495813,2300.232417858375,0,0.7751034015360514,high,True
50.511489361702125,6.919841269841269,51.60959361912558,95.2433753730214,114.1413768011486,95.57697317596254,1.322983360102834,15.576973175962536,2337.856092354606,0,0.7410726007663002,high,True
50.511489361702125,6.926190476190476,53.21518324533801,96.00341110382888,113.54346665365767,94.19676555830354,1.8922615980726831,14.19676555830354,2368.8043565408775,0,0.743758386766732,high,True
50.511489361702125,6.932539682539682,49.05965852542877,95.59018654478567,114.00019944033994,103.18247596387614,1.2443557773433704,23.182475963876144,2392.7696326620944,0,0.6911755378507203,high,True
50.511489361702125,6.938888888888888,52.40915046900958,90.65929911373051,107.106293667616,92.86096014802467,0.7747829890200914,12.860960148024674,2409.513743037415,0,0.7510843856637905,high,True
50.511489361702125,6.9452380952380945,52.09837210918763,95.15119781929046,120.47580320191508,104.82037204291635,2.7421407199075163,24.820372042916347,2418.8702771763105,0,0.6761240259421556,high,True
50.511489361702125,6.951587301587302,50.41849466873394,90.16818641514239,106.43842534388406,98.29883354277892,1.9497104120470619,18.298833542778922,2420.746245637886,0,0.7080353340059744,high,True
50.511489361702125,6.957936507936508,50.13545043191942,96.85249802270091,115.77466201768563,93.69874152124984,1.6721523078174176,13.698741521249843,2415.123004205583,0,0.7482536952474788,high,True
50.511489361702125,6.964285714285714,49.09263984962385,91.82973122035847,111.79713396822466,95.43939914628436,2.0791255506715776,15.439399146284359,2402.056439178615,0,0.7313372303405394,high,True
50.511489361702125,6.970634920634921,48.73281548112704,89.32458125302466,105.19945140585969,94.63536844930007,2.357796803722416,14.635368449300074,2381.6764119511545,0,0.7289259326420271,high,True
50.511489361702125,6.976984126984127,49.66685173335846,98.51172636745119,113.68848745200455,92.3338617271531,0.491295326233203,12.333861727153106,2354.185468389126,0,0.7656172760629532,high,True
50.511489361702125,6.983333333333333,48.96290636318395,92.53310676524308,113.72195656460742,97.30695417896081,1.0334292710667135,17.306954178960808,2319.8568258407518,0,0.7326711231802867,high,True
50.511489361702125,6.98968253968254,53.303320939812636,95.04595449989681,119.88236204585755,91.42543670147285,1.340024090819993,11.425436701472847,2279.031657778397,0,0.7755883058339325,high,True
50.511489361702125,6.996031746031746,48.72964998060628,89.03629476000197,110.19322975063132,86.94992910632884,1.544858229981129,6.949929106328838,2232.1157030642594,0,0.7948513328163223,high,True
50.511489361702125,7.002380952380952,51.28832192854041,96.65922700520878,115.24883214942147,93.4236113027764,1.4739565110271098,13.423611302776393,2179.575233533285,0,0.762546123090224,high,True
50.511489361702125,7.008730158730159,51.80939844574201,94.70217320740358,117.6635085884777,86.95099029473995,0.9328232177426872,6.9509902947399524,2121.9324199775187,0,0.8119043767958591,high,True
50.511489361702125,7.015079365079365,51.79082808642871,93.56804029861004,111.8018560422056,90.33601681412512,0.8507559323147342,10.336016814125117,2059.760142574774,0,0.7885420376097534,high,True
50.511489361702125,7.021428571428571,52.02830746763117,96.47767306136305,125.19967678866081,88.86570414039475,1.9374536592290745,8.865704140394755,1993.6762973498503,0,0.8071888533155073,high,True
50.511489361702125,7.027777777777778,52.89192459285253,94.42666069471952,111.65251463560988,88.16274458729727,2.596891801401554,8.162744587297269,1924.3376552458712,0,0.7971058661933648,high,True
50.511489361702125,7.034126984126984,50.92056219884991,94.1774183480747,115.29913266511294,98.797280374395,0.9730008097397929,18.797280374395,1852.4333348402706,0,0.7487077915181987,high,True
50.511489361702125,7.04047619047619,51.842006541165404,96.3411424574673,111.5157980328756,90.17669530902147,2.4550937269087023,10.176695309021468,1778.6779535738333,1,0.7926102631600751,high,True
50.511489361702125,7.046825396825397,51.39455981970597,94.29871809877548,111.95489259241455,90.11238762641611,1.4089888111895787,10.112387626416108,1703.8045255609688,1,0.8041689849080015,high,True
50.511489361702125,7.053174603174603,53.91470921184447,97.07199372792168,116.0355556903364,81.23660001680022,1.7469380188065586,1.2366000168002245,1628.5571765669288,1,0.8652326932982781,high,True
50.511489361702125,7.059523809523809,55.23729426396778,103.19314630954378,118.02952004925575,84.97690389919936,0.8234234590163976,4.976903899199357,1553.6837485540646,1,0.8537501935247805,high,True
50.511489361702125,7.065873015873016,50.422442833266864,91.38977116791892,112.7585909605105,87.75020143431033,0.73018859625988,7.750201434310327,1479.9283672876272,1,0.8354554896566236,high,True
50.511489361702125,7.072222222222222,49.29050386853808,91.32713339452411,112.87160767774174,82.13771577293616,1.403021333981307,2.1377157729361613,1408.0240468820264,1,0.869756206192914,high,True
50.511489361702125,7.078571428571428,53.311304925887626,96.96209367191096,120.58950413530758,89.26903389639166,1.3197302519174616,9.269033896391662,1338.6854047780475,1,0.8369255703645075,high,True
50.511489361702125,7.084920634920635,54.178940962409825,97.7362867118298,115.97288564387176,80.28321581408261,1.5161661328991887,0.28321581408260954,1272.6015595531237,1,0.8904649346088712,high,True
50.511489361702125,7.091269841269841,55.61864547566988,97.53609673095991,115.35704035321656,83.46296619927391,0.9000026816811952,3.4629661992739074,1210.429282150379,1,0.877192019622361,high,True
50.511489361702125,7.097619047619047,53.89257888970357,100.61309093186104,122.88197638293504,81.83575186827974,0.9090747114958918,1.8357518682797433,1152.7864685946129,1,0.8977087056998168,high,True
50.511489361702125,7.103968253968254,54.97354602672485,99.36062405233032,121.43639700888865,84.4649045570352,0.7438542522104105,4.464904557035197,1100.2459990636382,1,0.8835594152261673,high,True
50.511489361702125,7.11031746031746,55.4545441436667,94.32528707217008,112.82447566129184,80.927860827649,0.3810572744082651,0.927860827648999,1053.330044349501,1,0.9018184614416221,critical,True
50.511489361702125,7.116666666666666,55.23562258075579,101.65142925499907,126.62382313985687,82.1409706937385,1.0593045572167565,2.1409706937384954,1012.5048762871459,1,0.9055554821081889,critical,True
50.511489361702125,7.123015873015873,54.422716413275715,101.11283160306544,120.39559385366613,82.06507726070834,0.2888073285520222,2.0650772607083354,978.1762337387718,1,0.9066546670969536,critical,True
50.511489361702125,7.129365079365079,51.22792193585573,94.54037308801327,111.7904836623649,79.90525855306574,0.9465748807976285,0.0,950.6852901767431,1,0.9079457199482102,critical,True
50.511489361702125,7.135714285714285,53.17606515280162,96.8114990552157,113.41740647932306,84.66260774500556,0.45684665214395,4.662607745005559,930.3052629492825,1,0.8847152005779478,high,True
50.511489361702125,7.1420634920634924,53.66267667483025,99.22143609753968,117.39117380968327,83.59985279155941,0.8974435410150772,3.599852791559414,917.2386979223148,1,0.8930472020262207,high,True
50.511489361702125,7.148412698412699,53.073249507790386,95.23996710186753,114.53134166029491,82.25949606302139,0.4752779663869546,2.2594960630213876,911.6154564900114,1,0.9016601986659976,critical,True
50.511489361702125,7.154761904761905,53.162352948566415,97.93008222767207,117.07388792975264,80.90288782463044,0.6856841204111896,0.9028878246304402,913.4914249515873,1,0.9111850403088252,critical,True
50.511489361702125,7.161111111111111,55.553148592325186,98.68523363583104,116.37334714685024,85.86494062005563,0.890709885571884,5.864940620055634,922.8479590904826,1,0.8776370044131658,high,True
50.511489361702125,7.167460317460318,52.036319021707676,98.00562932783913,120.78980645653047,81.833516136651,0.7524591724606722,1.8335161366509993,939.5920694658031,1,0.9073343326461003,critical,True
50.511489361702125,7.173809523809524,54.32625983906661,97.09605979871719,113.12073875265466,81.69352353739617,0.8504074907107908,1.6935235373961746,963.5573455870201,1,0.8986889660931723,high,True
50.511489361702125,7.18015873015873,53.545865378566226,98.80113933123715,115.52888807220387,83.52967907221436,1.1274263404421814,3.529679072214364,994.5056097732916,1,0.8862269377792517,high,True
50.511489361702125,7.186507936507937,51.71653747218013,98.55315520780509,119.82949564988317,90.13709979275424,1.0449644057034846,10.137099792754242,1032.129284269523,1,0.8478997283603364,high,True
50.511489361702125,7.192857142857143,51.308522087748266,96.32289906464649,111.31863803230111,78.28059843957787,0.6320899395738364,0.0,1076.0544480969045,1,0.9033019826969636,critical,True
50.511489361702125,7.199206349206349,50.28196251681469,94.3023574324215,113.12875570291811,87.06628848073538,0.5779725506686281,7.0662884807353805,1125.8445532429137,1,0.8588190746983855,high,True
50.511489361702125,7.205555555555556,53.46380775875688,101.47134325984737,120.25401007447013,76.81441522301672,0.8674733433189197,0.0,1181.004763272405,1,0.9054206162887237,critical,True
50.511489361702125,7.211904761904762,52.53424014966004,96.72649836064994,121.53907997196765,85.71314239950699,2.905023224187225,5.713142399506992,1240.9868712374887,1,0.8544157749185931,high,True
50.511489361702125,7.218253968253968,51.27749508498708,93.47584604607036,112.69598351020062,91.65860456498798,1.1162685927549263,11.658604564987982,1305.1947480008366,1,0.8171281769606177,high,True
50.511489361702125,7.224603174603175,49.58372630249758,92.12436507553002,110.31943238904267,87.8840521214516,1.9094199711795623,7.884052121451603,1372.9902668358845,1,0.8296651268136455,high,True
50.511489361702125,7.230952380952381,52.9246527696256,96.50756082047593,120.07820590503806,87.23833391674282,0.588066495881343,7.238333916742818,1443.6996454186187,1,0.8487331933485889,high,True
50.511489361702125,7.237301587301587,51.89000068394225,92.92689538994833,108.56537396320645,84.99302430599678,0.10832296617064652,4.993024305996784,1516.6201421770538,1,0.8508058118340694,high,True
50.511489361702125,7.243650793650794,50.95367774682163,95.14729206032027,116.33107086979513,88.08632026475877,1.4041387850219191,8.086320264758768,1591.0270404532198,1,0.8268792919589123,high,True
50.511489361702125,7.25,50.45170340511195,94.56722378861144,116.48238312864666,87.723844709416,1.8659281367265512,7.723844709415999,1666.180851063949,1,0.8224597902300889,high,True
50.507872340425536,6.85,50.884111523907336,91.71525363114802,111.52830162746093,90.30344531113816,1.8732549868859627,10.303445311138162,2067.6702127653925,0,0.781259891215338,high,True
50.507872340425536,6.856349206349206,51.82782850011514,90.85072748602664,108.11010920500146,93.28315913894319,0.7282217269514952,13.28315913894319,2142.8240233761217,0,0.7630943519047905,high,True
50.507872340425536,6.862698412698412,50.51100034324882,96.20072661523739,113.045015273916,96.25660723821227,2.5141277041433536,16.25660723821227,2217.2309216522876,0,0.7338188225915192,high,True
50.507872340425536,6.869047619047619,49.10971054242336,89.53099272289901,106.96852652752156,93.42804220099912,0.33294392130021516,13.428042200999116,2290.1514184107227,0,0.7563160657087393,high,True
50.507872340425536,6.875396825396825,50.69626199498274,95.51214849063118,111.47794718484508,94.30620751352197,1.9226679958972228,14.306207513521969,2360.860796993457,0,0.7412033237363451,high,True
50.507872340425536,6.881746031746031,52.248115106623544,94.74096935554508,114.31148975095567,93.11169304847095,3.350158383684877,13.111693048470954,2428.656315828505,0,0.7385962031820211,high,True
50.507872340425536,6.888095238095238,50.642831696360595,90.156821650925,106.83040188357926,101.10951070625609,2.1737889019874754,21.10951070625609,2492.8641925918528,0,0.6857608243266363,high,True
50.507872340425536,6.894444444444444,50.594813186539746,90.62485729332141,111.69027447245479,102.679862717453,2.2144834891855467,22.679862717453005,2552.8463005569365,0,0.6775355941992897,high,True
50.507872340425536,6.90079365079365,49.921272464998935,96.57895485356474,114.95511234448281,102.32062075837683,0.9683755933068119,22.320620758376833,2608.006510586428,0,0.6885950697865941,high,True
50.507872340425536,6.907142857142857,49.00138674617898,93.41003558903894,115.64256274026025,106.07933415720126,0.3898508213637171,26.07933415720126,2657.7966157324367,0,0.6671578879953725,high,True
50.507872340425536,6.913492063492063,48.886727786177886,88.33537028328482,105.48241299731356,103.31060281173606,2.0773094212514054,23.31060281173606,2701.7217795598185,0,0.6608563269709629,high,True
50.507872340425536,6.919841269841269,47.72306390037367,89.62836208350632,113.35850197475477,105.17107764089768,1.2909052733731616,25.17107764089768,2739.3454540560497,0,0.6604659588605207,high,True
50.507872340425536,6.926190476190476,51.94244817588272,92.91217471826381,115.183983496466,105.35471555181864,1.3404144145083534,25.354715551818643,2770.293718242321,0,0.659266229288761,high,True
50.507872340425536,6.932539682539682,50.82938182684626,91.37209940835157,113.48035556286214,104.19266226348964,1.8381285664816938,24.192662263489638,2794.2589943635385,0,0.6603090762546636,high,True
50.507872340425536,6.938888888888888,50.23510260836344,94.77973268332386,112.34299751050455,102.73074581749981,2.6160432592421774,22.73074581749981,2811.003104738859,0,0.6622853925192399,high,True
50.507872340425536,6.9452380952380945,50.54117416285091,90.98380541555693,109.20759479060371,113.87637420443954,1.0727531529786278,33.87637420443954,2820.359638877754,0,0.5993105863824447,high,True
50.507872340425536,6.951587301587302,50.60437478748854,88.73643530961957,111.43716215851312,103.24525479384326,2.007819353215231,23.24525479384326,2822.23560733933,0,0.6616570769752581,high,True
50.507872340425536,6.957936507936508,49.001414365134416,91.98223008295986,113.16711260507557,102.28981200840364,2.115048994738442,22.289812008403644,2816.6123659070267,0,0.6689248426256118,high,True
50.507872340425536,6.964285714285714,49.634307593312734,91.62014437121661,111.17061312084428,106.45837692521835,2.400073765544297,26.458376925218346,2803.545800880059,0,0.6396279755239314,high,True
50.507872340425536,6.970634920634921,49.4405334127756,90.39070849644568,108.14155680365977,105.3716298031852,2.175446545252735,25.3716298031852,2783.1657736525985,0,0.6459076048827708,high,True
50.507872340425536,6.976984126984127,53.95909136074435,96.97188593966058,116.93905870235312,98.26610415845971,2.4368557639245796,18.26610415845971,2755.6748300905697,0,0.6987464611146208,high,True
50.507872340425536,6.983333333333333,51.77253731532795,96.42950064975818,118.5057918568564,107.78459161904321,1.5112018289464428,27.784591619043212,2721.3461875421954,0,0.6487101060010836,high,True
50.507872340425536,6.98968253968254,50.55413317286397,89.76418258597113,108.89972879163746,102.22344116854416,2.29134189282786,22.223441168544156,2680.5210194798406,0,0.6707015578953921,high,True
50.507872340425536,6.996031746031746,52.4207040885901,92.05404731571089,107.04324626351703,97.37229545535567,1.9202414677348962,17.37229545535567,2633.605064765703,0,0.7039845366443597,high,True
50.507872340425536,7.002380952380952,52.309484902946735,94.56473213723008,114.49904509795624,105.7093791452944,0.9639833839970393,25.709379145294406,2581.0645952347286,0,0.6683356397848161,high,True
50.507872340425536,7.008730158730159,48.46558063537642,86.33186038280331,106.78403893941956,102.53145558895072,2.547479569060992,22.53145558895072,2523.4217816789624,0,0.6728081552974561,high,True
50.507872340425536,7.015079365079365,50.295992641531456,93.00015628708907,113.68749965039238,93.99580328666588,1.8196908184585951,13.995803286665875,2461.2495042762175,0,0.7410199817718625,high,True
50.507872340425536,7.021428571428571,50.70640284952114,91.5159870866975,108.71915508278045,105.15325140267039,1.3754761289811617,25.153251402670392,2395.165659051294,0,0.6725832100036514,high,True
50.507872340425536,7.027777777777778,51.754651264789295,92.95288708456121,113.83707358450948,99.65007550031424,2.025809398314588,19.650075500314244,2325.827016947315,0,0.7112273548714158,high,True
50.507872340425536,7.034126984126984,50.612758735587164,98.54897457598155,115.07297205548753,95.93831338019767,0.45396317435322375,15.93831338019767,2253.9226965417142,0,0.7497359574398115,high,True
50.507872340425536,7.04047619047619,50.91625213635058,95.97468510185547,112.79978493975432,101.3113116740129,0.2927909180830263,21.3113116740129,2180.167315275277,0,0.718643781759523,high,True
50.507872340425536,7.046825396825397,50.49016673330623,87.831811827635,106.13334627053845,94.57837584557113,1.187960542637584,14.57837584557113,2105.2938872624127,0,0.751834065921681,high,True
50.507872340425536,7.053174603174603,52.87544313301184,94.39676745445519,107.56242334704467,92.85009132560383,2.254813357528154,12.850091325603827,2030.0465382683726,0,0.7607149365984145,high,True
50.507872340425536,7.059523809523809,49.25740875192135,93.52257208135305,118.12527011758988,89.38268010214482,1.610007342881511,9.382680102144818,1955.1731102555082,0,0.8009914816805327,high,True
50.507872340425536,7.065873015873016,50.90107538497105,100.56432200029465,118.42056230304922,93.46123434077747,0.5635977296642146,13.461234340777466,1881.4177289890708,0,0.786459643025975,high,True
50.507872340425536,7.072222222222222,48.89434491996557,94.14976854530164,115.19969950757249,92.20547768610349,1.6501383845734567,12.205477686103492,1809.5134085834702,0,0.7874388709764291,high,True
50.507872340425536,7.078571428571428,50.22995632292945,93.92113313829311,114.13267327660722,89.58361027871558,1.2983784928517632,9.583610278715582,1740.1747664794912,1,0.8085705140916485,high,True
50.507872340425536,7.084920634920635,52.36028888260423,96.42194784166925,116.3527109402672,85.6552573178223,1.8785994867977347,5.655257317822304,1674.0909212545673,1,0.8347788100624979,high,True
50.507872340425536,7.091269841269841,52.49317764007337,98.05465814448016,115.88849908723367,88.6923234809126,1.0381803326453083,8.692323480912606,1611.9186438518227,1,0.8240443429213032,high,True
50.507872340425536,7.097619047619047,51.616702264414755,93.02805178231444,111.05250169180148,87.31934932709193,1.24112008328946,7.319349327091928,1554.2758302960565,1,0.8293186429940778,high,True
50.507872340425536,7.103968253968254,53.86199124524022,99.58930092053095,118.63133073173047,81.75961029330213,0.9047821297159339,1.7596102933021314,1501.7353607650819,1,0.8765151174955651,high,True
50.507872340425536,7.11031746031746,54.28751639602941,96.43925591995011,117.17921626188306,80.76996268773503,1.5578866714968724,0.7699626877350312,1454.8194060509445,1,0.8792400680176794,high,True
50.507872340425536,7.116666666666666,52.22299167412917,96.19377332526501,113.81581421605901,88.54943840018069,1.191019609880884,8.54943840018069,1413.9942379885895,1,0.8317419815829611,high,True
50.507872340425536,7.123015873015873,52.76194149278318,95.26863832845862,112.21580064657512,75.57962089759599,1.2164342689200602,0.0,1379.6655954402154,1,0.885122959081764,high,True
50.507872340425536,7.129365079365079,51.75527603728123,93.99422300074477,111.5168727319872,86.57259490451298,1.499858683439801,6.572594904512982,1352.1746518781868,1,0.842830364095273,high,True
50.507872340425536,7.135714285714285,53.409966684344795,99.28095269221545,118.33539913807354,83.66656983457369,1.0379150115118148,3.666569834573693,1331.7946246507263,1,0.8719101730293729,high,True
50.507872340425536,7.1420634920634924,50.70137991911393,91.67702645700702,115.03510832106623,90.70295355728248,0.6978342748843998,10.702953557282484,1318.7280596237586,1,0.8275530171076334,high,True
50.507872340425536,7.148412698412699,55.196061690779445,101.18832627009084,117.32509999969614,83.44954433867628,1.1985852564994828,3.449544338676276,1313.104818191455,1,0.8721196385967334,high,True
50.507872340425536,7.154761904761905,54.209004269384145,96.80789088441317,115.97935286691546,88.07686144205857,1.3584872880331305,8.076861442058572,1314.980786653031,1,0.840693347601177,high,True
50.507872340425536,7.161111111111111,50.684273619163655,96.13412322502148,113.4962320172815,83.92894416720479,0.2275217651854636,3.92894416720479,1324.3373207919262,1,0.8712066531647521,high,True
50.507872340425536,7.167460317460318,51.269900135550635,96.31010777816647,116.79650339968498,86.11197101839683,0.5618722761888943,6.111971018396829,1341.0814311672468,1,0.8577967978017497,high,True
50.507872340425536,7.173809523809524,53.04356382235599,96.2241672835861,120.14912528620579,88.80831271446073,1.651158269010615,8.808312714460726,1365.0467072884637,1,0.835837113662999,high,True
50.507872340425536,7.18015873015873,51.85060014990211,97.96740636324961,118.71431625188484,84.2795153896371,0.8975997093421079,4.279515389637098,1395.9949714747354,1,0.8661835984306354,high,True
50.507872340425536,7.186507936507937,53.10985564164175,97.63754345820877,117.79180482044762,90.45081724911964,0.7506675204073039,10.450817249119638,1433.6186459709666,1,0.8257888145788528,high,True
50.507872340425536,7.192857142857143,51.67833709421534,96.32014815409758,117.09857082964034,82.89201730466579,1.1636093544742303,2.892017304665785,1477.5438097983483,1,0.8673888764890668,high,True
50.507872340425536,7.199206349206349,54.41954033022664,95.48526237444062,116.45059300943876,88.51577167412331,1.3307592559196655,8.515771674123314,1527.3339149443573,1,0.8279885959261525,high,True
50.507872340425536,7.205555555555556,52.05111126550075,98.53431052516524,115.56007581448746,91.56751517291565,1.6818975063752297,11.567515172915648,1582.4941249738486,1,0.8029257496925706,high,True
50.507872340425536,7.211904761904762,55.568353469577715,100.50332423126332,119.23066459925488,91.12555173532368,0.8620881006725929,11.125551735323683,1642.4762329389323,1,0.8118249006020513,high,True
50.507872340425536,7.218253968253968,52.73411602699956,97.63862798620906,122.19776196659458,96.82757328898059,1.03166592480856,16.827573288980588,1706.6841097022802,1,0.7748134505932949,high,True
50.507872340425536,7.224603174603175,49.6935087260959,93.56826568788567,114.42389221282596,86.85037104221333,1.3716048492232873,6.850371042213325,1774.4796285373284,1,0.823741059443971,high,True
50.507872340425536,7.230952380952381,54.731048715094424,98.0929708689481,119.23207253374031,85.19257612163683,0.6298010667594086,5.192576121636833,1845.1890071200623,0,0.8403203476391109,high,True
50.507872340425536,7.237301587301587,53.130445680986384,97.99559907638873,118.05010980809519,87.59499508436839,1.8540934255090782,7.594995084368392,1918.1095038784974,0,0.8123152925001407,high,True
50.507872340425536,7.243650793650794,51.93246071066236,93.46181271699717,113.25100457375876,95.12934305285386,1.594995744857846,15.129343052853855,1992.5164021546634,0,0.75843348541997,high,True
50.507872340425536,7.25,52.21192445333988,92.13499505497771,116.97789147818222,95.4390434799411,1.5411637923198853,15.439043479941105,2067.6702127653925,0,0.7568259338081481,high,True
50.50425531914894,6.85,48.83471443038094,92.25790243151677,112.48358723723254,99.58566765261723,2.364440801500747,19.585667652617232,2469.159574467625,0,0.700852247008322,high,True
50.50425531914894,6.856349206349206,47.79841156159292,88.53721358930983,106.09067270355132,95.86993712355714,1.7921093848467777,15.869937123557136,2544.313385078354,0,0.717740500528423,high,True
50.50425531914894,6.862698412698412,50.33121218523667,92.51248801007588,110.36335740780973,104.63758347488185,1.664900222614667,24.63758347488185,2618.72028335452,0,0.664343111704641,high,True
50.50425531914894,6.869047619047619,52.35407179278839,98.77961084965375,114.4876641165922,97.88929688307124,1.8479591680680958,17.88929688307124,2691.6407801129553,0,0.7057777918046285,high,True
50.50425531914894,6.875396825396825,50.77576671397839,91.92183311009714,107.13694449026661,108.63692788089432,2.929638852364761,28.63692788089432,2762.350158695689,0,0.6205077116174609,high,True
50.50425531914894,6.881746031746031,52.64737886755761,91.40414795397436,111.98894074283336,116.62344500691317,2.311650647950554,36.62344500691317,2830.145677530737,0,0.5761741212534188,high,True
50.50425531914894,6.888095238095238,51.97285491917491,93.90467600396231,113.17249491830486,107.8156082296171,1.776387530677454,27.815608229617098,2894.353554294085,0,0.6327646822306441,high,True
50.50425531914894,6.894444444444444,49.936102012801115,94.36876359424797,116.90555584676744,109.7856908414212,1.8197301049580905,29.7856908414212,2954.3356622591687,0,0.6208966709418726,high,True
50.50425531914894,6.90079365079365,51.6024557445791,93.09093625881455,112.04694741722942,106.51654555347353,2.0797901538063837,26.516545553473534,3009.4958722886604,0,0.6324532700159773,high,True
50.50425531914894,6.907142857142857,52.04043691334789,93.09500926926458,108.81613670403422,102.19755840351137,1.3574644694054356,22.197558403511366,3059.2859774346693,0,0.6610316335527185,high,True
50.50425531914894,6.913492063492063,49.574634552885044,86.94986628528503,105.08374837778075,107.87895520403838,1.4760596341808325,27.878955204038377,3103.2111412620507,0,0.6209998807913353,high,True
50.50425531914894,6.919841269841269,49.32171858382981,91.46158097311076,111.37024477002215,106.65717866776758,1.6849285917459302,26.65717866776758,3140.8348157582823,0,0.6335300208181686,high,True
50.50425531914894,6.926190476190476,49.810036251727475,90.62744436961813,114.04523712643984,105.85523868452937,2.198909705660622,25.85523868452937,3171.7830799445537,0,0.6377905973103938,high,True
50.50425531914894,6.932539682539682,45.94829862718728,87.13849171046613,104.67584820765424,119.01268185960228,2.1668445934237965,39.01268185960228,3195.7483560657706,0,0.5464009559623146,high,True
50.50425531914894,6.938888888888888,49.96367081670815,90.8854473305409,107.80367925878798,113.55219321094302,3.160107040618039,33.55219321094302,3212.492466441091,0,0.5770350914196072,high,True
50.50425531914894,6.9452380952380945,50.61077193615825,91.18720078423172,111.73055620980355,114.16885568015701,0.6557024450285198,34.16885568015701,3221.8490005799863,0,0.5938038585752987,high,True
50.50425531914894,6.951587301587302,49.744295383420344,95.10744863587888,112.88006274047893,111.45204896421646,2.280635972850623,31.45204896421646,3223.7249690415624,0,0.6011005168951219,high,True
50.50425531914894,6.957936507936508,50.05229440876226,91.61773245256518,112.54023464319951,111.88271572856038,2.710110611943975,31.882715728560385,3218.101727609259,0,0.5952058572600706,high,True
50.50425531914894,6.964285714285714,49.48810709745183,91.14670793344551,109.00235152047433,116.16841560880519,1.7007461502369101,36.16841560880519,3205.0351625822914,0,0.5716114462971958,high,True
50.50425531914894,6.970634920634921,46.5859830977237,91.16090986247771,109.09975204271684,111.77126549618902,2.814259908624541,31.771265496189017,3184.6551353548307,0,0.5917676099673719,high,True
50.50425531914894,6.976984126984127,52.113553743887294,93.98746872339285,113.28522678672147,113.47501461401907,2.3069715172032828,33.475014614019074,3157.164191792802,0,0.5886865753344137,high,True
50.50425531914894,6.983333333333333,49.1157362142952,91.87592523444405,104.04415839636337,109.89012676949022,1.5494716198272842,29.890126769490223,3122.835549244428,0,0.6069010552882009,high,True
50.50425531914894,6.98968253968254,48.79795923242901,91.07838611029277,108.94087617859859,108.50876197205942,1.641740280078885,28.508761972059418,3082.0103811820727,0,0.6198161786527013,high,True
50.50425531914894,6.996031746031746,51.82760867714488,97.76217215350889,119.81968310941281,103.34702256808066,2.315205274877532,23.34702256808066,3035.0944264679356,0,0.6584660902263918,high,True
50.50425531914894,7.002380952380952,51.33308114939609,93.73528962853713,110.74679378937304,100.0692054394526,1.3270851926485945,20.069205439452602,2982.553956936961,0,0.6773393273282889,high,True
50.50425531914894,7.008730158730159,50.35681400157807,93.63227861745884,108.77813088435764,105.86287741978722,1.9180136313262701,25.862877419787225,2924.911143381195,0,0.6381028322994526,high,True
50.50425531914894,7.015079365079365,51.19057881681792,92.62590616997038,118.21633216529074,106.00330248982456,2.491908640606949,26.003302489824563,2862.73886597845,0,0.6459460240342516,high,True
50.50425531914894,7.021428571428571,48.39973365035898,89.81397577867841,106.2433310158446,99.45643774096709,1.4164326078073004,19.45643774096709,2796.6550207535265,0,0.6853649600450753,high,True
50.50425531914894,7.027777777777778,50.112133038256694,91.10077405747023,106.6058451897168,103.25829721749099,1.2780889708541388,23.25829721749099,2727.3163786495475,0,0.6663550755088932,high,True
50.50425531914894,7.034126984126984,52.28158706981639,91.58869925475008,106.99324082998777,102.39381146865406,1.8691184185510101,22.393811468654064,2655.412058243947,0,0.6718005267816958,high,True
50.50425531914894,7.04047619047619,49.43335542162559,94.45647201688045,116.76567390898818,92.33982533780123,2.1294885918440047,12.33982533780123,2581.6566769775095,0,0.7463623410865616,high,True
50.50425531914894,7.046825396825397,49.063926625730524,91.51063514328976,113.69374736383756,96.10500069148233,1.8011326871246014,16.10500069148233,2506.783248964645,0,0.7256907793463434,high,True
50.50425531914894,7.053174603174603,50.793316531254604,92.62027288737409,113.03227805608394,100.22574312414201,1.1403319417949511,20.225743124142014,2431.535899970605,0,0.7074423755863665,high,True
50.50425531914894,7.059523809523809,50.942982875098615,90.77655311779245,110.3803016592114,99.01727311563076,1.6595782141510207,19.017273115630758,2356.6624719577403,0,0.7126253663276254,high,True
50.50425531914894,7.065873015873016,51.87508518205272,92.22614335207388,111.45471875530532,91.77800808628386,0.7116094806102542,11.778008086283862,2282.907090691303,0,0.7689527504773975,high,True
50.50425531914894,7.072222222222222,48.948486092909505,94.63198414408673,112.46193020151486,96.01012591035443,1.6783107929477197,16.010125910354432,2211.0027702857024,0,0.740659766127863,high,True
50.50425531914894,7.078571428571428,47.30059889411418,88.868270260109,107.60666931229434,98.51665931676384,1.0684046410814216,18.516659316763835,2141.6641281817233,0,0.7276716445662246,high,True
50.50425531914894,7.084920634920635,52.61122964784934,93.58496311161508,116.0736399309607,96.65872864419019,1.7677107027806556,16.65872864419019,2075.5802829567997,0,0.7463928337383943,high,True
50.50425531914894,7.091269841269841,49.70422103300086,94.24087919435235,114.17649954138426,92.36966773703381,1.3090325219327759,12.369667737033808,2013.408005554055,0,0.7774687924276683,high,True
50.50425531914894,7.097619047619047,50.50647751855604,98.33777874167228,110.68622092951318,90.15925875812908,1.5515130990190977,10.159258758129084,1955.7651919982889,0,0.7890591734311646,high,True
50.50425531914894,7.103968253968254,48.23175158510308,92.27669733801224,110.36814020653395,88.87604877895933,1.3563759823887012,8.87604877895933,1903.2247224673142,0,0.8006890926654144,high,True
50.50425531914894,7.11031746031746,53.117475092695656,92.16759964248243,110.45746007154594,92.70991570195825,1.2826060035892328,12.709915701958252,1856.3087677531769,0,0.7796543418560531,high,True
50.50425531914894,7.116666666666666,52.17554905220148,98.81071068453878,120.15611669286861,91.14755395975912,0.8949050226370694,11.147553959759122,1815.4835996908218,0,0.803743690975586,high,True
50.50425531914894,7.123015873015873,52.171882659016084,91.8898627270114,110.61507934864548,92.49640021152038,2.4998536715456505,12.496400211520381,1781.154957142448,1,0.7767891390258831,high,True
50.50425531914894,7.129365079365079,52.20723423989452,93.80239085384345,109.91026506484647,90.20062476251584,1.0735577099835825,10.200624762515844,1753.6640135804191,1,0.8013161082202109,high,True
50.50425531914894,7.135714285714285,48.6956110670971,87.97233584868283,108.46645857277258,92.7246611608768,0.8533868324860666,12.724661160876806,1733.2839863529584,1,0.7865838814497377,high,True
50.50425531914894,7.1420634920634924,50.329823106653166,91.49611931428247,109.74360825192979,89.68603859847289,0.7076470943202355,9.68603859847289,1720.217421325991,1,0.8084773486497064,high,True
50.50425531914894,7.148412698412699,51.139338673182024,96.25982794870603,115.44460645143712,92.38567087040231,0.9452630957239108,12.385670870402308,1714.5941798936874,1,0.7960027005452456,high,True
50.50425531914894,7.154761904761905,50.69069278082593,90.28271608769862,108.87235550129665,92.75045259241635,0.8455379906184985,12.750452592416352,1716.4701483552633,1,0.7877215994434745,high,True
50.50425531914894,7.161111111111111,51.390977329258845,94.05874918132876,115.94997985626213,86.15036154476313,1.4099840477230348,6.150361544763129,1725.8266824941586,1,0.8318189924252978,high,True
50.50425531914894,7.167460317460318,52.1397399057554,96.61143948902114,116.05960498547388,82.31856100884005,1.9183667851154123,2.3185610088400495,1742.5707928694792,1,0.8516509471359802,high,True
50.50425531914894,7.173809523809524,53.240403590102545,97.10831953511776,118.73476313292534,95.98962541624567,1.4083281868232485,15.989625416245673,1766.536068990696,1,0.7710839462530333,high,True
50.50425531914894,7.18015873015873,49.45935537202709,89.20434347139056,104.72536758989182,91.18922597938452,2.0757234351420752,11.189225979384517,1797.4843331769675,1,0.7810803323256096,high,True
50.50425531914894,7.186507936507937,51.60457044553022,94.98246338503586,110.28666636525921,83.73453227872339,1.2241724660251982,3.7345322787233926,1835.108007673199,0,0.8370292894660767,high,True
50.50425531914894,7.192857142857143,52.613311097032536,95.11429596374124,117.73818604138398,88.2503498649728,3.099727287660085,8.250349864972804,1879.0331715005805,0,0.8015569922258743,high,True
50.50425531914894,7.199206349206349,50.07892778367308,92.33147500266838,113.5560898229913,94.78947036807207,0.3978842019634886,14.789470368072074,1928.8232766465896,0,0.7720281748437882,high,True
50.50425531914894,7.205555555555556,51.086716481532235,92.63971242422079,114.69173508463405,91.26213887035517,0.5738141616892365,11.262138870355173,1983.9834866760812,0,0.7912787650665153,high,True
50.50425531914894,7.211904761904762,51.97961388800059,95.73268622253461,115.81704036054123,91.09254159178342,1.1254370616838674,11.092541591783416,2043.965594641165,0,0.7867874619352775,high,True
50.50425531914894,7.218253968253968,51.194439155790434,96.07997252315256,112.33030230950189,99.58287525010473,0.06557580717183296,19.582875250104735,2108.1734714045124,0,0.7340914863783095,high,True
50.50425531914894,7.224603174603175,52.08194067531949,93.15321413779287,114.0579271535616,90.7037635131227,1.3670158329884041,10.703763513122695,2175.9689902395608,0,0.7792475167979774,high,True
50.50425531914894,7.230952380952381,51.10207303079886,94.94886964985587,112.91547076124934,92.6839327197881,1.9686372314667913,12.683932719788103,2246.6783688222945,0,0.7581827246116802,high,True
50.50425531914894,7.237301587301587,50.37917413925607,93.1771870503988,115.4924321010817,97.76942825501081,1.4712964963744488,17.76942825501081,2319.5988655807296,0,0.7286449189190646,high,True
50.50425531914894,7.243650793650794,48.97359825973468,87.4018948674919,105.8723108318658,99.58886733806062,1.2960498672403542,19.588867338060624,2394.005763856896,0,0.7051012693278731,high,True
50.50425531914894,7.25,50.98903741192722,94.54978847875361,117.83824474167773,101.1620131513905,1.276476427984623,21.162013151390497,2469.159574467625,0,0.7036078409688751,high,True
50.50063829787234,6.85,50.175082196300075,94.80449100407438,113.27301692600977,109.56491596278889,1.8655144188214876,29.564915962788888,2870.6489361698573,0,0.6225230825579431,high,True
50.50063829787234,6.856349206349206,48.428112340040364,90.1362609123943,107.44048760642717,108.08921702117624,2.4542491646696574,28.08921702117624,2945.8027467805864,0,0.6182310827872487,high,True
50.50063829787234,6.862698412698412,50.6847451302878,90.13562586167751,111.45635366908434,110.64871526249992,1.676308772197466,30.64871526249992,3020.2096450567524,0,0.6087264914638101,high,True
50.50063829787234,6.869047619047619,51.61090864308528,90.60195484655026,107.5816512737936,109.05651797428634,2.183140148122314,29.056517974286336,3093.1301418151875,0,0.6114241462803551,high,True
50.50063829787234,6.875396825396825,48.62024744614617,86.92582297141806,105.03710393740826,111.73575101878114,2.3220720280858735,31.735751018781144,3163.8395203979217,0,0.591208179882787,high,True
50.50063829787234,6.881746031746031,48.425182352799524,92.08513483065346,109.86228559451494,113.27888604940387,0.7673645533049593,33.278886049403866,3231.6350392329696,0,0.596753484097041,high,True
50.50063829787234,6.888095238095238,48.28234230521713,89.45732719111457,108.0990569545677,115.02742272735902,1.0698335344623382,35.027422727359024,3295.8429159963175,0,0.5820454413454915,high,True
50.50063829787234,6.894444444444444,46.82893943186528,90.58590546766516,107.92503232278598,118.51213965764829,1.2907576120100708,38.51213965764829,3355.8250239614013,0,0.5586191087157504,high,True
50.50063829787234,6.90079365079365,52.279121658708824,91.13746790444398,109.02572819211372,118.81660650378164,1.404323185620057,38.81660650378164,3410.9852339908925,0,0.557059782972678,high,True
50.50063829787234,6.907142857142857,48.532234400468816,88.02466964011893,109.85428141322271,117.84907270035298,2.8654220987908823,37.84907270035298,3460.7753391369015,0,0.5541947630440773,high,True
50.50063829787234,6.913492063492063,47.85926183330618,93.07725153613278,115.65447618469636,115.39806260846277,2.258341469581974,35.398062608462766,3504.7005029642833,0,0.579360975084591,high,True
50.50063829787234,6.919841269841269,47.40682594800409,90.1168412446435,108.91675052707387,119.73920390446288,2.3953009489910273,39.73920390446288,3542.3241774605144,0,0.5445780531309073,high,True
50.50063829787234,6.926190476190476,48.474121711582065,91.55965717237223,108.56457313547898,120.04911049084905,3.653808940935288,40.049110490849046,3573.272441646786,0,0.534205846862577,high,True
50.50063829787234,6.932539682539682,47.981683778630135,89.1603511234058,107.077504210162,121.47442166065125,1.912764813135719,41.474421660651245,3597.237717768003,0,0.5443257387892572,high,True
50.50063829787234,6.938888888888888,51.159602725899816,90.32338311704586,106.79657869549906,129.90758787554464,2.313148745417615,49.907587875544635,3613.9818281433236,0,0.5413755870593816,high,True
50.50063829787234,6.9452380952380945,47.117110035248665,88.76175970697534,107.97660018047566,119.19938935928684,1.6910736356074718,39.19938935928684,3623.338362282219,0,0.5517065924475497,high,True
50.50063829787234,6.951587301587302,46.67995578633499,86.0769717157953,109.84623399219765,123.02640771256864,1.9213485082603279,43.02640771256864,3625.2143307437946,0,0.5470372439371287,high,True
50.50063829787234,6.957936507936508,49.82280774698416,92.03885260963803,111.43071091878906,125.48295903208162,2.1990732694680664,45.482959032081624,3619.5910893114915,0,0.5467702224556685,high,True
50.50063829787234,6.964285714285714,48.85147780081377,91.8298258174957,109.48103798465432,121.30412928399687,1.7938267511786312,41.30412928399687,3606.5245242845235,0,0.5475221929767967,high,True
50.50063829787234,6.970634920634921,48.704684519326136,86.7118777213483,102.6799158004863,129.80242977594477,1.2858131588712547,49.80242977594477,3586.144497057063,0,0.544107828074678,high,True
50.50063829787234,6.976984126984127,49.91483467219568,90.88957310959121,106.46710160836204,118.3210837073349,2.042746245398691,38.32108370733491,3558.6535534950344,0,0.5533420201348609,high,True
50.50063829787234,6.983333333333333,49.325925068571195,90.91172007381986,108.52589802439437,120.36479970955405,2.169456499834566,40.36479970955405,3524.3249109466606,0,0.544062854692164,high,True
50.50063829787234,6.98968253968254,49.10496954972432,91.016416451233,108.22488437218357,114.97333811977737,2.1402022847912407,34.97333811977737,3483.4997428843053,0,0.5753735058916334,high,True
50.50063829787234,6.996031746031746,47.12951533484865,87.97346941585336,108.73808179829786,115.74127318350605,2.2721838274310358,35.74127318350605,3436.583788170168,0,0.5702072322185114,high,True
50.50063829787234,7.002380952380952,46.80659619419593,87.7749091627449,105.18942277276444,117.0159298308715,2.6311869921637863,37.0159298308715,3384.0433186391933,0,0.5562986147153923,high,True
50.50063829787234,7.008730158730159,48.33625836630902,86.37268403669533,104.52473591642126,118.18874649409202,1.9799765853082583,38.188746494092015,3326.400505083427,0,0.5526452264262911,high,True
50.50063829787234,7.015079365079365,47.84529107510002,86.93040075205657,104.09655153342624,114.7910730246616,1.9078067907387144,34.7910730246616,3264.2282276806823,0,0.5739336331910332,high,True
50.50063829787234,7.021428571428571,49.96665521130517,93.92486784576172,114.67158414491341,117.20788863062549,2.7617591608355188,37.20788863062549,3198.1443824557587,0,0.5637105524646007,high,True
50.50063829787234,7.027777777777778,46.961076229942975,86.36692787800834,106.65249518834557,110.41167958536045,2.54608719497729,30.411679585360446,3128.8057403517796,0,0.5996055831466609,high,True
50.50063829787234,7.034126984126984,49.08915942974638,93.6004912546503,112.43972808385325,108.06386397065181,1.8747958061876182,28.06386397065181,3056.901419946179,0,0.624541939559362,high,True
50.50063829787234,7.04047619047619,49.60457706195267,94.69670700506514,111.20632802171843,118.80725220099083,2.5043679948194204,38.80725220099083,2983.1460386797417,0,0.5528079131994091,high,True
50.50063829787234,7.046825396825397,49.91156518184998,92.26901411615323,108.46574023327227,108.18079804563781,2.973102600846423,28.180798045637815,2908.2726106668774,0,0.6171014379090491,high,True
50.50063829787234,7.053174603174603,50.677899264178954,91.78671022173725,107.83510288613545,102.3670587877877,1.9105324372425845,22.3670587877877,2833.025261672837,0,0.6636528394638699,high,True
50.50063829787234,7.059523809523809,49.69852547869188,90.54646414159642,112.99674142033854,101.15117428019205,1.2831218513113667,21.151174280192052,2758.151833659973,0,0.6843401648107303,high,True
50.50063829787234,7.065873015873016,49.29535574183917,90.3862499592211,109.0122946943722,98.89489676141287,2.4873060124270694,18.894896761412866,2684.3964523935356,0,0.6901173272330178,high,True
50.50063829787234,7.072222222222222,52.26982015442519,94.378795363079,117.0200460346346,105.21391252265211,1.8879214732170546,25.21391252265211,2612.492131987935,0,0.6662223430138817,high,True
50.50063829787234,7.078571428571428,50.02666738467101,92.31247769305952,110.14357061694511,98.88569543923576,1.710996734772136,18.88569543923576,2543.153489883956,0,0.703543654729043,high,True
50.50063829787234,7.084920634920635,52.73500399016913,96.35349768571353,112.62707374749584,99.80915428510795,1.894282857463637,19.80915428510795,2477.0696446590323,0,0.7023378248495286,high,True
50.50063829787234,7.091269841269841,50.213068700253636,94.29517125681792,114.87372029455452,98.08901650749928,1.0464907453308312,18.08901650749928,2414.8973672562875,0,0.7240958937909974,high,True
50.50063829787234,7.097619047619047,50.764583319224606,92.51541763526674,111.06776076569301,100.40378668379732,1.6764091173982398,20.40378668379732,2357.2545537005212,0,0.7045053055242788,high,True
50.50063829787234,7.103968253968254,50.66184105214983,91.28449937514802,111.36284309163128,93.32040299214123,1.9063731869995257,13.320402992141226,2304.7140841695464,0,0.7501654656022745,high,True
50.50063829787234,7.11031746031746,51.28954669102631,93.9509749719858,111.79714737008986,91.73180540235695,1.103658588501599,11.731805402356954,2257.7981294554093,0,0.7682257332092443,high,True
50.50063829787234,7.116666666666666,50.37660578960178,90.45099436926678,108.24051370472391,96.35667397748145,1.1059390990153035,16.35667397748145,2216.972961393054,0,0.7377897259490435,high,True
50.50063829787234,7.123015873015873,51.2043617225652,98.55782265806232,115.57973621667463,97.38826485454159,0.2978389916810968,17.38826485454159,2182.64431884468,0,0.7457852716556816,high,True
50.50063829787234,7.129365079365079,53.399615874637234,96.99421819450188,116.7542749072188,95.93946897510664,1.425033097801882,15.939468975106635,2155.1533752826517,0,0.7498747043966572,high,True
50.50063829787234,7.135714285714285,52.70882064190663,95.03389293374205,114.81704374442822,91.09652723631733,0.5192530325457144,11.096527236317328,2134.773348055191,0,0.7852633942310472,high,True
50.50063829787234,7.1420634920634924,52.739805229039916,93.9245301378985,115.06806021506944,96.86934267120844,1.224008480058195,16.869342671208443,2121.706783028223,0,0.7453892728348842,high,True
50.50063829787234,7.148412698412699,49.1522010900817,94.0335552691897,108.35818892096638,91.10900462739836,0.7480368264536335,11.109004627398363,2116.08354159592,0,0.778135820743573,high,True
50.50063829787234,7.154761904761905,49.39194746815616,95.28661298601041,110.97848826271628,92.02327735702463,0.3312551174314678,12.023277357024625,2117.9595100574957,0,0.7777266618288944,high,True
50.50063829787234,7.161111111111111,51.47395321825557,93.9134561711961,118.66049210894217,90.45855599960238,1.91821770563581,10.458555999602382,2127.316044196391,0,0.7841405968640356,high,True
50.50063829787234,7.167460317460318,52.276990375544266,95.83981034462731,111.15726467082916,99.66396288212346,2.2776961387034373,19.663962882123457,2144.0601545717113,0,0.7158698480042824,high,True
50.50063829787234,7.173809523809524,50.30442886223647,92.82049130281092,115.15568793237065,97.31806105702535,0.8456913536193621,17.318061057025346,2168.0254306929287,0,0.7428785924338532,high,True
50.50063829787234,7.18015873015873,49.988170668281526,93.3950620090041,109.51132837533547,97.62945086017257,2.191082332353671,17.629450860172568,2198.9736948792,0,0.7247713602062724,high,True
50.50063829787234,7.186507936507937,53.06650140028313,95.52668152339425,116.26157617490955,100.72323319418108,2.484659793541438,20.723233194181077,2236.5973693754313,0,0.7083471016188966,high,True
50.50063829787234,7.192857142857143,51.93623975850831,93.11603551193201,111.06255649145545,107.60907738688003,2.220933953104003,27.60907738688003,2280.522533202813,0,0.659673469809288,high,True
50.50063829787234,7.199206349206349,52.417423711016326,96.27460846862346,116.26304410098479,90.24367517697667,1.5349018549783946,10.243675176976666,2330.312638348822,0,0.7754917632942503,high,True
50.50063829787234,7.205555555555556,50.08354230001672,92.3180615445104,112.29568356157553,94.94526328382236,1.1547088574001927,14.945263283822356,2385.4728483783133,0,0.7419160865694354,high,True
50.50063829787234,7.211904761904762,49.87421436066395,90.63970830591319,106.30812398980908,96.34550593258095,2.3802945626631162,16.34550593258095,2445.454956343397,0,0.7160073336762541,high,True
50.50063829787234,7.218253968253968,51.98042178488687,91.43148766161248,112.76237480479662,96.40765684545755,0.38826060599545564,16.407656845457552,2509.662833106745,0,0.7321429738253801,high,True
50.50063829787234,7.224603174603175,50.06125176463876,92.81244094587186,112.78556566380158,96.5853963947666,1.5777961228132285,16.585396394766605,2577.458351941793,0,0.7197352797806658,high,True
50.50063829787234,7.230952380952381,49.433851288768416,91.7658582362148,114.75583233443538,100.85934041768378,1.8918625831297367,20.859340417683782,2648.167730524527,0,0.6893641509768205,high,True
50.50063829787234,7.237301587301587,48.872818233394504,93.04508517299357,108.14274373771579,98.42304782945054,1.5491151186292447,18.42304782945054,2721.088227282962,0,0.6966168493153069,high,True
50.50063829787234,7.243650793650794,49.36696008565496,90.98627150175577,118.22546125440385,105.92072540250129,1.352877339021946,25.92072540250129,2795.495125559128,0,0.6574269889506681,high,True
50.50063829787234,7.25,51.33774835724954,92.24011487148813,111.63608624666126,106.12675707022755,1.2949995428165029,26.126757070227555,2870.6489361698573,0,0.6461780774638028,high,True
50.497021276595746,6.85,47.19649806129525,85.22913081911238,104.73453120140842,115.60143471337483,2.074632002643015,35.60143471337483,3272.1382978720894,0,0.5683946842251957,high,True
50.497021276595746,6.856349206349206,50.3020861289399,91.21872468433898,107.22254338538019,117.27298706278928,1.5343950437886171,37.272987062789284,3347.2921084828185,0,0.564037073951023,high,True
50.497021276595746,6.862698412698412,48.19565401663933,89.00621407687942,105.22358778743944,119.23830562495519,1.1180915372546043,39.23830562495519,3421.699006758985,0,0.5525302340497721,high,True
50.497021276595746,6.869047619047619,48.84491744245543,92.18081805451098,114.24251032180754,116.91899178144595,2.7803342044389687,36.91899178144595,3494.61950351742,0,0.5649632503248438,high,True
50.497021276595746,6.875396825396825,48.847191345013826,89.31295241776127,110.4579517620362,128.46739317013805,2.3467057006395486,48.46739317013805,3565.328882100154,0,0.5448132470911059,high,True
50.497021276595746,6.881746031746031,48.64627508888392,92.0707656549713,113.06883200723377,122.45556530927487,2.305706081790181,42.455565309274874,3633.124400935202,0,0.5476974581286326,high,True
50.497021276595746,6.888095238095238,48.462946118591184,90.92189095995832,109.04461250467592,115.54835121365718,1.3371318310943692,35.548351213657185,3697.3322776985497,0,0.5779532052120226,high,True
50.497021276595746,6.894444444444444,48.14946604435174,89.12106848445464,106.50756721468203,120.39523307210095,1.5240987819195246,40.39523307210095,3757.3143856636334,0,0.5463469086685518,high,True
50.497021276595746,6.90079365079365,47.88797774959412,91.85845826217287,108.4940944390257,118.75608446615917,2.0692272450809615,38.756084466159166,3812.474595693125,0,0.5524737182249911,high,True
50.497021276595746,6.907142857142857,50.66121067107553,91.92643403545759,111.56604871499715,126.98936970557264,2.924251744303402,46.98936970557264,3862.264700839134,0,0.5420710370863078,high,True
50.497021276595746,6.913492063492063,48.66337423338866,92.73646183420661,107.11711754951908,127.50611304340282,2.155805800452405,47.50611304340282,3906.189864666516,0,0.5427450788798364,high,True
50.497021276595746,6.919841269841269,48.38936839783066,89.50591695158235,111.29188113537285,127.04860881998523,2.5028399006237727,47.04860881998523,3943.813539162747,0,0.5446062817978811,high,True
50.497021276595746,6.926190476190476,47.57239886963491,89.82698382743528,113.195186421608,137.7368442195982,2.694178120603755,57.7368442195982,3974.7618033490185,0,0.5452339989509163,high,True
50.497021276595746,6.932539682539682,47.897432664995755,88.12712204774469,110.33844153052767,132.49011358680642,1.2285462628329726,52.490113586806416,3998.7270794702354,0,0.5521481331116411,high,True
50.497021276595746,6.938888888888888,47.526663788579626,89.12766341418558,107.81326927132923,133.620657100233,1.8850861955763532,53.62065710023299,4015.471189845556,0,0.5452460279674869,high,True
50.497021276595746,6.9452380952380945,49.62476156304987,91.57747109623189,109.16518544129758,127.22859513675563,2.163919930194507,47.22859513675563,4024.827723984451,0,0.5447390525733342,high,True
50.497021276595746,6.951587301587302,47.34400744231021,92.23245019900227,112.60026402706507,127.00381878113043,2.32870419759581,47.003818781130434,4026.703692446027,0,0.5470755693764263,high,True
50.497021276595746,6.957936507936508,45.11205079086334,82.53276931704855,100.86795354737512,131.0052769635841,2.0090122069790435,51.005276963584095,4021.0804510137236,0,0.5374745388341815,high,True
50.497021276595746,6.964285714285714,48.585197834212536,89.45536276868074,100.85937687037624,131.22009243328125,2.932585901293277,51.22009243328125,4008.013885986756,0,0.5313088041950877,high,True
50.497021276595746,6.970634920634921,48.10415127166766,87.50910159709022,105.81407244726293,122.59027185840607,1.5186007564854755,42.59027185840607,3987.6338587592954,0,0.5456900674040264,high,True
50.497021276595746,6.976984126984127,47.67905796808098,88.00804708941551,108.51358773074345,128.6070482945249,1.5348484069112405,48.6070482945249,3960.1429151972666,0,0.5482812650180018,high,True
50.497021276595746,6.983333333333333,49.968325775674614,92.15031410955407,108.21861117427248,128.533063510493,1.7783253854831507,48.53306351049301,3925.8142726488927,0,0.5463631086043848,high,True
50.497021276595746,6.98968253968254,44.552390775647005,89.24316662525976,105.57330297283781,126.613185499948,2.7480993674636656,46.613185499948,3884.989104586538,0,0.53725264052308,high,True
50.497021276595746,6.996031746031746,51.07675148307123,89.52574865757856,110.4081376364708,123.08053686760519,2.3309130278009063,43.08053686760519,3838.0731498724003,0,0.5448687174511314,high,True
50.497021276595746,7.002380952380952,50.361693194162434,90.6067796715524,102.62280516061134,122.9160794612856,2.2948359289133804,42.916079461285605,3785.532680341426,0,0.5373238989678555,high,True
50.497021276595746,7.008730158730159,47.9119328310956,92.17593536834751,111.87607549096899,123.00453219069973,2.1310352767951026,43.004532190699734,3727.8898667856593,0,0.5476691736456683,high,True
50.497021276595746,7.015079365079365,48.25861637321954,87.65506645834853,103.12275167119184,122.62930524904472,2.253428996398187,42.62930524904472,3665.717589382915,0,0.5380998916952039,high,True
50.497021276595746,7.021428571428571,49.77792660599011,95.54019126758413,114.28640513248675,123.17510040829468,1.411715287893063,43.17510040829468,3599.6337441579913,0,0.5548749698798663,high,True
50.497021276595746,7.027777777777778,49.909758485455455,93.42580883458513,111.92823156891518,123.52434329695777,1.460682052857915,43.52434329695777,3530.295102054012,0,0.552190351216529,high,True
50.497021276595746,7.034126984126984,48.257931164148026,86.70192505860388,101.37531911115207,116.44291756853615,2.2179077286916105,36.442917568536146,3458.3907816484116,0,0.5588210327831904,high,True
50.497021276595746,7.04047619047619,46.88277386038702,93.92561588899939,114.74371280901225,114.20817489656793,0.9109315293101203,34.208174896567925,3384.6354003819743,0,0.5948697428433952,high,True
50.497021276595746,7.046825396825397,52.58010633994871,96.76806022351647,116.06316185768762,116.2068517597978,1.2420275200197228,36.2068517597978,3309.7619723691096,0,0.5814901548921532,high,True
50.497021276595746,7.053174603174603,50.94685194336987,91.18800594729181,109.45934443823262,115.3506955591686,2.5999793267746845,35.3506955591686,3234.5146233750697,0,0.5711843016815976,high,True
50.497021276595746,7.059523809523809,49.85149874774315,89.07309802479989,107.42204839905298,109.66465222660689,2.574585826485409,29.66465222660689,3159.641195362205,0,0.6048540664728572,high,True
50.497021276595746,7.065873015873016,49.982841084397954,91.07756590827793,106.11139593539116,113.11413249437979,2.2981831700103106,33.11413249437979,3085.8858140957677,0,0.5838268467121154,high,True
50.497021276595746,7.072222222222222,50.75244670702695,94.85421503825559,112.70389513452399,112.49131135403988,0.11783954162109878,32.49131135403988,3013.981493690167,0,0.608847602227634,high,True
50.497021276595746,7.078571428571428,51.03061079850533,90.78138020433192,106.2416597191129,112.44015816825176,1.2878488887388881,32.440158168251756,2944.642851586188,0,0.5976728693299708,high,True
50.497021276595746,7.084920634920635,46.88418307918987,86.45911007881355,109.86428149526299,113.17628908293827,2.7707788823619426,33.17628908293827,2878.5590063612644,0,0.5901126651930892,high,True
50.497021276595746,7.091269841269841,49.57725310086748,92.41740840850896,110.49652869970713,101.48366047009897,1.757846385531195,21.483660470098968,2816.3867289585196,0,0.6736853384101212,high,True
50.497021276595746,7.097619047619047,49.505225810356,88.7331735976715,107.38883400069847,103.99409642929251,0.39682331860562964,23.99409642929251,2758.7439154027534,0,0.6668430467567784,high,True
50.497021276595746,7.103968253968254,50.02232951651311,88.6139351049668,107.34280064607795,103.08047629685346,2.5310652058809175,23.080476296853462,2706.203445871779,0,0.6609058834579488,high,True
50.497021276595746,7.11031746031746,51.48986785396769,96.82269832866233,119.97409021064033,101.85129174872995,2.091252318230554,21.85129174872995,2659.287491157642,0,0.686497460101659,high,True
50.497021276595746,7.116666666666666,47.70909997363738,89.9467112092683,111.15299270174661,98.96881325120358,2.070125870804992,18.968813251203585,2618.4623230952866,0,0.69787395458826,high,True
50.497021276595746,7.123015873015873,48.42165540912538,93.06267561678173,112.07976437441495,95.06185673076968,1.3656589579497334,15.061856730769676,2584.1336805469127,0,0.7296320827267606,high,True
50.497021276595746,7.129365079365079,49.46387072579668,92.17237867167634,113.07531556516523,100.93030121883848,1.5559567603000581,20.93030121883848,2556.642736984884,0,0.6940557510295134,high,True
50.497021276595746,7.135714285714285,50.74858051783679,94.23632031449092,116.95546469653735,97.15968980705615,2.005726610566107,17.159689807056154,2536.262709757423,0,0.7195227571774577,high,True
50.497021276595746,7.1420634920634924,51.78489500266485,94.90525424719334,114.68300684503686,100.36914556135571,1.4700950411966145,20.369145561355708,2523.1961447304557,0,0.7014154062420634,high,True
50.497021276595746,7.148412698412699,52.99215534961041,96.09616504899876,117.98978990908554,96.75983999821239,2.8924579342138106,16.759839998212385,2517.572903298152,0,0.7180790918605917,high,True
50.497021276595746,7.154761904761905,50.11281470665765,92.36974451809539,111.70508344062362,95.56710247733469,2.197138164746896,15.567102477334686,2519.4488717597283,0,0.723790661604316,high,True
50.497021276595746,7.161111111111111,51.773991276302176,93.47073488362221,107.79643368781521,101.05149907214751,1.3261355922670703,21.051499072147507,2528.8054058986236,0,0.690943390243515,high,True
50.497021276595746,7.167460317460318,51.56836462217505,94.35839832980739,113.77450922128992,100.98524138525518,1.1064580176671248,20.98524138525518,2545.549516273944,0,0.6979628879653003,high,True
50.497021276595746,7.173809523809524,51.27972117215106,98.78349133857495,120.01757533773551,103.08425717824971,2.006558235406659,23.084257178249715,2569.514792395161,0,0.6838881734512057,high,True
50.497021276595746,7.18015873015873,50.38458989252421,93.30537093454465,109.71457894906848,110.01385222337073,1.7786839910940293,30.013852223370733,2600.4630565814323,0,0.6302469564499696,high,True
50.497021276595746,7.186507936507937,49.76578099051016,91.68314710252693,113.09880934321149,102.99949078267963,0.983310431824318,22.99949078267963,2638.086731077664,0,0.6808922525187519,high,True
50.497021276595746,7.192857142857143,48.70201148296032,88.97173671997679,110.46705097025347,104.56569350158068,0.9103208350639036,24.565693501580682,2682.011894905045,0,0.6667620662730293,high,True
50.497021276595746,7.199206349206349,48.5295081535905,91.06063231649888,112.31657916717514,99.16297417049405,2.8525380508867593,19.162974170494053,2731.802000051054,0,0.6869409702597894,high,True
50.497021276595746,7.205555555555556,50.6669410391193,95.90366739979343,111.63776209213582,99.28309675695091,3.446531023273629,19.28309675695091,2786.962210080546,0,0.6787934233686744,high,True
50.497021276595746,7.211904761904762,49.97768973897258,87.067315444902,107.32785763589496,111.82497655591307,1.6412147024794532,31.824976555913068,2846.9443180456296,0,0.6051331069092937,high,True
50.497021276595746,7.218253968253968,49.34365879638158,90.592056929846,113.03082007459315,102.96263724071214,2.061602633459436,22.96263724071214,2911.1521948089776,0,0.6602127100232971,high,True
50.497021276595746,7.224603174603175,50.867367674129824,94.20936486383715,114.3739778857741,103.73680388515196,2.1925645268892167,23.736803885151957,2978.9477136440255,0,0.652454471075445,high,True
50.497021276595746,7.230952380952381,49.46936673681453,89.78449576670928,106.68279731011373,109.09699701145841,1.8385238896486447,29.096997011458413,3049.6570922267592,0,0.6125697400575076,high,True
50.497021276595746,7.237301587301587,48.29807085626353,90.53255063680166,108.9255503571982,110.3083068722106,1.957462958426175,30.308306872210593,3122.577588985195,0,0.6064488793497075,high,True
50.497021276595746,7.243650793650794,49.16470349407131,92.62664133514308,114.08477684833943,108.53807172840659,0.49609267656235495,28.538071728406592,3196.9844872613608,0,0.6324145440353826,high,True
50.497021276595746,7.25,50.69194011719917,92.4537701814023,108.24651982186109,112.4574271794678,1.8965287070406862,32.4574271794678,3272.1382978720894,0,0.5927440752365828,high,True
50.49340425531915,6.85,47.3892105086392,90.93529789577354,109.09533178647243,127.36621269404925,2.537899048313192,47.36621269404925,3673.627659574322,0,0.5421760047977178,high,True
50.49340425531915,6.856349206349206,49.14092423604084,91.88367628402833,112.8786235988955,120.97930303801671,1.88747790348649,40.97930303801671,3748.781470185051,0,0.5502954375756522,high,True
50.49340425531915,6.862698412698412,48.64826559725168,91.37718312015326,111.09007830490592,120.40072047760756,3.068131791285551,40.400720477607564,3823.188368461217,0,0.5406358663630022,high,True
50.49340425531915,6.869047619047619,47.49735323841342,92.07734195516349,113.22695198165991,131.51630802885703,2.7409639426724395,51.516308028857026,3896.108865219652,0,0.5449538590305103,high,True
50.49340425531915,6.875396825396825,48.109323172925485,91.01544872722354,109.5283643936397,131.4639024604462,1.941561060986955,51.46390246044621,3966.8182438023864,0,0.54658462398706,high,True
50.49340425531915,6.881746031746031,46.107024151432334,87.66121719719021,111.88958721416563,128.71889137423057,2.413872973599218,48.718891374230566,4034.6137626374343,0,0.5457971007235042,high,True
50.49340425531915,6.888095238095238,48.54935372517272,90.27554975505939,105.33764734355924,126.51491569904377,3.6135661832331993,46.51491569904377,4098.821639400782,0,0.5312472061220045,high,True
50.49340425531915,6.894444444444444,46.26395651942867,82.95879318861554,98.35054547933353,131.4230317565817,3.1686408660727303,51.42303175658171,4158.803747365866,0,0.5272262730388486,high,True
50.49340425531915,6.90079365079365,49.85229701221884,92.45853948830771,108.90761331410788,135.635384820463,4.038035893757153,55.635384820463,4213.963957395357,0,0.5319873740223935,high,True
50.49340425531915,6.907142857142857,48.045228757127006,90.75384710303791,103.4484726092507,141.8445795480394,2.489459299592536,61.844579548039405,4263.754062541367,0,0.5368520772786338,high,True
50.49340425531915,6.913492063492063,47.27244565141708,91.81976214098248,108.08043186593613,134.2198069308483,2.792871019698109,54.21980693084831,4307.679226368748,0,0.5394612917346154,high,True
50.49340425531915,6.919841269841269,49.825821181261944,89.32525601331321,102.77631611656611,139.05205832422976,3.0623909618704555,59.05205832422976,4345.302900864979,0,0.532360376370763,high,True
50.49340425531915,6.926190476190476,46.500200732570754,88.97459330237618,104.69578680133739,142.93971004846145,1.720547871043739,62.93971004846145,4376.251165051251,0,0.5432254676610457,high,True
50.49340425531915,6.932539682539682,46.89788995989143,83.67307141093333,103.81890460305894,131.37563297843295,2.4967381297416544,51.37563297843295,4400.216441172468,0,0.5371739837381145,high,True
50.49340425531915,6.938888888888888,45.255640896431345,86.00815364109057,104.95952812453245,145.50021883298945,3.305420586406137,65.50021883298945,4416.960551547789,0,0.5329233908818248,high,True
50.49340425531915,6.9452380952380945,49.95266652832924,87.64393119011157,108.44046458549386,136.89552891409215,2.876781740536995,56.895528914092154,4426.317085686684,0,0.5392619196485805,high,True
50.49340425531915,6.951587301587302,50.79548088352348,91.11108762654915,109.10514940433792,143.00556052999107,3.2736268625553038,63.00556052999107,4428.19305414826,0,0.5372809703206358,high,True
50.49340425531915,6.957936507936508,45.48246160203593,85.93080862115666,106.58083151718245,142.50776526905264,3.1295414387208993,62.50776526905264,4422.569812715956,0,0.5357172219257098,high,True
50.49340425531915,6.964285714285714,46.7847114494328,89.76686194668883,108.85354586990618,145.4963851869223,2.993221897543358,65.49638518692231,4409.503247688988,0,0.5388987332196171,high,True
50.49340425531915,6.970634920634921,48.13734396763829,89.61260108444372,109.14268693893325,142.7977179773674,3.810101882115585,62.7977179773674,4389.123220461528,0,0.5337420077248294,high,True
50.49340425531915,6.976984126984127,47.291896340133356,87.44793944897627,107.12538418111674,130.3281834299869,1.7156594149624096,50.32818342998689,4361.632276899499,0,0.5456876547480339,high,True
50.49340425531915,6.983333333333333,48.0595992892955,89.72913688478818,112.16523096960998,135.7600240484217,2.882965396758386,55.76002404842171,4327.303634351125,0,0.5429454616578874,high,True
50.49340425531915,6.98968253968254,47.97932392516622,87.96183414499853,108.35106687757758,138.34585724345044,1.562096619960739,58.34585724345044,4286.4784662887705,0,0.5479370894111726,high,True
50.49340425531915,6.996031746031746,48.82384091444677,91.32644559410635,109.79923185778189,135.75493886474695,3.4994189883779416,55.75493886474695,4239.5625115746325,0,0.5364697719352622,high,True
50.49340425531915,7.002380952380952,46.83506230661687,87.97699350155912,110.48330367960065,137.0527226070041,2.7490706361077426,57.052722607004114,4187.022042043658,0,0.5421561661055491,high,True
50.49340425531915,7.008730158730159,48.63619761439169,86.99056697816076,105.03486278680884,136.79190740712113,2.94192298040286,56.79190740712113,4129.379228487892,0,0.5354220429174564,high,True
50.49340425531915,7.015079365079365,46.74984306569796,90.73956659929662,111.44080161990931,134.465357065682,2.074067356031097,54.465357065682014,4067.206951085147,0,0.5476136859130354,high,True
50.49340425531915,7.021428571428571,47.88856413866688,85.68323060891262,105.74873842028948,129.49737265200196,2.0137595508489072,49.49737265200196,4001.1231058602234,0,0.5423236747479634,high,True
50.49340425531915,7.027777777777778,45.98832931025937,86.98548517650639,105.33089278583702,121.2389815814171,1.9666604711143936,41.23898158141709,3931.7844637562443,0,0.5422198229784077,high,True
50.49340425531915,7.034126984126984,48.0777633273042,90.56262295775953,106.01701026784151,125.04018733918474,2.4356712972871444,45.04018733918474,3859.8801433506437,0,0.5397792016192605,high,True
50.49340425531915,7.04047619047619,47.919809406180946,86.42050553833354,104.54840676978574,126.7537936820628,2.2829690192809275,46.753793682062806,3786.1247620842064,0,0.5393286133079128,high,True
50.49340425531915,7.046825396825397,50.29093861781245,89.98781649663181,105.68301928094797,118.96085517257112,2.008599066623705,38.960855172571115,3711.251334071342,0,0.5487870140082205,high,True
50.49340425531915,7.053174603174603,48.884731649893645,89.57228922575653,111.05185844132785,124.10877923515632,3.1339088184394974,44.10877923515632,3636.003985077302,0,0.5401591329850646,high,True
50.49340425531915,7.059523809523809,49.255861252417525,88.7767038100117,106.99761550185569,123.52228527849131,2.710968992253589,43.52228527849131,3561.1305570644377,0,0.5389244888868318,high,True
50.49340425531915,7.065873015873016,49.136347763940805,90.84798306896994,110.6586116231185,118.7610021579969,3.055111760997858,38.7610021579969,3487.3751757980003,0,0.5480349363956522,high,True
50.49340425531915,7.072222222222222,46.07269744181519,87.68526728214701,109.84277154420488,104.43721891367898,2.15547020531249,24.437218913678976,3415.4708553923997,0,0.6427403519649614,high,True
50.49340425531915,7.078571428571428,46.364662491624244,86.57488072276051,106.86847535821859,110.10530004889972,2.8020533418925844,30.10530004889972,3346.1322132884206,0,0.6000299944399782,high,True
50.49340425531915,7.084920634920635,48.972146472205985,92.88006222657677,110.39973019325862,121.38509666318183,0.9967979794381879,41.38509666318183,3280.048368063497,0,0.5537544103303373,high,True
50.49340425531915,7.091269841269841,49.95343401081174,91.89818996496194,111.53271951974071,110.38348117142912,2.437449315763503,30.383481171429125,3217.876090660752,0,0.6053863000932187,high,True
50.49340425531915,7.097619047619047,49.2630987328603,93.53550188261265,116.25041467142023,103.47665073869692,1.8256091507484733,23.476650738696918,3160.233277104986,0,0.6573506198829079,high,True
50.49340425531915,7.103968253968254,48.392549323467364,89.03196991046019,109.31515266186896,115.31837470964298,2.272619635548721,35.31837470964298,3107.6928075740116,0,0.5734245131562755,high,True
50.49340425531915,7.11031746031746,49.3939765879021,92.90407101613495,111.28214706468987,109.52053336428716,1.3950867695467137,29.52053336428716,3060.776852859874,0,0.6174782350742504,high,True
50.49340425531915,7.116666666666666,49.32139784272214,90.90566180228697,112.37420533073113,113.10604056568566,1.964537623009425,33.10604056568566,3019.951684797519,0,0.5923645343084663,high,True
50.49340425531915,7.123015873015873,51.02917612525052,93.41471221161765,113.91079619593305,109.14564997184495,2.134696456715632,29.145649971844946,2985.623042249145,0,0.6182380220480073,high,True
50.49340425531915,7.129365079365079,50.984307825103414,93.26804500644363,112.115330706472,109.3580971908991,2.3577959783828994,29.3580971908991,2958.132098687116,0,0.6150019784731109,high,True
50.49340425531915,7.135714285714285,49.098734056136564,87.424054859947,108.93037908452106,108.59795322796856,2.3951264147083178,28.59795322796856,2937.752071459656,0,0.617338058405346,high,True
50.49340425531915,7.1420634920634924,49.8726517057326,92.89635776899905,111.29569523052436,109.6949267208931,2.123472263059552,29.694926720893093,2924.685506432688,0,0.6153116461495777,high,True
50.49340425531915,7.148412698412699,50.36988637824112,95.47579764224692,113.44017507482201,115.91133528778066,2.340209518745138,35.91133528778066,2919.0622650003847,0,0.5774398194845394,high,True
50.49340425531915,7.154761904761905,50.58986806695575,92.8465625900474,110.68118838071547,110.72009862841227,2.7881615862931404,30.720098628412273,2920.9382334619604,0,0.6040459163714197,high,True
50.49340425531915,7.161111111111111,52.41841150710809,91.17631988967958,110.13298154104817,100.68691739072887,1.6890246942292078,20.686917390728865,2930.2947676008557,0,0.6730648448407552,high,True
50.49340425531915,7.167460317460318,49.87337490160848,90.96814704122332,116.13974143009278,109.10446062898022,1.7244906884787021,29.10446062898022,2947.038877976176,0,0.6253883140102996,high,True
50.49340425531915,7.173809523809524,51.63456748564198,92.02093037227749,113.03928452328557,112.32984026475046,0.6479669325337469,32.32984026475046,2971.0041540973934,0,0.6081077956135005,high,True
50.49340425531915,7.18015873015873,48.097381201712324,89.52925459990367,109.22629488709637,113.15615368340953,0.9860016986334329,33.15615368340953,3001.952418283665,0,0.5954269897082305,high,True
50.49340425531915,7.186507936507937,48.82780043695875,91.56586140250697,112.99623795049455,107.35389137314635,1.7875773232842758,27.353891373146354,3039.576092779896,0,0.6301172347131012,high,True
50.49340425531915,7.192857142857143,46.51878618038441,87.90667273783973,107.99388547155769,114.56606375279725,2.2722618933820433,34.56606375279725,3083.501256607278,0,0.576807574394028,high,True
50.49340425531915,7.199206349206349,49.87985319537217,92.2376374069478,115.74900683860244,114.59086247683581,3.1506384233184734,34.59086247683581,3133.2913617532868,0,0.5785518602029222,high,True
50.49340425531915,7.205555555555556,50.547544328690506,92.66851177755284,109.33844477699631,122.26678667806247,3.191844539420088,42.26678667806247,3188.451571782778,0,0.5380594811808623,high,True
50.49340425531915,7.211904761904762,45.6604441232676,87.20335915374042,111.06132132205465,110.19113782268793,1.3197415904977523,30.191137822687935,3248.433679747862,0,0.61356843266027,high,True
50.49340425531915,7.218253968253968,49.68807063907378,90.676075024337,112.71162678488716,112.48660857962223,2.2390978050231922,32.48660857962223,3312.6415565112097,0,0.5947430044620936,high,True
50.49340425531915,7.224603174603175,50.219927905679285,92.75438246083812,112.52721843247312,114.71898826235332,2.6758603606762845,34.71898826235332,3380.4370753462576,0,0.5776944727215896,high,True
50.49340425531915,7.230952380952381,50.039311952337016,92.62391977222038,111.05336694173181,115.50197761791043,3.17415163433358,35.50197761791043,3451.146453928992,0,0.5680049959342344,high,True
50.49340425531915,7.237301587301587,47.32740840799684,93.34768821761872,113.18203467913223,115.50264086109924,2.836855008916004,35.50264086109924,3524.066950687427,0,0.5723781625711553,high,True
50.49340425531915,7.243650793650794,50.18255170638439,96.16878985065708,117.72090557644471,109.67897105263442,3.0653779700769723,29.678971052634424,3598.473848963593,0,0.6117914833636331,high,True
50.49340425531915,7.25,48.93843713298118,93.4564195323538,116.50265608214076,120.7099119285563,3.275622673123852,40.709911928556295,3673.627659574322,0,0.5446651715946483,high,True
50.48978723404255,6.85,49.300783002035836,88.24111307045956,104.70030669431532,133.71156533069868,1.432414010900623,53.711565330698676,4075.1170212765546,0,0.5451508799549778,high,True
50.48978723404255,6.856349206349206,48.13273935503766,87.47576780264998,107.84782322918664,132.20562780774947,3.339263911034997,52.205627807749465,4150.270831887284,0,0.5355860638222867,high,True
50.48978723404255,6.862698412698412,48.802157076048786,91.2979712216019,112.11954471301277,143.880100852334,2.6661283572801655,63.88010085233401,4224.677730163449,0,0.5443453556644783,high,True
50.48978723404255,6.869047619047619,49.80616269792327,90.98416935244637,108.8989002826051,138.14677631195923,1.9512697608412881,58.14677631195923,4297.598226921885,0,0.5458904352103298,high,True
50.48978723404255,6.875396825396825,47.751426238676935,89.2346422951359,109.50463541217444,145.18475978584283,2.3152082151358413,65.18475978584283,4368.307605504619,0,0.5440699139779355,high,True
50.48978723404255,6.881746031746031,48.40296464148664,87.10593401591647,106.80510876864466,142.94380602054534,3.583779627844152,62.94380602054534,4436.1031243396665,0,0.5329132445830169,high,True
50.48978723404255,6.888095238095238,49.77570417668251,90.52793258600653,109.28307134507179,147.00854004184106,3.1908376381959602,67.00854004184106,4500.311001103015,0,0.5380108204237654,high,True
50.48978723404255,6.894444444444444,47.63098261628238,89.09417902151576,108.98582463873296,146.52931402456187,1.9648233833673456,66.52931402456187,4560.293109068099,0,0.5458870020829506,high,True
50.48978723404255,6.90079365079365,46.0786186036369,83.93375004665873,104.84861328430694,152.47948074038555,2.9357154498043876,72.47948074038555,4615.45331909759,0,0.5352771769522777,high,True
50.48978723404255,6.907142857142857,48.723282814451586,88.47070588956586,107.72005703118063,148.68154208789198,1.847048837115056,68.68154208789198,4665.243424243598,0,0.5454063981170802,high,True
50.48978723404255,6.913492063492063,49.811108554555396,88.48819154805778,103.7033479454069,151.73745205271442,3.244205226256508,71.73745205271442,4709.16858807098,0,0.5320753131036968,high,True
50.48978723404255,6.919841269841269,49.548995108783835,89.49902446738417,107.02201150334449,152.33732932288996,2.747385097976636,72.33732932288996,4746.792262567212,0,0.538706110850167,high,True
50.48978723404255,6.926190476190476,48.6531047627111,92.98539295930638,110.95622728460947,150.64601471457982,2.3384912783360026,70.64601471457982,4777.740526753483,0,0.5453662854290361,high,True
50.48978723404255,6.932539682539682,44.03722498603893,82.7489932768685,101.59377058041443,154.1411853623628,4.418681068968905,74.14118536236279,4801.705802874701,0,0.5221358967872883,high,True
50.48978723404255,6.938888888888888,46.5807830685931,86.856794798958,104.05963434714533,161.96546315213234,1.6270225847381636,81.96546315213234,4818.4499132500205,0,0.5432128171155576,high,True
50.48978723404255,6.9452380952380945,46.64707111572611,88.72306230189696,107.18071428019098,152.23021904825148,3.196030848573723,72.23021904825148,4827.806447388916,0,0.5358738419563661,high,True
50.48978723404255,6.951587301587302,47.58915859722106,87.65842438575699,104.59334685331662,155.04665183660674,3.033010255727995,75.04665183660674,4829.682415850491,0,0.5343732784817966,high,True
50.48978723404255,6.957936507936508,50.06059699971565,89.56647845497204,105.73852223491045,158.2291596768224,2.4110499144114637,78.2291596768224,4824.059174418188,0,0.539664856138834,high,True
50.48978723404255,6.964285714285714,45.92214529159144,85.85510026475896,102.01091371147345,157.36306199056017,1.6951839497609422,77.36306199056017,4810.992609391221,0,0.5407096873797339,high,True
50.48978723404255,6.970634920634921,50.929327208754025,90.96696918788166,110.53895308957823,152.2334219509216,3.3370385097231936,72.23342195092161,4790.61258216376,0,0.5382920296914235,high,True
50.48978723404255,6.976984126984127,47.02373991547832,85.05349684236023,106.64428093211788,141.82689309538267,4.353205696691471,61.82689309538267,4763.121638601731,0,0.5276229096208414,high,True
50.48978723404255,6.983333333333333,46.48600071804731,86.0237405642232,108.33147101670033,152.40235166900777,3.078667996462903,72.40235166900777,4728.7929960533575,0,0.5378070177069476,high,True
50.48978723404255,6.98968253968254,48.950903065996975,91.12655794212918,109.27492825118628,140.24842775387143,1.7565485452738177,60.248427753871425,4687.967827991002,0,0.5475646046160275,high,True
50.48978723404255,6.996031746031746,49.12356483527608,90.33818352796997,111.40426770508864,153.62940072454683,3.188519427287821,73.62940072454683,4641.051873276865,0,0.5401474715231698,high,True
50.48978723404255,7.002380952380952,48.77289370148961,87.07294729637353,106.13705048252618,146.90226817107848,1.7731471369273826,66.90226817107848,4588.511403745891,0,0.5443160695696769,high,True
50.48978723404255,7.008730158730159,46.711027245287326,89.30365527622288,111.42380025420461,148.5696429827032,2.557586268079376,68.56964298270319,4530.868590190124,0,0.5443732251336755,high,True
50.48978723404255,7.015079365079365,48.6913182430256,88.26102598839461,105.69710507237838,139.20258403191943,2.472141991089889,59.20258403191943,4468.69631278738,0,0.5392161584651125,high,True
50.48978723404255,7.021428571428571,46.46622703371657,85.43423447301848,102.42956780935397,134.75701437246857,2.1165692272373313,54.757014372468575,4402.612467562456,0,0.5383191062944384,high,True
50.48978723404255,7.027777777777778,46.9035365432524,85.24918055617883,103.16121770258147,140.10479181052995,3.159131735297241,60.104791810529946,4333.2738254584765,0,0.5321003394672665,high,True
50.48978723404255,7.034126984126984,48.043768840344555,87.71112697062614,112.00694627432483,136.98353594605987,2.7077847988643997,56.983535946059874,4261.369505052876,0,0.5439550476152288,high,True
50.48978723404255,7.04047619047619,47.04584161279554,84.1824986512014,100.49402899157262,133.19171269267753,1.9767827569213372,53.19171269267753,4187.6141237864385,0,0.5373154772787637,high,True
50.48978723404255,7.046825396825397,49.946832210185974,92.08159590727475,110.33042410952214,133.54173792213805,3.31657101794202,53.541737922138054,4112.740695773575,0,0.5382199506565754,high,True
50.48978723404255,7.053174603174603,47.59371129263504,89.86455652722006,105.93060538843937,142.34382180326546,1.84497568001659,62.343821803265456,4037.4933467795345,0,0.5436307675216621,high,True
50.48978723404255,7.059523809523809,48.22394231560201,89.24368134259879,109.39960857538173,132.72810590799952,2.62159879107417,52.72810590799952,3962.61991876667,0,0.5419222833015539,high,True
50.48978723404255,7.065873015873016,47.327455699765046,87.75363886954763,106.8109522250375,131.7665378418868,2.3553511991311904,51.76653784188679,3888.8645375002325,0,0.5411086108974962,high,True
50.48978723404255,7.072222222222222,50.295787374131486,93.31546240213237,113.59052647090179,129.2014878339761,3.295949863815403,49.2014878339761,3816.960217094632,0,0.5416175273787991,high,True
50.48978723404255,7.078571428571428,47.82931593777366,84.28586667684749,103.9756875194214,130.09377676860714,2.5017359370262997,50.09377676860714,3747.621574990653,0,0.537297447939246,high,True
50.48978723404255,7.084920634920635,50.62719483860988,92.24287397848715,113.54949873233684,121.87142140957458,2.0252644809435805,41.87142140957458,3681.537729765729,0,0.5500477355260462,high,True
50.48978723404255,7.091269841269841,50.59824301683512,92.70251460965554,113.30240146926528,112.98492793096894,2.496813251527845,32.98492793096894,3619.365452362985,0,0.5905011802238571,high,True
50.48978723404255,7.097619047619047,48.40241256139966,88.23596705706667,103.06702758424885,119.14763263776086,2.989083449997485,39.147632637760864,3561.722638807218,0,0.5384671005982602,high,True
50.48978723404255,7.103968253968254,49.18548197641315,91.11936314467104,111.71215800980221,121.98038114173251,0.7173411912842254,41.98038114173251,3509.1821692762437,0,0.5569298834012407,high,True
50.48978723404255,7.11031746031746,48.49300410978004,90.69477398723132,109.47349127196128,113.82546789222624,1.8762235613325156,33.82546789222624,3462.266214562106,0,0.5855561598699971,high,True
50.48978723404255,7.116666666666666,50.076912044720025,93.13244636871951,111.60464523326976,116.11526198742959,1.0624742337071964,36.11526198742959,3421.4410464997513,0,0.5788010962537868,high,True
50.48978723404255,7.123015873015873,49.01288612927151,93.70094856160881,112.02133267218592,113.3184803255533,2.6277575331180216,33.318480325553296,3387.1124039513775,0,0.5862624470833577,high,True
50.48978723404255,7.129365079365079,48.71556452481113,87.36868822715667,107.7896712050513,121.51028836407244,1.0983506186305403,41.51028836407244,3359.6214603893486,0,0.5504673337475143,high,True
50.48978723404255,7.135714285714285,49.43870896110277,91.089144606245,110.02538134682267,118.070581589921,1.2015680623815361,38.070581589921005,3339.241433161888,0,0.5640737926606061,high,True
50.48978723404255,7.1420634920634924,47.013884358174636,91.72377479706624,109.97658817885662,117.40497128995038,2.1159685879786965,37.40497128995038,3326.1748681349204,0,0.5620890603634754,high,True
50.48978723404255,7.148412698412699,49.281091001329415,94.14449091429245,112.74130872988725,117.16765157391016,1.5344476442231219,37.16765157391016,3320.551626702617,0,0.5702138354314612,high,True
50.48978723404255,7.154761904761905,50.36672682075918,95.5231414939409,117.24984051004792,114.57144719755205,1.1487252382267858,34.57144719755205,3322.427595164193,0,0.5935201272705024,high,True
50.48978723404255,7.161111111111111,49.58665860029011,90.4968522833181,112.56216007223792,115.70650232301368,2.4068193761586913,35.70650232301368,3331.784129303088,0,0.5733510580456778,high,True
50.48978723404255,7.167460317460318,50.784314587158875,91.91208099086157,111.89967354630842,110.5273690348923,2.246742165983966,30.527369034892303,3348.5282396784087,0,0.6061253359716717,high,True
50.48978723404255,7.173809523809524,48.758407907326486,93.87506347620874,114.73925937502506,107.02897067602845,0.8289629285073233,27.02897067602845,3372.4935157996256,0,0.6402817731264652,high,True
50.48978723404255,7.18015873015873,48.59362548756024,88.5688488795673,107.46775970213852,117.0346617775313,1.4349731374250139,37.0346617775313,3403.441779985897,0,0.5664346360097344,high,True
50.48978723404255,7.186507936507937,47.55599215850683,88.36137674395007,114.73556780822818,118.54028447733941,2.1695710503309282,38.54028447733941,3441.065454482128,0,0.5593949828226507,high,True
50.48978723404255,7.192857142857143,48.56458933664514,89.46621373915177,104.42416635466381,123.0382972837884,2.336269557556002,43.038297283788395,3484.99061830951,0,0.5388490359709571,high,True
50.48978723404255,7.199206349206349,52.05582440534954,94.95391364958884,112.31000481206729,125.58594303494964,1.4852760139231982,45.585943034949636,3534.780723455519,0,0.552408164719246,high,True
50.48978723404255,7.205555555555556,49.44741662931385,89.96325468726147,106.21506441139884,126.81673478058806,1.2908418736457181,46.816734780588064,3589.9409334850106,0,0.5476094519204273,high,True
50.48978723404255,7.211904761904762,48.07711041184454,88.18862989655902,107.86742848903086,117.91056989269025,3.0245372073021586,37.91056989269025,3649.9230414500944,0,0.5507627852777024,high,True
50.48978723404255,7.218253968253968,47.36262268196153,88.06540739529152,104.89149478029466,121.98083876952498,3.499051420505982,41.98083876952498,3714.130918213442,0,0.5315644853102548,high,True
50.48978723404255,7.224603174603175,46.3865153862578,85.34817835964735,100.75229349588022,126.90971942420684,2.6726795928157374,46.90971942420684,3781.9264370484902,0,0.5329344295437752,high,True
50.48978723404255,7.230952380952381,47.44822199681871,87.88923848520729,104.17047288680432,136.81399195009672,2.5911053433398474,56.81399195009672,3852.635815631224,0,0.5368964372645386,high,True
50.48978723404255,7.237301587301587,49.74010757061362,90.67203611877471,109.29484297074043,134.3908015087644,3.518521599646333,54.39080150876441,3925.556312389659,0,0.5358380323064316,high,True
50.48978723404255,7.243650793650794,47.867254247835774,88.83092963302562,103.60378071639352,134.8028705437941,2.9125629385714915,54.802870543794114,3999.9632106658255,0,0.5341866944592503,high,True
50.48978723404255,7.25,46.976968951447205,87.3819857787814,108.66676398137776,130.68298126970188,3.1696256360587793,50.682981269701884,4075.1170212765546,0,0.5375359264076526,high,True
50.48617021276596,6.85,46.656672809226336,89.92464892388631,108.92416839811123,139.5007913350281,2.8104365953551294,59.50079133502811,4476.606382977998,0,0.540187924429077,high,True
50.48617021276596,6.856349206349206,48.81500676866793,89.37420382228903,105.67957687783823,148.32341793903421,2.9314144361702787,68.32341793903421,4551.760193588727,0,0.5361368139700364,high,True
50.48617021276596,6.862698412698412,47.63241636300048,81.86142913684839,99.97161463169192,142.91313026372404,1.6791455212405968,62.91313026372404,4626.167091864893,0,0.5387773111567545,high,True
50.48617021276596,6.869047619047619,46.72953401438389,90.29928704876345,104.3781064883654,148.50090067231073,2.4591957558829662,68.50090067231073,4699.087588623328,0,0.5379834681158123,high,True
50.48617021276596,6.875396825396825,47.127061595644605,86.3635790768798,105.38209185976126,151.1014940208087,2.1632505435593337,71.1014940208087,4769.796967206063,0,0.5409604215693657,high,True
50.48617021276596,6.881746031746031,50.8217646671426,89.69807871356059,113.00956567212374,159.98096473821454,2.8265439308601903,79.98096473821454,4837.5924860411105,0,0.5441659394663891,high,True
50.48617021276596,6.888095238095238,49.270326388336244,88.80299307956867,106.44960551235407,154.15748212844318,3.2343830108865026,74.15748212844318,4901.800362804458,0,0.534887052106444,high,True
50.48617021276596,6.894444444444444,49.577043765260676,87.66552591107441,107.86451965710694,147.6802053803258,2.8006207939680854,67.68020538032579,4961.782470769542,0,0.5391937143639863,high,True
50.48617021276596,6.90079365079365,44.68497311970642,87.89342157706608,107.88136459472096,161.18629394762905,2.5897063803193587,81.18629394762905,5016.942680799033,0,0.5406166553925918,high,True
50.48617021276596,6.907142857142857,47.03179512943148,86.84755221509882,102.4849688182723,157.95162427310134,3.1684581762841186,77.95162427310134,5066.732785945042,0,0.5313619143097115,high,True
50.48617021276596,6.913492063492063,46.24330714155282,82.687819747608,101.8959257308952,162.32436120743878,2.35684824984762,82.32436120743878,5110.657949772424,0,0.5361836040652443,high,True
50.48617021276596,6.919841269841269,47.98538217798415,90.22108596697163,104.6116064967072,163.02107202223144,3.149901482496633,83.02107202223144,5148.281624268655,0,0.533612263280063,high,True
50.48617021276596,6.926190476190476,48.72585827259992,91.02017423142001,112.16499160077598,163.27839920132112,3.553243057394094,83.27839920132112,5179.229888454927,0,0.538476704551482,high,True
50.48617021276596,6.932539682539682,47.59995502713293,87.68913797294172,101.73567430598376,168.31720566084203,4.035292827705376,88.31720566084203,5203.195164576144,0,0.5248337221212812,high,True
50.48617021276596,6.938888888888888,45.7836079806747,84.85629571648059,103.13271191654121,159.57333615933416,1.8918243873377603,79.57333615933416,5219.9392749514645,0,0.5405205493342895,high,True
50.48617021276596,6.9452380952380945,46.09074962824003,82.92404220052092,105.38296620965176,163.94425902982684,3.1224964992028417,83.94425902982684,5229.295809090359,0,0.5345663228816329,high,True
50.48617021276596,6.951587301587302,48.01111366198381,89.27350813200432,104.32472217272513,168.8101911259892,3.185479849878454,88.8101911259892,5231.1717775519355,0,0.5330881898402021,high,True
50.48617021276596,6.957936507936508,48.16640035008147,88.19869276497803,108.90011001701109,163.43274947399775,3.0353517348844377,83.43274947399775,5225.548536119632,0,0.5386644317844481,high,True
50.48617021276596,6.964285714285714,47.311754773683155,86.76701178538156,104.96795171345465,159.024864774715,2.295084998307178,79.02486477471501,5212.481971092664,0,0.5396673850580734,high,True
50.48617021276596,6.970634920634921,47.316949885212686,83.7805715049391,103.21256119427416,167.46734697861777,3.0100809085060165,87.46734697861777,5192.101943865204,0,0.5331453551375673,high,True
50.48617021276596,6.976984126984127,47.227127546609466,86.75287800270841,105.09711453849849,168.38996243857952,4.357268671080808,88.38996243857952,5164.611000303175,0,0.5260486567312931,high,True
50.48617021276596,6.983333333333333,47.59279453487074,86.5902534172952,102.54909750122016,162.6059924205062,2.8956971461889767,82.6059924205062,5130.2823577548015,0,0.5332444498599603,high,True
50.48617021276596,6.98968253968254,48.307546495156046,85.98110795679372,101.81522037755418,153.63026395610814,3.7697723533536913,73.63026395610814,5089.457189692446,0,0.5266834046885296,high,True
50.48617021276596,6.996031746031746,48.23022224889841,88.02955796106838,103.38775694217532,162.80235767842947,2.2957945217720415,82.80235767842947,5042.541234978309,0,0.5380824601303617,high,True
50.48617021276596,7.002380952380952,47.37823754498892,83.57118704221045,101.53948871809433,151.6809476582519,3.3143152561402442,71.68094765825191,4990.000765447334,0,0.5294440536771593,high,True
50.48617021276596,7.008730158730159,47.333231280188166,90.0878560093087,112.95229457250608,157.7566832286779,2.1199636187494595,77.7566832286779,4932.357951891568,0,0.548819203780843,high,True
50.48617021276596,7.015079365079365,47.34534715881877,88.39686945608928,107.60991587359496,151.0546852496527,2.6372047109410084,71.05468524965269,4870.185674488823,0,0.5400285511339882,high,True
50.48617021276596,7.021428571428571,46.38025426035202,86.29660143120707,106.67848476059997,147.95429246534763,2.625453844597679,67.95429246534763,4804.101829263899,0,0.5391754591299488,high,True
50.48617021276596,7.027777777777778,46.43999478631168,87.44165669863133,110.25296590071275,148.7456123530108,2.0433134702661038,68.74561235301081,4734.763187159921,0,0.5466308760989387,high,True
50.48617021276596,7.034126984126984,48.527897938319136,88.6871337818923,105.51638377168808,147.6546303507542,2.1902535946079777,67.65463035075419,4662.85886675432,0,0.5409146931409683,high,True
50.48617021276596,7.04047619047619,46.72798188579528,84.34979165393995,102.40313558027194,143.66463140285836,2.8119228108176957,63.66463140285836,4589.103485487883,0,0.5336569835081539,high,True
50.48617021276596,7.046825396825397,49.10560943671385,87.21024396303794,106.3561383111557,146.4523880278008,2.066984917435201,66.4523880278008,4514.230057475018,0,0.5425762388615877,high,True
50.48617021276596,7.053174603174603,47.89638281738673,90.75011746679698,113.64782260383888,140.19423214106698,1.0239668511427835,60.194232141066976,4438.9827084809785,0,0.5568213769295536,high,True
50.48617021276596,7.059523809523809,49.291869188894054,92.51681737809753,109.57513638793462,143.8260923336117,1.793249858441679,63.82609233361171,4364.109280468114,0,0.5476201373316567,high,True
50.48617021276596,7.065873015873016,49.106482663550985,87.90814444117316,105.32454169107783,139.02227874592765,2.173620682844997,59.02227874592765,4290.3538992016765,0,0.5408337371387779,high,True
50.48617021276596,7.072222222222222,49.50257431921768,88.94757042190415,109.14620597589635,133.1829468295122,2.825206295262045,53.18294682951219,4218.449578796076,0,0.5403114973408161,high,True
50.48617021276596,7.078571428571428,47.608401652420355,88.9972408124637,106.39182709807216,130.68447685062162,2.1932907698230717,50.68447685062162,4149.110936692096,0,0.541769888632585,high,True
50.48617021276596,7.084920634920635,49.01777781556396,91.83627163146676,113.86857670383422,125.84712447650918,2.461159149811976,45.84712447650918,4083.027091467173,0,0.547460849038421,high,True
50.48617021276596,7.091269841269841,49.58853310876184,90.1893881275237,108.36223700834643,132.01528019056644,3.0648423702914918,52.01528019056644,4020.8548140644284,0,0.5379299545397365,high,True
50.48617021276596,7.097619047619047,46.22689247635377,85.73383737787906,105.02801160539605,127.98641401865335,2.6661997144634864,47.98641401865335,3963.2120005086617,0,0.5372533468423061,high,True
50.48617021276596,7.103968253968254,51.17266946198022,94.53302906510719,115.24441394669701,118.61474283413921,2.0730376373574284,38.61474283413921,3910.6715309776873,0,0.5600820203176107,high,True
50.48617021276596,7.11031746031746,52.078582668689215,92.98184200325036,110.61706430365584,124.81340195548539,2.977264566038452,44.81340195548539,3863.75557626355,0,0.5407686338633995,high,True
50.48617021276596,7.116666666666666,50.15266657286972,95.1304656534241,115.34746341769734,122.36507035120185,2.0250161736638104,42.36507035120185,3822.930408201195,0,0.5518473555932719,high,True
50.48617021276596,7.123015873015873,49.984554802512434,90.45437957611034,109.31312629320217,131.45004719214302,2.581387122599307,51.45004719214302,3788.601765652821,0,0.5421038788092067,high,True
50.48617021276596,7.129365079365079,49.694243497964344,87.63047563480669,105.2152200501661,117.68340111907906,1.6118088520408171,37.683401119079065,3761.110822090792,0,0.5589485707089832,high,True
50.48617021276596,7.135714285714285,48.35225665265894,90.22257711019239,108.63581829476125,118.2482211198458,2.261438146729223,38.248221119845795,3740.7307948633315,0,0.5545081819841968,high,True
50.48617021276596,7.1420634920634924,48.689049444083956,91.42320852804272,111.73964394901446,128.14655621326585,2.527333028228755,48.14655621326585,3727.664229836364,0,0.5448907570941561,high,True
50.48617021276596,7.148412698412699,50.308192756973924,88.29220019218229,104.61794117093274,129.0019652784552,1.9413829675833092,49.0019652784552,3722.0409884040605,0,0.5416753880537106,high,True
50.48617021276596,7.154761904761905,47.39933015556368,88.7979238526301,105.32688871008355,120.63891687534607,3.128753781744301,40.63891687534607,3723.9169568656366,0,0.5344685301651215,high,True
50.48617021276596,7.161111111111111,47.255971935948125,86.12484543779505,105.61299927507602,121.3099699317637,1.8047260352847065,41.3099699317637,3733.273491004532,0,0.5435814923731779,high,True
50.48617021276596,7.167460317460318,48.229419657646496,86.91155684899547,106.24205717432395,126.69737523169474,2.889066860662679,46.697375231694735,3750.0176013798523,0,0.5369816114365727,high,True
50.48617021276596,7.173809523809524,49.77890806385931,90.72693583715713,107.40747200570979,115.49119430124546,3.31640600075587,35.49119430124546,3773.982877501069,0,0.5634781342845532,high,True
50.48617021276596,7.18015873015873,47.45587627380151,85.63651363729727,101.93809225839343,118.09258281631791,2.3707473197444884,38.092582816317915,3804.9311416873406,0,0.5480544675247765,high,True
50.48617021276596,7.186507936507937,48.36854182449217,87.93628116077846,101.61267677829503,125.31943549501854,2.699209873964883,45.31943549501854,3842.5548161835723,0,0.5336179442851958,high,True
50.48617021276596,7.192857142857143,48.49076490462252,87.40511046115601,108.41630319007247,133.7097878119478,1.7544234330432351,53.70978781194779,3886.4799800109536,0,0.5467201469697842,high,True
50.48617021276596,7.199206349206349,47.069994601955244,87.49339173921786,106.84042410920944,126.99241980924442,1.9802532152055272,46.992419809244424,3936.2700851569625,0,0.5436387360078393,high,True
50.48617021276596,7.205555555555556,44.858830193291006,88.08460454904028,104.89501074157847,130.51454541724334,2.456739201965552,50.51454541724334,3991.4302951864543,0,0.5385167493951415,high,True
50.48617021276596,7.211904761904762,46.903877949514836,85.19301890173926,106.40481860917637,136.16337435360703,3.0781333642937185,56.163374353607026,4051.412403151538,0,0.5358839295138849,high,True
50.48617021276596,7.218253968253968,48.75548839091412,87.99056835240472,104.70699405043325,141.7051593658379,2.9411490043884783,61.705159365837886,4115.620279914886,0,0.5350993340211767,high,True
50.48617021276596,7.224603174603175,49.01013380287108,89.84279643397286,103.49487619150982,132.73993963187706,1.9593367417455811,52.739939631877064,4183.415798749934,0,0.5404326312465393,high,True
50.48617021276596,7.230952380952381,48.93639367167952,87.30382455111497,100.43431719926406,136.8565668645572,2.258156442881413,56.85656686455721,4254.125177332668,0,0.5353799409133879,high,True
50.48617021276596,7.237301587301587,49.021240159988665,83.91500448737239,98.15674351791782,146.18033991233528,1.4945022443789142,66.18033991233528,4327.045674091103,0,0.5381933952220583,high,True
50.48617021276596,7.243650793650794,47.0783511758475,89.31295119313992,103.25706165445462,134.84612711480582,2.5353263536903192,54.846127114805824,4401.452572367269,0,0.5363548859631858,high,True
50.48617021276596,7.25,46.66803479779692,88.91084886130568,104.90236519916529,147.1439141418639,4.7063044440191195,67.14391414186389,4476.606382977998,0,0.5235270022390378,high,True
50.482553191489366,6.85,48.030010625998514,87.04332599993006,100.44482424668635,150.77381799729486,3.5308828816442084,70.77381799729486,4878.09574468023,0,0.5269056050357249,high,True
50.482553191489366,6.856349206349206,47.06595096439269,85.52572373567926,101.71524085371149,157.58098058898415,1.7438689113720283,77.58098058898415,4953.2495552909595,0,0.5400894481112313,high,True
50.482553191489366,6.862698412698412,48.66195213894422,86.49690725472504,104.37738271672482,158.5365318328468,3.1606632112620634,78.5365318328468,5027.656453567126,0,0.5333062946416444,high,True
50.482553191489366,6.869047619047619,47.793534362054935,86.58098754885245,106.06410997715798,157.99800618790607,3.626424739824327,77.99800618790607,5100.576950325561,0,0.5318879450449958,high,True
50.482553191489366,6.875396825396825,49.07045827738248,87.88601741895377,102.81740069087569,160.18219385723663,3.468123348508429,80.18219385723663,5171.286328908294,0,0.5296965783674862,high,True
50.482553191489366,6.881746031746031,46.373473294382315,84.34287576082235,102.46124582443557,167.44019935017968,2.793257798718154,87.44019935017968,5239.081847743343,0,0.5338395271663146,high,True
50.482553191489366,6.888095238095238,48.60455751437451,87.52286163676213,103.45223590904519,172.44582269029033,3.7007790007839594,92.44582269029033,5303.289724506691,0,0.5287803759038188,high,True
50.482553191489366,6.894444444444444,49.99175299668154,92.19784027596201,108.74380786777004,169.95714874699507,4.435784850655268,89.95714874699507,5363.271832471774,0,0.5291719088634016,high,True
50.482553191489366,6.90079365079365,46.96236092852189,86.71243371278646,102.19483655496785,172.62717463546437,3.5351781280434453,92.62717463546437,5418.432042501266,0,0.5286269823680115,high,True
50.482553191489366,6.907142857142857,47.57870309111813,89.2595035129066,108.35539301343994,176.33636844818062,3.9025375330664556,96.33636844818062,5468.222147647275,0,0.5323384761263302,high,True
50.482553191489366,6.913492063492063,45.388340306183295,86.30134807478038,104.72310304377558,171.68226340630935,3.883403556253466,91.68226340630935,5512.147311474657,0,0.5288337460020858,high,True
50.482553191489366,6.919841269841269,48.08634905890143,86.76896369018499,102.83120783539624,179.83658759590685,3.583176312251111,99.83658759590685,5549.7709859708875,0,0.5289433657537221,high,True
50.482553191489366,6.926190476190476,48.4070160652153,89.44225460093573,106.89861800393027,181.23867970967956,3.9149348065954412,101.23867970967956,5580.719250157159,0,0.5307990526266273,high,True
50.482553191489366,6.932539682539682,45.947181215442995,86.69156358499275,102.1953989705826,189.21896927508942,2.765748623969825,109.21896927508942,5604.684526278376,0,0.5337570748107837,high,True
50.482553191489366,6.938888888888888,47.550978873110935,88.21648435960586,105.5333163477558,177.89128991525556,3.896881532690627,97.89128991525556,5621.428636653697,0,0.5295541061298182,high,True
50.482553191489366,6.9452380952380945,47.08289681662305,81.83609913744554,100.03324967821636,177.89453133532825,4.3083658644423215,97.89453133532825,5630.785170792592,0,0.5213108105819342,high,True
50.482553191489366,6.951587301587302,47.24645186732542,88.74132904065641,105.66890086640535,182.86918366748623,3.0958846406206195,102.86918366748623,5632.661139254168,0,0.5350296699289345,high,True
50.482553191489366,6.957936507936508,47.88404145823756,88.4477474628514,106.29342611004617,182.8705834523998,3.958881792458369,102.87058345239981,5627.037897821864,0,0.5299008808269904,high,True
50.482553191489366,6.964285714285714,47.45770972450593,87.358672759099,103.90779403906465,176.99181924264528,4.096134308779941,96.99181924264528,5613.971332794897,0,0.5266002319805316,high,True
50.482553191489366,6.970634920634921,46.49174223401072,83.09901454060534,101.48622960746636,176.80107772276264,2.677471434121674,96.80107772276264,5593.591305567436,0,0.5336364200466551,high,True
50.482553191489366,6.976984126984127,47.97839596541119,87.74723682862894,106.99300941339828,179.61327677863198,2.7458908360717436,99.61327677863198,5566.100362005407,0,0.5386870705062533,high,True
50.482553191489366,6.983333333333333,48.43162037778342,88.09150936076685,104.17931160976325,172.94010264414894,3.9437464405654694,92.94010264414894,5531.771719457033,0,0.5278876686726601,high,True
50.482553191489366,6.98968253968254,45.97482394249619,84.14388588487299,102.57030036614817,173.19286545889366,4.324077254087461,93.19286545889366,5490.946551394679,0,0.5237431186722318,high,True
50.482553191489366,6.996031746031746,46.85227118364464,82.85047578655048,101.86141297400816,173.57971015130485,2.05807809444858,93.57971015130485,5444.030596680541,0,0.5381408923443509,high,True
50.482553191489366,7.002380952380952,44.25698300324331,87.87381242882168,108.76208528881074,175.41441392018916,3.850094307289316,95.41441392018916,5391.490127149566,0,0.5330947899068819,high,True
50.482553191489366,7.008730158730159,47.84623528739739,87.99970463043648,109.22827792551065,167.0676643739811,4.147491625443535,87.0676643739811,5333.8473135938,0,0.531578333755887,high,True
50.482553191489366,7.015079365079365,48.8716024629335,90.62461692113172,106.46652264181098,160.0425481638201,3.5277267988753205,80.0425481638201,5271.675036191055,0,0.5329483439826421,high,True
50.482553191489366,7.021428571428571,46.72179443470493,85.41434377656788,104.15275471492347,157.56789858043274,2.7281500049732434,77.56789858043274,5205.591190966132,0,0.5359650880151018,high,True
50.482553191489366,7.027777777777778,47.3828218684689,88.51075776679843,108.27372089525494,157.94111180121246,4.044112568886289,77.94111180121246,5136.252548862153,0,0.531312970436013,high,True
50.482553191489366,7.034126984126984,46.93076596089273,82.4978407269016,99.35900392288008,155.41905407358504,3.3246258196147696,75.41905407358504,5064.3482284565525,0,0.5271948317921149,high,True
50.482553191489366,7.04047619047619,46.766360620617675,85.37574480686209,105.42360343609596,157.7206432763648,3.1846681701439956,77.7206432763648,4990.592847190115,0,0.5341924823018027,high,True
50.482553191489366,7.046825396825397,47.773606135256124,86.9733330137798,102.7454734338543,151.25056991562485,2.5279976125239645,71.25056991562485,4915.7194191772505,0,0.5358921560170279,high,True
50.482553191489366,7.053174603174603,46.33333256420001,85.70550342710897,102.29601155683707,150.88595473472503,3.5139010009623153,70.88595473472503,4840.47207018321,0,0.528870004883755,high,True
50.482553191489366,7.059523809523809,47.24150015727303,88.54811415037838,101.91304139697527,148.33834393473856,2.0965465040857003,68.33834393473856,4765.598642170346,0,0.5379360647030705,high,True
50.482553191489366,7.065873015873016,46.32182212364336,84.39130182529412,104.81816253134693,147.47863080422283,3.145137621084147,67.47863080422283,4691.843260903908,0,0.5338505783907859,high,True
50.482553191489366,7.072222222222222,48.645133316249996,86.24087392169295,101.99717928621045,152.42466186946518,3.239211936957002,72.42466186946518,4619.938940498308,0,0.5304024330398304,high,True
50.482553191489366,7.078571428571428,48.200997138878236,89.710233371361,104.58500663981702,147.7823684357654,3.308068361707989,67.78236843576539,4550.600298394329,0,0.5325312175617638,high,True
50.482553191489366,7.084920634920635,47.27277326121493,89.00352216188793,106.42799342575972,143.32106240466416,3.5373374368704806,63.32106240466416,4484.516453169405,0,0.5328457438466232,high,True
50.482553191489366,7.091269841269841,48.04873843382017,90.15132805181753,108.67826090088059,139.6706501735444,2.4175321516399584,59.6706501735444,4422.344175766661,0,0.5425613798899476,high,True
50.482553191489366,7.097619047619047,47.730680722811215,86.02930279565054,102.51196465046185,138.18865411837982,3.1651049254889267,58.188654118379816,4364.701362210894,0,0.5314112651472024,high,True
50.482553191489366,7.103968253968254,49.84061550408835,90.62245356748784,111.52006920190328,139.7986309701868,3.187327261578069,59.79863097018679,4312.16089267992,0,0.5402712207913828,high,True
50.482553191489366,7.11031746031746,47.51986453353642,84.01861372590776,100.48460868309888,139.5585632131873,2.1400793868035697,59.55856321318731,4265.244937965783,0,0.536217412771075,high,True
50.482553191489366,7.116666666666666,49.183482242218474,88.92728908131805,112.17254415835039,132.50125062199254,3.173159482119735,52.50125062199254,4224.419769903428,0,0.5410181476108855,high,True
50.482553191489366,7.123015873015873,47.21494972081401,87.89252706122846,108.79945759641433,135.36907087115347,2.111625535758719,55.36907087115347,4190.091127355054,0,0.5447219540246895,high,True
50.482553191489366,7.129365079365079,49.52775881835885,92.84861967346014,115.0445550954942,126.37441500129083,3.4066851073939053,46.37441500129083,4162.600183793024,0,0.5423333210462015,high,True
50.482553191489366,7.135714285714285,49.88737330597227,86.66109273467659,108.35652856733873,134.81538374528978,3.449158279145941,54.81538374528978,4142.220156565564,0,0.5353621400396991,high,True
50.482553191489366,7.1420634920634924,49.97424531858435,90.06941818084334,108.22798243245327,136.67717694148436,1.756515242400328,56.67717694148436,4129.153591538597,0,0.546517880816451,high,True
50.482553191489366,7.148412698412699,50.560935498497706,90.57283922002193,108.8270873190805,132.36233796758697,2.1766876862250215,52.36233796758697,4123.530350106293,0,0.5443158360775804,high,True
50.482553191489366,7.154761904761905,48.79076711249228,88.84681370266964,107.50018005671583,140.79739453663518,2.717316952844994,60.79739453663518,4125.406318567869,0,0.5393847337044159,high,True
50.482553191489366,7.161111111111111,50.1975037122237,87.47752734021654,106.13107175187653,130.2494289626889,2.54389559369203,50.24942896268891,4134.7628527067645,0,0.5391717677939296,high,True
50.482553191489366,7.167460317460318,50.75627865016562,88.57551566301018,106.23739091981133,135.08055509449258,2.041348348602398,55.08055509449258,4151.506963082084,0,0.5426284019291286,high,True
50.482553191489366,7.173809523809524,46.60755679158762,85.81631412244398,102.3507312055789,134.69518289969716,4.401167921059457,54.69518289969716,4175.472239203302,0,0.5230096117318492,high,True
50.482553191489366,7.18015873015873,47.34797589537846,88.90365351780926,106.5241085670885,135.25322068209388,2.4970642267454677,55.25322068209388,4206.420503389573,0,0.5398770137221187,high,True
50.482553191489366,7.186507936507937,45.96352255331604,87.50911207068998,111.18788901578367,136.19715957191158,2.833124761997915,56.197159571911584,4244.044177885805,0,0.5423003906024643,high,True
50.482553191489366,7.192857142857143,49.745637757866476,88.80445810363997,104.94342504278931,138.26166570415242,1.2400857141924602,58.26166570415242,4287.969341713186,0,0.5466761869481729,high,True
50.482553191489366,7.199206349206349,45.83122603457171,87.44936288603759,107.07192978459288,142.57594902639644,2.8102949795506063,62.575949026396444,4337.759446859195,0,0.5383366299209222,high,True
50.482553191489366,7.205555555555556,45.35833740793547,84.63882159845802,105.07724468512126,146.20983410445155,2.296688990697652,66.20983410445155,4392.919656888686,0,0.5397659847471369,high,True
50.482553191489366,7.211904761904762,46.31083960001034,88.80797153159176,110.05593678738278,142.35880278215927,1.1109828284347703,62.35880278215927,4452.90176485377,0,0.5526493845978177,high,True
50.482553191489366,7.218253968253968,45.27386321966785,88.38696470893728,105.11564806025041,147.4406397441531,1.8299425439238677,67.44063974415309,4517.1096416171185,0,0.5429160311007579,high,True
50.482553191489366,7.224603174603175,48.21040266877012,89.15605753175467,104.76576252100799,143.31325052253246,2.7762874579987074,63.313250522532456,4584.9051604521665,0,0.5362571794676833,high,True
50.482553191489366,7.230952380952381,46.09349514644164,83.48781357469937,101.72040297430692,151.23930959009942,1.798170724720446,71.23930959009942,4655.6145390349,0,0.5397325981428374,high,True
50.482553191489366,7.237301587301587,45.10122292699096,82.2947033780478,101.68860273170431,147.27990076405212,2.3762652000807036,67.27990076405212,4728.535035793336,0,0.5358468347311662,high,True
50.482553191489366,7.243650793650794,47.48925258183902,86.26551033260023,106.68115203919899,156.92123977903634,4.533579071821838,76.92123977903634,4802.941934069501,0,0.5264572915603867,high,True
50.482553191489366,7.25,47.493091661392796,88.14142443917336,101.15076602684469,163.68964363631284,3.4050184776290293,83.68964363631284,4878.09574468023,0,0.5284506428426512,high,True
50.47893617021277,6.85,44.22381466338754,84.4274872378366,107.00664829162872,167.1862683412672,3.9110592842379552,87.18626834126721,5279.585106382463,0,0.5309329197300423,high,True
50.47893617021277,6.856349206349206,45.87819414088379,83.87715714168436,104.8012183565455,161.41825537173378,3.0943320609595184,81.41825537173378,5354.738916993192,0,0.5341723379501486,high,True
50.47893617021277,6.862698412698412,46.758571454479075,88.73718359477556,107.8028678702876,170.5199824905766,4.410067818135451,90.51998249057661,5429.145815269358,0,0.5284024157493845,high,True
50.47893617021277,6.869047619047619,46.25934345123368,83.83250678468843,97.62033962448538,180.1469931416688,4.515121075803309,100.14699314166879,5502.066312027793,0,0.5175195324524633,high,True
50.47893617021277,6.875396825396825,46.22736350326803,84.96782624440527,100.23129448245658,179.8949379663456,4.189820290027997,99.8949379663456,5572.775690610527,0,0.5222991592156032,high,True
50.47893617021277,6.881746031746031,48.42113984517469,90.17430813067281,111.29102262335843,181.06945529862773,2.805254916598772,101.06945529862773,5640.571209445575,0,0.5425893231793666,high,True
50.47893617021277,6.888095238095238,49.80685892573539,89.18117791835112,105.58441474406966,186.39976633813825,2.999788700445982,106.39976633813825,5704.779086208923,0,0.5355858234077631,high,True
50.47893617021277,6.894444444444444,46.05668602732261,88.4700426411347,107.36310739170875,186.46683044119706,3.6384384581474265,106.46683044119706,5764.761194174007,0,0.5331068510040592,high,True
50.47893617021277,6.90079365079365,44.488657967832616,83.21824862933983,99.067920386731,191.40986289320995,2.5857269490552293,111.40986289320995,5819.921404203498,0,0.5318297407263628,high,True
50.47893617021277,6.907142857142857,46.070147082457076,85.90323319716737,101.90548859783271,192.04736088642528,3.389559435333221,112.04736088642528,5869.711509349507,0,0.5293084256956112,high,True
50.47893617021277,6.913492063492063,46.67008356779909,86.70516140115569,102.03739072607941,196.08447519730404,4.899146734489828,116.08447519730404,5913.6366731768885,0,0.5193764124961472,high,True
50.47893617021277,6.919841269841269,46.26176014657055,84.85867970823125,104.81807783341402,192.836962133857,3.3951610790611935,112.83696213385701,5951.26034767312,0,0.5321836706396728,high,True
50.47893617021277,6.926190476190476,47.227437452812126,80.91034878322185,99.2723943972186,196.18447056358633,3.75779132143752,116.18447056358633,5982.208611859392,0,0.5242204522543018,high,True
50.47893617021277,6.932539682539682,49.60589936839865,86.82784645715941,99.53145881599326,192.23861003345075,2.4208837237853937,112.23861003345075,6006.173887980609,0,0.5333922339907573,high,True
50.47893617021277,6.938888888888888,43.702070788400725,81.48307275119132,99.13659127503797,191.69480793532824,3.764955718057684,111.69480793532824,6022.917998355929,0,0.5240368864879867,high,True
50.47893617021277,6.9452380952380945,45.50204830388598,82.71670493103176,98.8717790561669,201.2825052153547,3.8935435674564554,121.28250521535469,6032.274532494825,0,0.5229148219397906,high,True
50.47893617021277,6.951587301587302,48.57256246889325,87.0575900131875,100.15972654957326,195.39145309347504,2.7973572384635483,115.39145309347504,6034.150500956401,0,0.5315106782931496,high,True
50.47893617021277,6.957936507936508,45.48323642016868,83.9391784698933,101.76776770805894,197.53280074089838,2.6732730681933656,117.53280074089838,6028.527259524097,0,0.5339459472534365,high,True
50.47893617021277,6.964285714285714,47.463240249569466,86.77730543267158,103.66261563324139,194.3132376574765,4.369746281219797,114.31323765747649,6015.460694497129,0,0.5245309737584427,high,True
50.47893617021277,6.970634920634921,47.245193329604916,83.85270927804146,103.37567510256042,190.70230215101654,4.283831096931953,110.70230215101654,5995.080667269669,0,0.524816801123014,high,True
50.47893617021277,6.976984126984127,48.18100786002808,85.98975420601839,101.95611182014875,192.05788800435744,2.8280055142284666,112.05788800435744,5967.58972370764,0,0.5331027417252923,high,True
50.47893617021277,6.983333333333333,49.229350498935915,88.62806206211133,105.15824185306775,196.4729155334893,4.25025407537913,116.4729155334893,5933.261081159266,0,0.5268232146838736,high,True
50.47893617021277,6.98968253968254,46.8991598185665,84.43366690295622,104.49291512985785,191.43135026836046,3.988816990638333,111.43135026836046,5892.435913096911,0,0.5279008018589356,high,True
50.47893617021277,6.996031746031746,43.82726905826158,84.2998677871833,106.9024612457636,180.6323403324277,3.5778529222560804,100.6323403324277,5845.519958382773,0,0.533050108430723,high,True
50.47893617021277,7.002380952380952,45.44776062636112,86.85933749083368,108.04086786856438,184.69387485088666,3.3070094630333435,104.69387485088666,5792.979488851799,0,0.5359941381150087,high,True
50.47893617021277,7.008730158730159,49.83528989516954,87.49380055827956,103.58282736400136,190.59384022625372,4.075932755425513,110.59384022625372,5735.336675296033,0,0.5264099423278312,high,True
50.47893617021277,7.015079365079365,44.49776691712586,83.6055295465705,104.31114803183446,180.3784775271859,4.685463895501295,100.37847752718591,5673.164397893288,0,0.5230747220618258,high,True
50.47893617021277,7.021428571428571,47.431618621691676,87.83239116375455,107.2887112985645,171.68704602498048,4.777710581027263,91.68704602498048,5607.080552668364,0,0.5254373074250493,high,True
50.47893617021277,7.027777777777778,42.985907622782534,76.86271150920382,96.17299825360851,184.03050475575608,3.96006792997929,104.03050475575608,5537.741910564385,0,0.5060469082398465,high,True
50.47893617021277,7.034126984126984,44.80538551684329,85.32959248704748,103.37956496427827,176.69923285487906,4.303420381463732,96.69923285487906,5465.837590158784,0,0.52469009575452,high,True
50.47893617021277,7.04047619047619,48.23980572863101,90.34958122373122,110.03573150701665,171.17069028135506,3.000870397152799,91.17069028135506,5392.082208892347,0,0.5400299288593313,high,True
50.47893617021277,7.046825396825397,47.042415720036004,87.35985315732893,105.44811924879289,167.4429687000837,4.602544665918111,87.4429687000837,5317.208780879483,0,0.5247644881426721,high,True
50.47893617021277,7.053174603174603,46.50403017360235,87.47441319406693,107.51058355362684,170.75888071160588,3.6247562168730556,90.75888071160588,5241.961431885443,0,0.5333455421078065,high,True
50.47893617021277,7.059523809523809,45.92773125916169,88.27678134446164,110.42115980497738,161.81014600082588,3.704509473543417,81.81014600082588,5167.088003872578,0,0.5357244299813546,high,True
50.47893617021277,7.065873015873016,44.23456143499491,83.88200997766697,100.37083535031138,166.1907976092614,2.4118892836950945,86.19079760926141,5093.332622606141,0,0.5342915734590108,high,True
50.47893617021277,7.072222222222222,48.34829770757234,89.1280739587943,105.02392804682778,161.4789280730665,2.133462673284101,81.4789280730665,5021.42830220054,0,0.5408008435582672,high,True
50.47893617021277,7.078571428571428,46.96014311078703,82.55788627757198,96.53218225812219,158.1136809714068,3.1970899981467937,78.11368097140681,4952.089660096562,0,0.5252182489371435,high,True
50.47893617021277,7.084920634920635,45.17576362019841,81.18193635575356,95.24992118916693,155.67207253508525,3.019022652123598,75.67207253508525,4886.005814871638,0,0.5251231035083429,high,True
50.47893617021277,7.091269841269841,47.57373809784217,87.4390312183284,103.22142695659934,152.4913244651012,2.1253786220086486,72.4913244651012,4823.833537468893,0,0.5390522361432083,high,True
50.47893617021277,7.097619047619047,48.46561453028321,89.72524403808777,108.58899641023098,155.63499926224358,3.498697047203043,75.63499926224358,4766.190723913127,0,0.5352643494288774,high,True
50.47893617021277,7.103968253968254,47.3526522090797,86.4258197982694,105.46891984383527,146.42442740527895,2.801420514678212,66.42442740527895,4713.6502543821525,0,0.5367927830793139,high,True
50.47893617021277,7.11031746031746,47.88149108847043,87.53396983553279,106.14146760650695,142.01384538499406,3.1011204353067057,62.013845384994056,4666.7342996680145,0,0.5354673313711289,high,True
50.47893617021277,7.116666666666666,47.811799609672484,89.49381633112745,112.55241903895654,149.76602881545966,3.1488049931811846,69.76602881545966,4625.90913160566,0,0.541560385751082,high,True
50.47893617021277,7.123015873015873,46.73421477197152,86.56070947963421,103.59799494894582,148.8379456855229,2.745742752319815,68.8379456855229,4591.580489057285,0,0.5352930432668137,high,True
50.47893617021277,7.129365079365079,47.90779034709169,86.96341121833369,108.28202524057045,147.44226909460218,4.114635902425084,67.44226909460218,4564.089545495257,0,0.5308511192244032,high,True
50.47893617021277,7.135714285714285,48.95301565106158,88.0678314481037,107.06820685709306,146.56837987622646,2.1735204183025374,66.56837987622646,4543.709518267797,0,0.5425780707350761,high,True
50.47893617021277,7.1420634920634924,49.41744010139906,89.82929112130981,107.0288560596874,143.28235429242753,1.8209939557448398,63.28235429242753,4530.642953240829,0,0.5448888963547218,high,True
50.47893617021277,7.148412698412699,49.058153954058,90.24910576040764,108.74420614798683,147.55427661848523,2.658109467845117,67.55427661848523,4525.019711808525,0,0.5410234763623527,high,True
50.47893617021277,7.154761904761905,46.85721544586739,90.70947145394888,109.72238495862905,144.27552546620427,2.233852549141913,64.27552546620427,4526.895680270101,0,0.5448300346310163,high,True
50.47893617021277,7.161111111111111,48.81322904624591,87.68114045572898,105.49272332163676,142.77603153792774,2.418519412806087,62.776031537927736,4536.252214408996,0,0.5393692605695961,high,True
50.47893617021277,7.167460317460318,48.53754201671011,88.26244665936534,104.33652643185049,143.95562147137758,2.186136984739522,63.95562147137758,4552.996324784317,0,0.5397622798669204,high,True
50.47893617021277,7.173809523809524,46.74684356088774,85.4454652738144,102.47976038814734,153.9739625781201,3.0765966315870115,73.97396257812011,4576.961600905534,0,0.5319691161775673,high,True
50.47893617021277,7.18015873015873,47.07898574413362,84.16697652988805,104.98482315698503,139.8455943205347,2.480048518209077,59.8455943205347,4607.909865091806,0,0.5384511663689245,high,True
50.47893617021277,7.186507936507937,48.75147483348606,90.69879507417829,106.4375680982848,149.87971330594448,2.5772912271435158,69.87971330594448,4645.533539588037,0,0.5392556265839947,high,True
50.47893617021277,7.192857142857143,49.746747029674914,86.52154444978038,106.73092059041184,142.45385740962445,1.814066349629409,62.45385740962445,4689.458703415418,0,0.5446371449262157,high,True
50.47893617021277,7.199206349206349,44.90691164235157,84.47197687127247,102.03782075151898,150.21398808920162,2.2437694951891407,70.21398808920162,4739.248808561428,0,0.537079357450258,high,True
50.47893617021277,7.205555555555556,50.02181463108896,88.83693941865354,106.84179134997116,150.56650362710718,2.1986051421009702,70.56650362710718,4794.409018590919,0,0.5421844237359648,high,True
50.47893617021277,7.211904761904762,49.24027370676349,88.63355567745793,107.97841676861837,145.78131056960282,3.333893069192713,65.78131056960282,4854.391126556003,0,0.5357524629740003,high,True
50.47893617021277,7.218253968253968,47.72081487160735,84.91235263554594,105.0955036362152,157.65131433926442,2.459318799206258,77.65131433926442,4918.59900331935,0,0.5387000449748401,high,True
50.47893617021277,7.224603174603175,46.98577154550708,92.49087786503179,106.66204015472263,156.68718434128164,4.01280525115765,76.68718434128164,4986.394522154398,0,0.5299100051470049,high,True
50.47893617021277,7.230952380952381,47.854646828606455,87.87619976849948,103.9354327243793,152.04426992797468,2.506548676643312,72.04426992797468,5057.103900737133,0,0.5372251082134238,high,True
50.47893617021277,7.237301587301587,46.22858184369231,86.37207314627707,104.58357536721252,166.13592055417485,3.6989804793399563,86.13592055417485,5130.024397495567,0,0.5299237055049462,high,True
50.47893617021277,7.243650793650794,46.84244284563331,87.24837665777906,100.98636826850205,170.93633406507345,3.3263467309065615,90.93633406507345,5204.431295771734,0,0.5288107233957916,high,True
50.47893617021277,7.25,44.815948882458216,82.79855760985751,103.13127429992832,173.63510126233908,2.226175660749914,93.63510126233908,5279.585106382463,0,0.5382901032282622,high,True
50.47531914893617,6.85,43.9987553676682,84.04823141078276,98.34584444345927,182.95198692149302,3.1061942638167963,102.95198692149302,5681.074468084696,0,0.5276378826846806,high,True
50.47531914893617,6.856349206349206,50.03365959922097,90.30156664902951,108.55884408449282,184.40403360298527,4.388120842259186,104.40403360298527,5756.228278695424,0,0.5293047051360982,high,True
50.47531914893617,6.862698412698412,46.555424661081915,86.72652237375225,104.21131999155682,192.2442004075686,4.452738072265554,112.2442004075686,5830.63517697159,0,0.5245263995097864,high,True
50.47531914893617,6.869047619047619,46.69411177772519,86.46660623391854,103.57609797485253,196.35250045899411,3.5584934504003694,116.35250045899411,5903.555673730026,0,0.5298528083055167,high,True
50.47531914893617,6.875396825396825,46.27306172876932,84.6975811498066,104.33396882974709,196.79896837944355,2.892028325973816,116.79896837944355,5974.2650523127595,0,0.5350537799899217,high,True
50.47531914893617,6.881746031746031,45.01151685979309,83.44768197526847,99.56476898526601,191.0609430050929,3.3632245094715785,111.0609430050929,6042.060571147807,0,0.5271432722554554,high,True
50.47531914893617,6.888095238095238,45.73060688734824,83.13775715067544,100.27388679086656,198.08593336317938,3.325743457362926,118.08593336317938,6106.268447911155,0,0.5281022637417804,high,True
50.47531914893617,6.894444444444444,46.27053194067577,83.8264810356063,101.7993153383457,201.35403788514503,2.921547703060941,121.35403788514503,6166.250555876239,0,0.5323223306512728,high,True
50.47531914893617,6.90079365079365,45.786337627485054,84.51537023738831,102.56633848901969,194.5067679099319,3.0532340040404615,114.50676790993191,6221.410765905731,0,0.53221144512875,high,True
50.47531914893617,6.907142857142857,44.90595329505258,84.56949533180554,99.98204169893329,205.57913631446291,3.9405340650666063,125.57913631446291,6271.200871051739,0,0.5237118145984891,high,True
50.47531914893617,6.913492063492063,46.712236000943975,86.31014502011905,101.20954914511734,214.53260907759034,3.505097810493938,134.53260907759034,6315.126034879121,0,0.5278422304084911,high,True
50.47531914893617,6.919841269841269,46.2403932962817,85.17257546017439,109.392927111294,209.4995161967335,4.059761274201746,129.4995161967335,6352.749709375353,0,0.532327851949949,high,True
50.47531914893617,6.926190476190476,46.51841272504657,83.06030160727487,102.18581555233457,214.073244418869,3.1265105055177496,134.073244418869,6383.697973561624,0,0.5313424121822162,high,True
50.47531914893617,6.932539682539682,46.964396678743896,83.56068769039774,98.93907285569765,209.87546499133637,3.7822372822041115,129.87546499133637,6407.663249682841,0,0.5237241576410036,high,True
50.47531914893617,6.938888888888888,45.63555720827519,83.72008309228966,100.19718579034274,209.52675588902093,4.296044360435997,129.52675588902093,6424.407360058161,0,0.5215568900541028,high,True
50.47531914893617,6.9452380952380945,45.62937155036035,82.7567735257658,96.53597005160944,211.7231298250023,2.6871143777533395,131.7231298250023,6433.763894197056,0,0.5286218741999205,high,True
50.47531914893617,6.951587301587302,48.10465129226961,84.31894755741787,96.7289136951716,207.01067550256116,3.940944236778801,127.01067550256116,6435.639862658632,0,0.5204559521166463,high,True
50.47531914893617,6.957936507936508,44.47013958309533,86.53853857028484,106.83514750360646,206.1913229285305,3.4204554674225833,126.1913229285305,6430.016621226329,0,0.5340321110541225,high,True
50.47531914893617,6.964285714285714,43.08778860306188,80.41748618621943,97.12563950194445,214.58363907150877,3.3376236922680893,134.58363907150877,6416.950056199362,0,0.5248748148868239,high,True
50.47531914893617,6.970634920634921,46.75041533728578,90.86419605456626,106.93002536078997,214.1864039496976,3.743932015697251,134.1864039496976,6396.570028971901,0,0.531970478589475,high,True
50.47531914893617,6.976984126984127,44.99861389473005,82.95123655296348,105.00805180363326,203.62876767926795,4.361741603987486,123.62876767926795,6369.079085409872,0,0.5259297744437167,high,True
50.47531914893617,6.983333333333333,44.35861818314189,85.28915464953829,104.7571792292286,210.09346803528635,2.9352149528576863,130.09346803528635,6334.750442861498,0,0.5351890795435106,high,True
50.47531914893617,6.98968253968254,47.3407433410571,84.26304151097841,102.51729661743275,204.2519721284292,4.189508779580166,124.2519721284292,6293.925274799143,0,0.5245872380868983,high,True
50.47531914893617,6.996031746031746,45.83992246466565,86.52938858907937,103.51498948203383,204.10839465815127,4.162398469011398,124.10839465815127,6247.009320085006,0,0.5257656663552911,high,True
50.47531914893617,7.002380952380952,44.211523824102684,83.08150773003979,98.20949888055307,202.53395423054408,3.8169230898063415,122.53395423054408,6194.468850554032,0,0.5227633449485107,high,True
50.47531914893617,7.008730158730159,49.06429720047051,84.5722916762148,98.29726860772601,202.4347066439893,3.8899795439680123,122.4347066439893,6136.826036998265,0,0.5223640716479393,high,True
50.47531914893617,7.015079365079365,43.80562515290556,82.7275066575267,100.40733683317197,196.40015024400304,3.1483234026683924,116.40015024400304,6074.653759595521,0,0.529418514148716,high,True
50.47531914893617,7.021428571428571,46.15568571154641,82.65584591334047,100.10261831982106,199.19831461385814,3.4629186605899576,119.19831461385814,6008.569914370597,0,0.527016493915888,high,True
50.47531914893617,7.027777777777778,43.51956268753118,78.60627641853988,97.66698619507615,192.18953921845608,3.3002718546664904,112.18953921845608,5939.231272266617,0,0.5195676331617448,high,True
50.47531914893617,7.034126984126984,46.83037074763939,83.93895114979287,101.8254679163124,190.77837127407065,2.9322818760421447,110.77837127407065,5867.326951861017,0,0.5322769220760314,high,True
50.47531914893617,7.04047619047619,45.53611640113766,88.32842896120303,105.62468186313936,182.24338025554073,3.3732787376414386,102.24338025554073,5793.5715705945795,0,0.5331361569455297,high,True
50.47531914893617,7.046825396825397,47.80189569492348,85.09430986705672,99.71642541604058,191.49985830094948,3.2086232501114815,111.49985830094948,5718.698142581715,0,0.5283256037486307,high,True
50.47531914893617,7.053174603174603,46.623195954052065,88.532994946656,110.03105644211612,182.0553046030094,3.1580804559001314,102.0553046030094,5643.450793587675,0,0.5389771867361153,high,True
50.47531914893617,7.059523809523809,48.75181575721173,90.39241913157241,110.32965164569161,180.38749492949646,3.4044551939787833,100.38749492949646,5568.577365574811,0,0.5376332836858331,high,True
50.47531914893617,7.065873015873016,46.157521967648,91.02362223041618,112.36396560441165,168.5361718292555,2.870791495611668,88.5361718292555,5494.821984308373,0,0.5432253556336671,high,True
50.47531914893617,7.072222222222222,44.470232201189646,87.80661330330304,105.67472542865487,169.2088747239714,3.183457086182966,89.2088747239714,5422.917663902773,0,0.5344516781874351,high,True
50.47531914893617,7.078571428571428,47.30624502690673,87.35776855745974,105.44744590593473,175.100896711868,2.5229616832246364,95.10089671186799,5353.579021798794,0,0.5386277013511038,high,True
50.47531914893617,7.084920634920635,46.64122463783383,88.02250915923736,111.01591826593116,169.08507985641756,3.2954752990395395,89.08507985641756,5287.49517657387,0,0.5390460829390009,high,True
50.47531914893617,7.091269841269841,44.35764294466735,83.16546520404991,98.31236446111873,158.22655248805384,2.9449632454721866,78.22655248805384,5225.322899171126,0,0.5286792761579708,high,True
50.47531914893617,7.097619047619047,45.565554771244386,85.79564772054707,102.32322857996147,168.150486033198,1.869076151363796,88.150486033198,5167.680085615359,0,0.5398627209042028,high,True
50.47531914893617,7.103968253968254,46.09991379948844,84.17270169608989,99.58719010853373,160.12285465890423,3.166653628597945,80.12285465890423,5115.139616084384,0,0.5284761659178807,high,True
50.47531914893617,7.11031746031746,49.58989156440573,89.89497104440377,106.56647324153182,166.44050630768,3.727998071869108,86.44050630768001,5068.223661370247,0,0.5317131527624044,high,True
50.47531914893617,7.116666666666666,48.36278670836228,92.87943723042109,110.821234483052,159.14750678629136,2.5791688280945597,79.14750678629136,5027.398493307892,0,0.5436267756290882,high,True
50.47531914893617,7.123015873015873,46.81786486438571,85.90289569599466,104.40801987695963,159.23569714121572,2.5006282730917984,79.23569714121572,4993.069850759518,0,0.5377371647230142,high,True
50.47531914893617,7.129365079365079,48.07620011733781,84.93845025754348,99.80116132617815,162.2715675068554,2.728167009668484,82.2715675068554,4965.57890719749,0,0.5316133812617215,high,True
50.47531914893617,7.135714285714285,44.33333059803413,84.16789765546895,99.26820815315739,153.33046580280413,2.6218244472102605,73.33046580280413,4945.198879970028,0,0.531789378505089,high,True
50.47531914893617,7.1420634920634924,46.55969745604899,82.96648353502229,96.54297525255208,152.54309790589164,3.3246473082195234,72.54309790589164,4932.132314943061,0,0.5243786598644219,high,True
50.47531914893617,7.148412698412699,48.01481270840938,88.9591238175446,110.34807544540743,155.55411894450495,3.2506788351913456,75.55411894450495,4926.509073510758,0,0.5386768832107984,high,True
50.47531914893617,7.154761904761905,47.65929420621893,87.56751753750228,107.41184071301137,159.70695409217657,2.701736809589044,79.70695409217657,4928.385041972334,0,0.5394002619824178,high,True
50.47531914893617,7.161111111111111,46.59177934200204,84.10453444960797,102.17550155618301,151.36511329881134,3.4626941981849586,71.36511329881134,4937.741576111229,0,0.5290908735682832,high,True
50.47531914893617,7.167460317460318,47.32474131940672,87.09407965589313,107.7905954489278,150.53747510728402,3.11137161591649,70.53747510728402,4954.48568648655,0,0.5370481180094845,high,True
50.47531914893617,7.173809523809524,47.86279803176162,87.24214061185268,102.5346598769207,161.25324288716934,2.2298427672006276,81.25324288716934,4978.450962607766,0,0.5376690414289165,high,True
50.47531914893617,7.18015873015873,47.30740814628833,90.02400995276366,107.18643977893564,156.51870619461891,4.414699157867597,76.51870619461891,5009.3992267940375,0,0.5277551120598183,high,True
50.47531914893617,7.186507936507937,48.57155958660155,86.69741669610845,105.23306755917841,158.55180298123247,2.9360914726338785,78.55180298123247,5047.022901290269,0,0.5356591244082858,high,True
50.47531914893617,7.192857142857143,47.71003075923918,88.75045980264107,109.27555350061627,154.094144547685,2.9089116475194703,74.094144547685,5090.948065117651,0,0.5398828091838197,high,True
50.47531914893617,7.199206349206349,47.94466130699849,87.50233857508027,103.24217102119621,160.407845074359,3.4576412898764786,80.40784507435899,5140.738170263659,0,0.5301912290886863,high,True
50.47531914893617,7.205555555555556,49.68850492478723,85.76362134492433,107.82545501901956,164.8869022888923,3.94230069437477,84.88690228889229,5195.898380293152,0,0.5315434503898544,high,True
50.47531914893617,7.211904761904762,48.295056858182726,87.45472206619868,103.99400029736111,170.6105886822819,3.8923343542065463,90.6105886822819,5255.880488258235,0,0.5280451046026508,high,True
50.47531914893617,7.218253968253968,49.59685714942881,92.79036820184015,114.59042175261678,165.94006533397516,3.4567367463386733,85.94006533397516,5320.088365021583,0,0.541545510110359,high,True
50.47531914893617,7.224603174603175,45.9059425896176,84.54690641400715,100.74038912487399,177.93789285275284,3.029349542142178,97.93789285275284,5387.883883856631,0,0.5305447255105928,high,True
50.47531914893617,7.230952380952381,44.45115406990626,80.5001379523208,97.67583900915005,170.98251221984714,3.473914576787777,90.98251221984714,5458.5932624393645,0,0.5245164084972316,high,True
50.47531914893617,7.237301587301587,46.55368152939377,84.81588160136653,105.52585217899095,173.50909581577642,3.295413654332465,93.50909581577642,5531.5137591978,0,0.5335564278167745,high,True
50.47531914893617,7.243650793650794,46.34920123346163,84.91646638729308,102.33659957541845,184.99748237846433,2.0497244121668894,104.99748237846433,5605.9206574739665,0,0.5386717701609725,high,True
50.47531914893617,7.25,48.80016103185478,88.67407208601074,109.54135366729118,182.36200176834282,2.56586427426821,102.36200176834282,5681.074468084696,0,0.5424355918388364,high,True
50.471702127659576,6.85,44.51895682010192,84.94933848461972,102.44396046488046,194.16365300789684,4.070742548667632,114.16365300789684,6082.563829786927,0,0.5253056768070963,high,True
50.471702127659576,6.856349206349206,46.0235770696755,84.97138132756713,103.60218119385026,198.64467373698943,3.0760256412708546,118.64467373698943,6157.717640397656,0,0.5330953435853778,high,True
50.471702127659576,6.862698412698412,46.67891785437623,83.52882820301865,98.30861805217442,207.57720143390478,2.7892897143857303,127.57720143390478,6232.124538673823,0,0.5297133532896028,high,True
50.471702127659576,6.869047619047619,46.15260463835856,82.68280290193147,101.093580942973,210.90528440858014,2.4281565547538118,130.90528440858014,6305.0450354322575,0,0.5349058705779476,high,True
50.471702127659576,6.875396825396825,45.67913689877462,82.28391405812806,100.52107923335731,204.593617099878,3.139285770939411,124.593617099878,6375.754414014992,0,0.5295925074270945,high,True
50.471702127659576,6.881746031746031,46.41153073422465,86.60904760110552,102.95246650196935,210.42468418310168,4.116997765457347,130.42468418310168,6443.54993285004,0,0.5255058147322537,high,True
50.471702127659576,6.888095238095238,47.433380333211296,85.3020805481044,99.51097069815904,213.57067579631237,4.310446712670016,133.57067579631237,6507.7578096133875,0,0.5207746592803589,high,True
50.471702127659576,6.894444444444444,48.06371304027787,86.75261686893509,99.49931358608256,211.73200298901037,4.059074684970756,131.73200298901037,6567.739917578471,0,0.5224388156862775,high,True
50.471702127659576,6.90079365079365,45.759419281677026,87.66983818238452,104.9650121190243,217.74280271651787,4.970048209645705,137.74280271651787,6622.9001276079625,0,0.521831357388053,high,True
50.471702127659576,6.907142857142857,44.44170456564592,83.25684885740296,98.19988364062874,220.0690461132507,3.8402349724424125,140.0690461132507,6672.690232753972,0,0.5225983171576792,high,True
50.471702127659576,6.913492063492063,47.928039076196725,84.85280086565504,106.04211250669562,226.4584815760578,3.1673292357279026,146.4584815760578,6716.615396581354,0,0.5349265842685096,high,True
50.471702127659576,6.919841269841269,43.97635204294423,83.76148890988878,101.00130467107024,228.32149888139503,3.2356475770614224,148.32149888139503,6754.239071077584,0,0.5294303208239941,high,True
50.471702127659576,6.926190476190476,48.25128474359332,89.80511340241458,106.00485126819169,223.49294713447895,3.66019718709192,143.49294713447895,6785.187335263856,0,0.5316035366875789,high,True
50.471702127659576,6.932539682539682,47.56048561500096,88.23239253014307,105.43463854434457,224.9787147397275,3.4073359886473438,144.9787147397275,6809.152611385073,0,0.5327190652866955,high,True
50.471702127659576,6.938888888888888,47.763652392871805,80.67379802513916,98.56696737202745,229.20980989589233,4.359361293938595,149.20980989589233,6825.896721760394,0,0.5195045587457701,high,True
50.471702127659576,6.9452380952380945,46.54942376264182,84.3452582577324,94.36372021793412,224.61393357929148,4.317324733960593,144.61393357929148,6835.253255899289,0,0.5155815553248635,high,True
50.471702127659576,6.951587301587302,42.35095613554793,82.12740030455143,101.07546073095234,229.38992390708466,4.424362822261535,149.38992390708466,6837.129224360865,0,0.5215797085825421,high,True
50.471702127659576,6.957936507936508,43.96594586097384,83.6691538407224,105.72026586090718,226.44197642733192,4.381452676240014,146.44197642733192,6831.505982928562,0,0.5265105813526404,high,True
50.471702127659576,6.964285714285714,45.99644228201791,85.75215210381234,103.5179776385565,222.3550032741987,3.589465652191816,142.3550032741987,6818.4394179015935,0,0.5295882066239443,high,True
50.471702127659576,6.970634920634921,44.54058681797926,84.2662268701546,104.13494651510109,221.53239104956964,2.1760686817539594,141.53239104956964,6798.059390674133,0,0.5396278219700746,high,True
50.471702127659576,6.976984126984127,45.10541953184893,81.68828980879492,94.49468772846495,229.97469773265288,4.503109454162381,149.97469773265288,6770.568447112105,0,0.514473958034049,high,True
50.471702127659576,6.983333333333333,46.5279906046203,84.86673815374695,101.65029342678883,222.10235375447175,3.4107218232087377,142.10235375447175,6736.239804563731,0,0.5289121479387305,high,True
50.471702127659576,6.98968253968254,45.39018676102248,82.58732432951794,99.46075832806278,227.56468396537863,3.930091414750081,147.56468396537863,6695.414636501376,0,0.5232601488963956,high,True
50.471702127659576,6.996031746031746,43.85864307274283,82.68350335298058,104.45554717881407,216.97957620549144,4.1557801356813115,136.97957620549144,6648.498681787239,0,0.526750346274272,high,True
50.471702127659576,7.002380952380952,47.063019577322564,83.28779031909572,103.406517058389,218.01016097226403,3.6581530989613085,138.01016097226403,6595.958212256263,0,0.5290188297319802,high,True
50.471702127659576,7.008730158730159,46.55920126398878,86.88032260928803,105.78144104531793,224.0346848789437,3.042421884939646,144.0346848789437,6538.315398700497,0,0.5354986284790536,high,True
50.471702127659576,7.015079365079365,45.47020379380972,81.36618544752207,100.6930004470835,207.68937641918325,4.448963274927014,127.68937641918325,6476.143121297753,0,0.5210332452809034,high,True
50.471702127659576,7.021428571428571,46.971510699185785,81.22433317429284,105.15334578224423,201.649147973106,3.1242828275217125,121.64914797310601,6410.059276072829,0,0.5343247935987661,high,True
50.471702127659576,7.027777777777778,46.111639162513505,84.71370232771628,104.6802723569165,211.60586052923733,3.5798081697847213,131.60586052923733,6340.72063396885,0,0.5308148845583517,high,True
50.471702127659576,7.034126984126984,48.033545243676926,82.89698604660394,102.03782614007883,200.30040263050643,3.635894780948885,120.30040263050643,6268.816313563249,0,0.5277985276004196,high,True
50.471702127659576,7.04047619047619,46.33311877362035,83.49201872352145,99.90819943441912,200.63332756966972,4.4695376675343335,120.63332756966972,6195.060932296812,0,0.5201112816508568,high,True
50.471702127659576,7.046825396825397,48.16372140558845,85.15397208737264,100.8817545280999,195.4721655293636,2.1216047683410184,115.4721655293636,6120.187504283947,0,0.5367377227391598,high,True
50.471702127659576,7.053174603174603,43.439908478139685,80.73196198002523,103.73428208515006,196.00922145108296,3.4588509385441863,116.00922145108296,6044.940155289907,0,0.5306752758281887,high,True
50.471702127659576,7.059523809523809,47.01209395254083,85.51088715324072,105.44487381909812,188.3048195250801,3.8093374549327517,108.30481952508009,5970.066727277043,0,0.5300492907862131,high,True
50.471702127659576,7.065873015873016,45.79893221726846,83.46294096842628,98.9662877140114,188.6343313847942,3.351339315834378,108.6343313847942,5896.311346010606,0,0.5266240256084489,high,True
50.471702127659576,7.072222222222222,45.1784354067089,82.19319965958957,101.76869445630803,188.5025135079539,3.9462084952247416,108.50251350795389,5824.407025605005,0,0.5254606378214765,high,True
50.471702127659576,7.078571428571428,48.274115599410784,88.35630170552616,107.57199681953946,180.1445686051532,2.7207935679661053,100.14456860515321,5755.068383501026,0,0.5394333730330987,high,True
50.471702127659576,7.084920634920635,47.93665505286198,86.5135521499446,104.73511339588521,178.9987148334895,2.9971863610385543,98.99871483348949,5688.984538276102,0,0.5347538709889614,high,True
50.471702127659576,7.091269841269841,43.65652713594834,84.94940944225866,100.65680775447886,178.19664840770872,3.803286454267583,98.19664840770872,5626.812260873357,0,0.5253015647260283,high,True
50.471702127659576,7.097619047619047,47.79853876325077,86.46646866178129,101.18608549017341,171.84098561553537,2.710293394122766,91.84098561553537,5569.169447317591,0,0.5331174628626882,high,True
50.471702127659576,7.103968253968254,47.670715268688035,81.94462675918805,100.7133574704223,174.03396258707053,4.289909777842755,94.03396258707053,5516.628977786617,0,0.5221139589514706,high,True
50.471702127659576,7.11031746031746,45.74358363420058,83.97644242648684,101.11490541703813,174.57815049496458,1.967679318575922,94.57815049496458,5469.71302307248,0,0.5379970432931986,high,True
50.471702127659576,7.116666666666666,45.6178435743431,84.41509163980908,100.5824543552454,171.10526841049037,2.6866131007264653,91.10526841049037,5428.887855010124,0,0.5326717003504022,high,True
50.471702127659576,7.123015873015873,44.5209336085206,82.27667819851762,107.94492290082005,170.44927594860752,2.431459435003078,90.44927594860752,5394.559212461751,0,0.5417351933341328,high,True
50.471702127659576,7.129365079365079,46.42943713864708,89.4727033717723,111.09678807176994,170.52462071611774,3.37358714509965,90.52462071611774,5367.068268899722,0,0.5386062071044388,high,True
50.471702127659576,7.135714285714285,46.691021136890306,83.67359596290115,105.72656264408687,167.29446862428358,3.2965887138737986,87.29446862428358,5346.688241672261,0,0.5337493045515949,high,True
50.471702127659576,7.1420634920634924,48.16657230676845,90.21627556539998,112.00348000333321,172.24273823146612,3.63546076705305,92.24273823146612,5333.6216766452935,0,0.5377670748896461,high,True
50.471702127659576,7.148412698412699,47.381104140139655,83.69561762593185,100.6747387490306,175.03382544978024,3.035773241464978,95.03382544978024,5327.99843521299,0,0.5304362504725975,high,True
50.471702127659576,7.154761904761905,45.38518382252474,81.20882879241005,99.9019810575733,167.49527974470067,2.305534099980479,87.49527974470067,5329.874403674566,0,0.5345317537243701,high,True
50.471702127659576,7.161111111111111,47.323451144941394,87.64564556118466,108.15889698803912,171.60758526257456,3.5938620982196228,91.60758526257456,5339.230937813461,0,0.5341998163332415,high,True
50.471702127659576,7.167460317460318,46.566372403040276,87.91883884218667,102.32958069636109,169.27160517086455,4.980087081079276,89.27160517086455,5355.975048188782,0,0.5191290001558326,high,True
50.471702127659576,7.173809523809524,45.51993342178427,83.94556024311343,96.69388261845857,172.5012974544471,3.5269994429542546,92.5012974544471,5379.940324309999,0,0.5231805529987635,high,True
50.471702127659576,7.18015873015873,44.505393363267224,83.36255236969389,102.94459256312652,178.352891865192,3.0329936674009605,98.35289186519199,5410.88858849627,0,0.5327246347804534,high,True
50.471702127659576,7.186507936507937,47.78749566416414,84.78916334027704,104.87325008206693,175.40952484845985,3.8211302138659127,95.40952484845985,5448.512262992502,0,0.5293990486562942,high,True
50.471702127659576,7.192857142857143,47.47416353901928,83.97460631407976,100.74019001365477,167.79284853485487,3.660612404095141,87.79284853485487,5492.4374268198835,0,0.5263361073196872,high,True
50.471702127659576,7.199206349206349,47.58819620064008,85.77910251592934,103.5744242564187,178.4306192461497,3.2443521858911755,98.43061924614969,5542.227531965892,0,0.5319454096838109,high,True
50.471702127659576,7.205555555555556,45.60396679261364,84.94656494957371,104.84107417841412,183.47881785566744,3.708839690242041,103.47881785566744,5597.387741995383,0,0.5301154762434671,high,True
50.471702127659576,7.211904761904762,46.8917288760215,87.70889695584654,105.63861240088741,179.7843795665875,3.3993720749220526,99.78437956658749,5657.369849960467,0,0.532976131901407,high,True
50.471702127659576,7.218253968253968,44.507031919845936,82.81374549349565,101.24825220137706,186.95138074409095,4.150705930210828,106.95138074409095,5721.577726723815,0,0.5235768793333049,high,True
50.471702127659576,7.224603174603175,45.02210349489584,80.8517102682595,98.80809844253383,182.663011488309,2.439502518706152,102.663011488309,5789.373245558863,0,0.5325447483178262,high,True
50.471702127659576,7.230952380952381,46.48216080026691,83.59321960340216,99.01097315703727,182.07225419614548,3.7560572808431196,102.07225419614548,5860.082624141597,0,0.5239705912847498,high,True
50.471702127659576,7.237301587301587,46.75312385696721,88.48391622831713,107.0823655625611,191.28398742780857,4.115134153241935,111.28398742780857,5933.003120900033,0,0.5296481378742816,high,True
50.471702127659576,7.243650793650794,43.843605362958236,81.55434839957616,100.68838407807729,186.4879216049649,2.9870850262518163,106.4879216049649,6007.410019176198,0,0.5307744839030651,high,True
50.471702127659576,7.25,44.627706397633226,79.89816643530855,94.48435556289633,195.4126678723688,3.8288591973183017,115.41266787236879,6082.563829786927,0,0.5185131057352492,high,True
50.46808510638298,6.85,45.28835089718993,81.14886724582027,100.37645503428598,217.38874523890271,3.943440419391193,137.38874523890271,6484.05319148916,0,0.5240868522383447,high,True
50.46808510638298,6.856349206349206,47.20562078600834,83.06569292164522,104.39924237770501,207.68559335108313,3.941804266133963,127.68559335108313,6559.207002099889,0,0.5281205472701452,high,True
50.46808510638298,6.862698412698412,44.48090473721938,83.56069509499423,97.87504353830374,213.2942866391536,3.8696953498469058,133.2942866391536,6633.613900376055,0,0.5220770745393244,high,True
50.46808510638298,6.869047619047619,45.84608646964129,81.6818333524746,96.82905154333363,217.34388466119637,2.9381605251904195,137.34388466119637,6706.53439713449,0,0.5272413147087308,high,True
50.46808510638298,6.875396825396825,45.940524493627265,86.16049458084751,102.87897875221876,224.21764012645474,4.683532451729476,144.21764012645474,6777.243775717224,0,0.5216554290740222,high,True
50.46808510638298,6.881746031746031,45.13821610615791,83.48896434903597,100.06034546668127,225.91291178956092,4.3314595988584745,145.91291178956092,6845.039294552273,0,0.521183948140958,high,True
50.46808510638298,6.888095238095238,45.858724912870755,86.05667778173162,98.03681261355572,235.7501220470704,4.463423726797261,155.7501220470704,6909.24717131562,0,0.5182806544349073,high,True
50.46808510638298,6.894444444444444,43.38735504862681,84.20761446082355,104.70112378311856,236.58938036986257,4.876773114501504,156.58938036986257,6969.229279280704,0,0.5221893030197752,high,True
50.46808510638298,6.90079365079365,44.37360491489209,81.93113065099817,93.003976023995,237.18097535223072,3.7711828097237574,157.18097535223072,7024.389489310195,0,0.5178627572925033,high,True
50.46808510638298,6.907142857142857,47.46627991102201,86.15710571979682,101.60743184331986,237.99037042360501,3.3749255594593652,157.99037042360501,7074.1795944562045,0,0.5291079281135908,high,True
50.46808510638298,6.913492063492063,47.53457269064047,84.98842188088854,103.58440591269027,240.94159815420983,3.3495474924028583,160.94159815420983,7118.104758283586,0,0.5312540892966712,high,True
50.46808510638298,6.919841269841269,46.51000733355523,86.98534043917203,106.4874802161844,237.6099300808382,4.0294070453553825,157.6099300808382,7155.728432779817,0,0.5296247665804819,high,True
50.46808510638298,6.926190476190476,46.87016923376159,83.85629429098113,102.3670287149323,245.882852276276,4.05915999618162,165.882852276276,7186.6766969660885,0,0.5253059620737215,high,True
50.46808510638298,6.932539682539682,42.4606152087586,80.99625780610998,101.44570587542785,239.09110504140472,3.9526220096888065,159.09110504140472,7210.641973087306,0,0.5250948924775024,high,True
50.46808510638298,6.938888888888888,43.76243022168072,80.54873241928578,100.20308546773657,247.64119366531375,3.2647305157536577,167.64119366531375,7227.386083462627,0,0.5284382153627121,high,True
50.46808510638298,6.9452380952380945,44.71100715753392,81.98813088640331,96.08916078523575,249.4699339931176,5.2507005412627255,169.4699339931176,7236.7426176015215,0,0.5110844905101509,high,True
50.46808510638298,6.951587301587302,48.79955670042448,88.07577275436638,106.1733760283793,245.6542364134451,4.338353363000874,165.6542364134451,7238.618586063098,0,0.5272510202750401,high,True
50.46808510638298,6.957936507936508,44.71116215959343,84.38507899237187,102.7473516333927,243.84996233962312,4.5702519078076715,163.84996233962312,7232.995344630794,0,0.5222790055813415,high,True
50.46808510638298,6.964285714285714,46.309065355984295,85.04150524939948,106.51440004108602,245.5620474600354,5.243569054787193,165.5620474600354,7219.928779603826,0,0.5215572730091714,high,True
50.46808510638298,6.970634920634921,45.776335832434334,85.35848361418837,102.80782284689514,231.59040124286372,4.867413115811765,151.59040124286372,7199.548752376366,0,0.5203584020748167,high,True
50.46808510638298,6.976984126984127,45.76605646622919,83.49579068960784,98.31509618366616,243.00279932870296,3.500329026702658,163.00279932870296,7172.057808814337,0,0.5249795693389818,high,True
50.46808510638298,6.983333333333333,45.22552440712793,82.26718642685955,100.08603618290462,239.79522403298122,4.157197721986748,159.79522403298122,7137.729166265963,0,0.5223713847029929,high,True
50.46808510638298,6.98968253968254,43.49536073335103,79.59227011073557,97.80074741764028,238.21824419581108,3.157769233277226,158.21824419581108,7096.903998203608,0,0.5249651342635935,high,True
50.46808510638298,6.996031746031746,41.28363283545026,78.44203056820385,92.43125676354207,239.1592456874255,5.530780788915608,159.1592456874255,7049.98804348947,0,0.49874326857332985,moderate,True
50.46808510638298,7.002380952380952,47.30318191741217,87.84269679957339,102.7305085675643,233.71255847573485,4.3924387071746605,153.71255847573485,6997.447573958496,0,0.5234475838530666,high,True
50.46808510638298,7.008730158730159,44.50542638326946,83.87565718026949,103.83276673952656,226.9238572749664,2.7778333198540697,146.9238572749664,6939.80476040273,0,0.5353138779404994,high,True
50.46808510638298,7.015079365079365,42.68357117362803,82.39279024204262,100.94559680903777,228.2169921751425,4.669463426544245,148.2169921751425,6877.632482999985,0,0.5198158406320761,high,True
50.46808510638298,7.021428571428571,46.19911462917331,86.3910613379158,99.60977016549586,226.20740074840472,4.375140052550187,146.20740074840472,6811.548637775061,0,0.5204421698151613,high,True
50.46808510638298,7.027777777777778,46.231659330371045,86.06023444532892,103.82053425672731,223.44088129440607,4.047156771752578,143.44088129440607,6742.209995671083,0,0.5268394891117101,high,True
50.46808510638298,7.034126984126984,46.819447791947624,87.28072404896331,106.66379226206887,220.59535488842675,3.940507713179556,140.59535488842675,6670.305675265482,0,0.5303937408408718,high,True
50.46808510638298,7.04047619047619,47.4075696508725,89.76188896304427,106.86375870313451,221.02738510949538,4.246472721226923,141.02738510949538,6596.550293999045,0,0.5285539405616216,high,True
50.46808510638298,7.046825396825397,44.42353862388321,84.49811663539532,97.68309755231718,209.4363497713947,4.653899780596105,129.4363497713947,6521.67686598618,0,0.5166570990150098,high,True
50.46808510638298,7.053174603174603,44.558551831232364,80.12483651911242,99.35213799705406,211.41397106831485,3.799526353729614,131.41397106831485,6446.42951699214,0,0.5240219623055232,high,True
50.46808510638298,7.059523809523809,45.462280060731004,83.4674695192362,103.96904918155752,212.85217577332452,4.440066159606405,132.85217577332452,6371.556088979276,0,0.5243686081175148,high,True
50.46808510638298,7.065873015873016,47.24170801202633,84.88201494282808,103.35065337200342,197.81485591012594,3.905956911065583,117.81485591012594,6297.800707712839,0,0.5273109406315661,high,True
50.46808510638298,7.072222222222222,42.923086892191414,84.04123567328091,105.90364818422009,202.6394418096094,3.3695822466854852,122.6394418096094,6225.896387307237,0,0.5334397665396502,high,True
50.46808510638298,7.078571428571428,46.33531306956191,89.6513178505125,111.02362617682189,196.8787658317368,3.851308137653005,116.87876583173681,6156.5577452032585,0,0.5353482385924685,high,True
50.46808510638298,7.084920634920635,47.60458266696241,80.47019619179731,98.43720886782944,195.19177848232798,3.7036632905997693,115.19177848232798,6090.473899978335,0,0.5237461202638309,high,True
50.46808510638298,7.091269841269841,47.602808479847134,90.9164254797168,112.41185714162651,190.68549154329995,4.33972770271435,110.68549154329995,6028.30162257559,0,0.5334803391235308,high,True
50.46808510638298,7.097619047619047,47.38552881482672,89.03384665227034,109.38430122522979,191.45099902413804,4.12911399804714,111.45099902413804,5970.658809019824,0,0.5318568745715821,high,True
50.46808510638298,7.103968253968254,47.9687322474719,89.125638834511,103.40639004404932,197.5294831172451,3.3843192735041545,117.52948311724509,5918.118339488849,0,0.5308442615540216,high,True
50.46808510638298,7.11031746031746,42.2997714647215,82.77213107528395,99.21263935980774,183.36700236114552,3.5624906346125145,103.36700236114552,5871.202384774712,0,0.5254627017957243,high,True
50.46808510638298,7.116666666666666,48.88127156860207,89.53774516675284,110.46283780982574,182.2436723423883,4.069175479286515,102.2436723423883,5830.377216712357,0,0.533335001281249,high,True
50.46808510638298,7.123015873015873,46.99091094910794,86.20199170864021,104.0852837923585,180.4589886622028,3.9309220329136085,100.45898866220281,5796.048574163983,0,0.5278791369062678,high,True
50.46808510638298,7.129365079365079,48.52480249187818,86.43654862202855,103.15365237254501,191.5764122528333,3.605060478999199,111.57641225283331,5768.557630601954,0,0.5291199158458837,high,True
50.46808510638298,7.135714285714285,44.78133809975383,84.50026948135311,100.56260838372069,182.07912193903925,3.629234398354263,102.07912193903925,5748.177603374494,0,0.5263677123946923,high,True
50.46808510638298,7.1420634920634924,43.925697553947444,84.71835785008,99.12803145552326,183.3539680567007,3.2626318912593426,103.3539680567007,5735.111038347526,0,0.527377152180461,high,True
50.46808510638298,7.148412698412699,49.24166925091917,88.80058000651152,105.95643067906019,181.64261500994553,2.4018719839050062,101.64261500994553,5729.487796915222,0,0.5399439507863601,high,True
50.46808510638298,7.154761904761905,45.170429661819796,86.44588077048886,103.25093834996883,179.54368171898247,3.4096145862104406,99.54368171898247,5731.363765376798,0,0.5305201744418993,high,True
50.46808510638298,7.161111111111111,46.08451761080146,86.09933334221108,101.96540093945845,182.71839327692595,3.9117099609041044,102.71839327692595,5740.720299515694,0,0.5258873345334311,high,True
50.46808510638298,7.167460317460318,47.32514013365408,83.81466362902205,103.74579554229652,194.0975420006337,3.944401458447459,114.0975420006337,5757.464409891014,0,0.5274497858193135,high,True
50.46808510638298,7.173809523809524,47.66925717245242,86.18790348770881,104.77406219381527,190.70265415281054,3.01515128006768,110.70265415281054,5781.429686012231,0,0.5346730536600307,high,True
50.46808510638298,7.18015873015873,48.09662481575815,89.17012743347772,108.75961554292216,182.85121026402342,2.2540876692478884,102.85121026402342,5812.377950198503,0,0.5437323644146028,high,True
50.46808510638298,7.186507936507937,46.776642811347216,85.88559513563744,106.94062431398146,190.23339623142957,3.2190076169322683,110.23339623142957,5850.001624694734,0,0.535480573534433,high,True
50.46808510638298,7.192857142857143,44.81661490473181,82.9324129750259,105.8578727765795,185.93956963339755,5.052971424018416,105.93956963339755,5893.926788522115,0,0.5221713966164567,high,True
50.46808510638298,7.199206349206349,47.409024566805265,83.62764842686991,100.11545594012634,184.01407405289348,2.6866417612377695,104.01407405289348,5943.716893668125,0,0.5322045108652078,high,True
50.46808510638298,7.205555555555556,47.37897627008461,83.05886773773068,102.88705903552813,197.26963145942597,3.5466902849015827,117.26963145942597,5998.877103697616,0,0.5292424571361842,high,True
50.46808510638298,7.211904761904762,43.51436227724207,80.29788680937813,94.61389353990471,200.10685612726525,3.02638602720085,120.10685612726525,6058.8592116627,0,0.524437986691899,high,True
50.46808510638298,7.218253968253968,48.303094045862224,90.78704479021205,110.76589153414886,202.11093954383864,2.799764216119485,122.11093954383864,6123.067088426048,0,0.5421007967600189,high,True
50.46808510638298,7.224603174603175,42.37968629264488,81.62620449217988,100.29951365650818,198.67313143645399,3.728072756643116,118.67313143645399,6190.862607261096,0,0.5254456952788874,high,True
50.46808510638298,7.230952380952381,47.59495461347176,87.00986793021832,100.9724417136848,202.65501591521644,4.278264490140333,122.65501591521644,6261.57198584383,0,0.5224506784460825,high,True
50.46808510638298,7.237301587301587,45.023720691039166,89.50527320388755,106.63676321326608,209.2102553967929,3.4791009051565824,129.2102553967929,6334.492482602265,0,0.5334427571788889,high,True
50.46808510638298,7.243650793650794,46.9639492944355,90.01404213018506,109.61062177149259,210.75962245374112,4.511892951170724,130.75962245374112,6408.899380878431,0,0.5295313354303545,high,True
50.46808510638298,7.25,46.60173145926359,85.08855500582573,105.13825439057874,210.66682630313252,3.61307517088574,130.66682630313252,6484.05319148916,0,0.5310510865846738,high,True
50.46446808510638,6.85,45.42165482611698,84.93952625252311,100.83273502713672,222.6487466715471,3.586694423353359,142.6487466715471,6885.5425531913925,0,0.5269214388714476,high,True
50.46446808510638,6.856349206349206,46.08872882853839,83.11565582469684,103.4050662355641,232.85361796231442,5.606730179168676,152.85361796231442,6960.696363802122,0,0.5160268650411063,high,True
50.46446808510638,6.862698412698412,45.218435451073894,79.5220153709134,98.46718361327406,239.98971257814782,4.993238965004979,159.98971257814782,7035.103262078287,0,0.5130877410943203,high,True
50.46446808510638,6.869047619047619,46.35689736338232,84.44063040495504,104.73476119440701,234.12723449679282,4.989895490226663,154.12723449679282,7108.023758836723,0,0.5214687912595626,high,True
50.46446808510638,6.875396825396825,48.504164079575965,90.14185687634573,110.62557353933221,244.65012033966357,3.750556306782514,164.65012033966357,7178.733137419456,0,0.5356218648274488,high,True
50.46446808510638,6.881746031746031,43.157637540866055,81.82734763656711,97.61745034202225,246.49733872072966,4.550180534237546,166.49733872072966,7246.528656254504,0,0.5172829134471052,high,True
50.46446808510638,6.888095238095238,40.33396150155555,78.4950908450459,92.00199017161907,251.11173110718084,3.9967495008118386,171.11173110718084,7310.736533017853,0,0.508773015946616,high,True
50.46446808510638,6.894444444444444,44.44324853792497,83.21124765483327,100.35400601667641,254.36894617411238,3.352928910947858,174.36894617411238,7370.718640982936,0,0.5280011466103574,high,True
50.46446808510638,6.90079365079365,44.29559884458873,81.9430779335483,101.65767656897137,250.67039674041507,4.1095015945309,170.67039674041507,7425.878851012428,0,0.5242609992720987,high,True
50.46446808510638,6.907142857142857,44.414822349975836,82.17083259827247,99.5435158998757,249.31413955967682,4.2390438907514545,169.31413955967682,7475.668956158436,0,0.521283223294866,high,True
50.46446808510638,6.913492063492063,43.5560278661343,83.66718306898213,99.38503208045313,255.71966982882026,5.24818138396339,175.71966982882026,7519.594119985818,0,0.5143971561873638,high,True
50.46446808510638,6.919841269841269,46.224094921105376,83.33807768148657,91.85477983349325,263.19446300546275,5.645397439796567,183.19446300546275,7557.21779448205,0,0.504218796901516,high,True
50.46446808510638,6.926190476190476,42.81867907126519,81.84789484117152,101.00563194458985,258.9442548814018,3.2608718954301636,178.94425488140178,7588.166058668321,0,0.5292664859750554,high,True
50.46446808510638,6.932539682539682,45.547720278787416,85.7705277939927,101.21654796494298,259.48189700640324,6.047400121055588,179.48189700640324,7612.131334789538,0,0.5109005471579057,high,True
50.46446808510638,6.938888888888888,45.815934235214726,82.23959815237872,98.58812004601872,255.77536282336294,3.8228306869076825,175.77536282336294,7628.875445164858,0,0.5231025821333007,high,True
50.46446808510638,6.9452380952380945,45.325502634666854,82.26537300728859,95.08002714182092,270.52066431181026,4.501841915413763,190.52066431181026,7638.231979303754,0,0.5150677477057292,high,True
50.46446808510638,6.951587301587302,45.58002962399321,87.28463403351252,101.01934149435641,266.9030807750733,4.78267802939937,186.9030807750733,7640.107947765329,0,0.5191348212983606,high,True
50.46446808510638,6.957936507936508,46.2776801289273,85.01259716109925,102.09899150903095,266.40964419855396,4.037030296730314,186.40964419855396,7634.484706333026,0,0.5251854561974955,high,True
50.46446808510638,6.964285714285714,44.94451340715073,82.24400628870512,101.40805715322642,266.5739531148796,4.453534105543368,186.5739531148796,7621.418141306059,0,0.5217178297829372,high,True
50.46446808510638,6.970634920634921,44.360653964950686,80.90296245017467,96.5809560193498,264.03407849093975,5.701989205491892,184.03407849093975,7601.0381140785985,0,0.5085676946494039,high,True
50.46446808510638,6.976984126984127,45.63191765674102,82.40226253295091,100.89984588132947,259.4377880395972,4.540519398493646,179.4377880395972,7573.547170516569,0,0.5206297165580385,high,True
50.46446808510638,6.983333333333333,45.83044343372056,81.9076059678033,100.5165283387643,258.12821746046876,4.538912189186174,178.12821746046876,7539.218527968195,0,0.5202571137441898,high,True
50.46446808510638,6.98968253968254,46.29731216399188,82.63685995222747,100.70651404958622,255.14202174724582,4.965611686456553,175.14202174724582,7498.39335990584,0,0.5176024361398758,high,True
50.46446808510638,6.996031746031746,42.43221384407278,81.01310929524283,97.03339935297605,265.1851065402989,4.018206715004017,185.18510654029888,7451.477405191703,0,0.5202453545862826,high,True
50.46446808510638,7.002380952380952,44.76834061445162,82.29971710092181,102.38456746944473,254.41560978076885,4.681027382644503,174.41560978076885,7398.9369356607285,0,0.5211777182518147,high,True
50.46446808510638,7.008730158730159,43.4929049487803,82.48014198412957,99.93493063043792,247.66422315018704,5.302356804129032,167.66422315018704,7341.294122104962,0,0.5145858852695777,high,True
50.46446808510638,7.015079365079365,45.98382602647157,81.87676727333908,101.33492631948633,248.52230291503838,4.627134986935873,168.52230291503838,7279.1218447022175,0,0.5204873597399138,high,True
50.46446808510638,7.021428571428571,46.28753903346709,81.9433105861163,101.70213016935233,239.60450947935396,4.476346478880367,159.60450947935396,7213.037999477294,0,0.5218598203101499,high,True
50.46446808510638,7.027777777777778,44.84415777917801,83.22965044995058,99.5358653374737,246.5348516657541,3.814426572712488,166.5348516657541,7143.699357373314,0,0.5241063548527238,high,True
50.46446808510638,7.034126984126984,44.222869722090316,85.25825501257643,102.6708064529,234.6574729025872,3.733456143488098,154.6574729025872,7071.795036967714,0,0.527781098829646,high,True
50.46446808510638,7.04047619047619,46.2753542943416,82.3705001009993,97.03297878669565,236.0420400633591,3.310706077936559,156.0420400633591,6998.039655701276,0,0.5249616049337853,high,True
50.46446808510638,7.046825396825397,45.24473807517202,82.04288967166939,96.16199759106871,235.02308161418668,4.288255493441075,155.02308161418668,6923.166227688413,0,0.5175736276347949,high,True
50.46446808510638,7.053174603174603,47.649930065323325,85.9069120724736,103.54634180235998,229.03887583619067,4.397763422453939,149.03887583619067,6847.918878694372,0,0.5242279189860004,high,True
50.46446808510638,7.059523809523809,48.235577635858576,87.65241986229574,104.0771707100036,224.66986307048023,3.8758044516530803,144.66986307048023,6773.045450681508,0,0.5282384743656497,high,True
50.46446808510638,7.065873015873016,47.14275428195605,87.40125975980763,106.00552067828389,221.20975389816763,4.6559660837454135,141.20975389816763,6699.29006941507,0,0.5249657467866478,high,True
50.46446808510638,7.072222222222222,46.05515292957486,84.15889860719626,99.37439662067511,217.9267270830238,4.500432264935557,137.9267270830238,6627.38574900947,0,0.519371514854438,high,True
50.46446808510638,7.078571428571428,48.507258834285686,86.62010188095695,104.67747220263823,212.9699950726193,4.75194345973626,132.9699950726193,6558.047106905491,0,0.5229978491377298,high,True
50.46446808510638,7.084920634920635,46.19027020264685,90.64861190574834,108.32551048544005,210.76628886861056,4.047034861318443,130.76628886861056,6491.9632616805675,0,0.5313452780766503,high,True
50.46446808510638,7.091269841269841,45.16757988766652,80.09936996848819,96.30598844814983,215.9556583641377,3.7755119019963392,135.9556583641377,6429.790984277823,0,0.5211359091015075,high,True
50.46446808510638,7.097619047619047,44.926773668238376,82.81093328078896,104.10496421536921,207.28204339002005,4.735853642767315,127.28204339002005,6372.148170722056,0,0.5225326065969205,high,True
50.46446808510638,7.103968253968254,44.933554000704454,83.23792791336987,96.47704356007534,202.47556322259987,2.8563600520893666,122.47556322259987,6319.607701191082,0,0.5274346432128129,high,True
50.46446808510638,7.11031746031746,46.02329881651725,79.78726456822233,98.64158351352697,201.69532638823125,4.285833557766586,121.69532638823125,6272.691746476944,0,0.5191386422810557,high,True
50.46446808510638,7.116666666666666,46.76602316542993,84.21683878397467,103.44336408466543,206.55627674987355,3.9867217714981904,126.55627674987355,6231.86657841459,0,0.5268652189413441,high,True
50.46446808510638,7.123015873015873,43.98121679443629,80.80311107481131,99.07466953233698,203.51513199735868,3.80686800530944,123.51513199735868,6197.537935866215,0,0.5236955494969406,high,True
50.46446808510638,7.129365079365079,45.45673823750306,86.53554597304185,100.74054323056043,201.98460102514835,2.2007379527452455,121.98460102514835,6170.0469923041865,0,0.5360689568789254,high,True
50.46446808510638,7.135714285714285,46.46886620454164,85.13732940828376,101.69372009000831,197.92346775191837,4.057397919988948,117.92346775191837,6149.666965076726,0,0.5246444006234153,high,True
50.46446808510638,7.1420634920634924,47.12753352909214,86.29988523683099,104.16971417996356,200.74204400819747,3.2119308408595018,120.74204400819747,6136.600400049758,0,0.5327568419075669,high,True
50.46446808510638,7.148412698412699,46.128597616144866,85.42445578520696,108.92207261943774,195.6573695976868,5.1374965538307595,115.6573695976868,6130.977158617455,0,0.5246720955938994,high,True
50.46446808510638,7.154761904761905,46.53244616156042,82.78785863902462,99.92189079900967,197.26552252564562,3.5686520739749925,117.26552252564562,6132.853127079031,0,0.5261308769725097,high,True
50.46446808510638,7.161111111111111,44.29894006197155,82.90425366140994,100.50490804035472,202.5444508389922,3.1483593510985157,122.54445083899219,6142.209661217926,0,0.5295158456996979,high,True
50.46446808510638,7.167460317460318,44.773034696891536,82.47144142727419,94.74741897390464,202.8102055777695,2.7636604269839755,122.8102055777695,6158.9537715932465,0,0.5263230161273448,high,True
50.46446808510638,7.173809523809524,46.02656731706512,85.0033740518845,102.04238359317353,196.31578697905238,3.677785648598126,116.31578697905238,6182.919047714464,0,0.5275238126025193,high,True
50.46446808510638,7.18015873015873,46.85427373180684,84.69233103634747,101.26266464564688,198.02807701769336,4.09074887879344,118.02807701769336,6213.867311900735,0,0.5239910054536906,high,True
50.46446808510638,7.186507936507937,46.39979762810863,84.31149791521553,102.62414347833102,203.36015507255343,3.899284927388992,123.36015507255343,6251.490986396966,0,0.5266289106290711,high,True
50.46446808510638,7.192857142857143,44.73824976883044,81.80894413138151,104.36151813998201,211.5633777560321,3.216231678804638,131.5633777560321,6295.416150224348,0,0.5329199736146177,high,True
50.46446808510638,7.199206349206349,45.61003882468912,82.93446185096542,105.25359333468599,198.97622533764044,4.173185655887187,118.97622533764044,6345.206255370357,0,0.5274323556287713,high,True
50.46446808510638,7.205555555555556,48.181345811521,84.55648505650304,102.44786468749892,209.96317795270704,2.8513447503922267,129.96317795270704,6400.3664653998485,0,0.533438899684884,high,True
50.46446808510638,7.211904761904762,46.67459817740266,84.30140994045705,103.85214085050453,205.77206540783106,2.343328969180445,125.77206540783106,6460.348573364932,0,0.5382299477226349,high,True
50.46446808510638,7.218253968253968,45.55559073877666,85.41657100764473,103.06519638287382,211.3613290848939,3.517610404597563,131.3613290848939,6524.55645012828,0,0.5296144603522234,high,True
50.46446808510638,7.224603174603175,44.19903828527575,82.41204172302386,101.51360579246068,215.23803104081236,3.094039575669221,135.23803104081236,6592.3519689633285,0,0.5308866752879992,high,True
50.46446808510638,7.230952380952381,44.604046152502576,81.587081271402,95.27131205251058,217.96182699378818,3.3792200668720316,137.96182699378818,6663.061347546062,0,0.5227431782733637,high,True
50.46446808510638,7.237301587301587,45.61889310321592,85.69270803643496,106.2027536483828,220.58192475252753,3.428324875840642,140.58192475252753,6735.981844304497,0,0.5333472544761118,high,True
50.46446808510638,7.243650793650794,45.95711484243173,82.76831017248648,101.79163852948403,225.91630986157423,3.4561290366594117,145.91630986157423,6810.388742580663,0,0.528750778285088,high,True
50.46446808510638,7.25,46.32568381712792,84.80814031814424,104.33586052186195,226.98401168549742,4.346304049579966,146.98401168549742,6885.5425531913925,0,0.5253605001913288,high,True
50.46085106382979,6.85,45.71779269870317,83.24632635952581,102.24461818158065,241.17289567558763,5.8220292939375655,161.17289567558763,7287.031914892836,0,0.5134310895553302,high,True
50.46085106382979,6.856349206349206,44.518413332601064,77.64563172585261,96.06245634145111,253.60510134680058,4.948357522199702,173.60510134680058,7362.185725503565,0,0.5027730449940582,high,True
50.46085106382979,6.862698412698412,44.246252273045734,82.34026054987403,97.52046254742669,256.9605963874778,4.227118303852511,176.96059638747778,7436.592623779731,0,0.5193396738550766,high,True
50.46085106382979,6.869047619047619,48.02429711021097,86.94768715738061,106.72674983342151,260.7498924033913,5.409461924058841,180.7498924033913,7509.513120538166,0,0.5206636703396958,high,True
50.46085106382979,6.875396825396825,44.06232101034173,81.86700779009985,104.52943948866546,254.57034157484844,4.118288675918483,174.57034157484844,7580.2224991209005,0,0.5270741816492088,high,True
50.46085106382979,6.881746031746031,42.90548432934168,82.56866955110499,104.84606274612915,265.17627105786426,4.7352332958727805,185.17627105786426,7648.018017955948,0,0.5232778407736439,high,True
50.46085106382979,6.888095238095238,42.33425826742543,74.5856277156029,88.17331106239294,269.78664851072796,4.3471711831641215,189.78664851072796,7712.225894719296,0,0.48550429109706145,moderate,True
50.46085106382979,6.894444444444444,44.21554914317937,84.77965006489538,101.48140244520445,265.8793265225016,4.170552607982757,185.87932652250157,7772.20800268438,0,0.5236777183919861,high,True
50.46085106382979,6.90079365079365,46.11239458877292,82.95555567069604,100.58183389054018,272.7473583402878,4.764388840606053,192.7473583402878,7827.368212713871,0,0.5188192416198332,high,True
50.46085106382979,6.907142857142857,43.80001481510338,78.2597366837655,96.98794953009568,274.70507207248477,5.312848640624838,194.70507207248477,7877.15831785988,0,0.5039553065840707,high,True
50.46085106382979,6.913492063492063,46.846456915641745,84.50078758173811,103.1516777287006,284.72145295038825,4.659640250153592,204.72145295038825,7921.083481687262,0,0.5220874093943433,high,True
50.46085106382979,6.919841269841269,44.59050046093895,83.18194281494098,99.44634781554879,286.93006561595007,4.5476570763285356,206.93006561595007,7958.707156183493,0,0.5191286339733585,high,True
50.46085106382979,6.926190476190476,46.2422019200092,84.91401686022868,100.31753907895607,274.12713805492297,4.852821462363691,194.12713805492297,7989.655420369765,0,0.5179653959965315,high,True
50.46085106382979,6.932539682539682,43.42310315161306,78.25731518490227,92.94086551191485,291.96660006701984,4.678173440601814,211.96660006701984,8013.620696490982,0,0.5041287965085168,high,True
50.46085106382979,6.938888888888888,43.433690018123805,81.71797102173552,96.53625303111417,279.1749733070866,5.193687253028323,199.1749733070866,8030.364806866302,0,0.5119116713442586,high,True
50.46085106382979,6.9452380952380945,44.67651541128709,77.1019804320158,97.52282991982045,287.23151087916216,3.420060089345071,207.23151087916216,8039.721341005197,0,0.5120435937142557,high,True
50.46085106382979,6.951587301587302,45.262362678133506,81.78624818183619,102.94180331533548,287.28569983638783,4.803916389875561,207.28569983638783,8041.597309466773,0,0.5209156940494983,high,True
50.46085106382979,6.957936507936508,44.2743408213502,78.93957071462034,96.12406566501485,279.1365785633532,4.338711451281193,199.13657856335323,8035.97406803447,0,0.5125599445329376,high,True
50.46085106382979,6.964285714285714,44.99135271769028,82.69907835635412,94.85768179828997,284.4323999833648,3.8053480118812506,204.4323999833648,8022.907503007502,0,0.5194886950524149,high,True
50.46085106382979,6.970634920634921,45.4508222867564,85.57413910778499,100.55884656625656,281.00191388848356,4.734160064009021,201.00191388848356,8002.527475780042,0,0.5189977794728631,high,True
50.46085106382979,6.976984126984127,42.45822290741335,78.96876246080191,101.67702539879191,282.2677939836811,4.46680549957146,202.2677939836811,7975.036532218013,0,0.5173866578343238,high,True
50.46085106382979,6.983333333333333,44.10375970125742,79.25086773944608,101.09598041285123,279.2546304383793,4.022461473979178,199.2546304383793,7940.707889669639,0,0.5210021169464,high,True
50.46085106382979,6.98968253968254,43.868428427272285,78.67084807201847,90.46177797638833,281.0831932039529,5.253098092524126,201.08319320395287,7899.882721607284,0,0.4996260843413083,moderate,True
50.46085106382979,6.996031746031746,43.97742072090168,80.61351361046661,98.38491260492884,274.2748030813103,3.3085230352961683,194.27480308131032,7852.966766893147,0,0.526328092369621,high,True
50.46085106382979,7.002380952380952,45.33365879343829,81.04167252316728,100.92740664518233,270.714826370726,4.068949882286547,190.71482637072597,7800.426297362172,0,0.5238010740966054,high,True
50.46085106382979,7.008730158730159,44.01116135418173,80.07370695093094,98.58890223082483,272.95245556112644,4.713889574736779,192.95245556112644,7742.7834838064055,0,0.5171629717325796,high,True
50.46085106382979,7.015079365079365,41.809633502880544,82.29406365803052,98.5251495116974,267.8736461370203,4.824948116241218,187.87364613702027,7680.6112064036615,0,0.516358828736756,high,True
50.46085106382979,7.021428571428571,44.51487162567157,81.38083373765056,95.22028009396854,265.3000785660445,5.040867352745144,185.30007856604448,7614.527361178737,0,0.5116144977423343,high,True
50.46085106382979,7.027777777777778,43.328488358398694,82.04466904129819,98.61841273191075,256.40819074496204,3.501433596011878,176.40819074496204,7545.188719074758,0,0.5252755220918315,high,True
50.46085106382979,7.034126984126984,45.72760471446981,80.784116582275,94.79781262985472,251.48880352603567,4.921863546627247,171.48880352603567,7473.284398669158,0,0.511985388985673,high,True
50.46085106382979,7.04047619047619,46.251699105114504,89.01095009658451,109.7752248332865,249.94863266219136,3.871697976258297,169.94863266219136,7399.5290174027205,0,0.5339639049915645,high,True
50.46085106382979,7.046825396825397,41.84243633731245,80.9586668247675,93.5801305691645,246.26860216345992,4.609811050249013,166.26860216345992,7324.655589389856,0,0.5128480569008377,high,True
50.46085106382979,7.053174603174603,44.00574768189092,83.39116772706828,98.1979698290564,248.44726464898326,4.013160561831135,168.44726464898326,7249.408240395816,0,0.5214435660835155,high,True
50.46085106382979,7.059523809523809,45.759846774266634,81.8055264802664,105.46134308090845,245.80947892801393,3.306728636280466,165.80947892801393,7174.534812382952,0,0.5334164855057053,high,True
50.46085106382979,7.065873015873016,43.17880617866786,79.94570642037387,98.99800339224234,237.97330156076916,4.294690797473744,157.97330156076916,7100.779431116514,0,0.5201291969982197,high,True
50.46085106382979,7.072222222222222,46.52743320778332,83.38829158550959,99.41016996387576,241.1218374292393,4.973327095338543,161.1218374292393,7028.875110710914,0,0.5162546559949521,high,True
50.46085106382979,7.078571428571428,46.98707590819849,81.98754268639118,94.11767347655469,237.82120929137722,5.148442119240542,157.82120929137722,6959.536468606934,0,0.509794726014951,high,True
50.46085106382979,7.084920634920635,45.22741970338058,84.75786469799067,101.4965060254346,230.44145432004782,5.2812966273067925,150.44145432004782,6893.452623382011,0,0.5162878618433893,high,True
50.46085106382979,7.091269841269841,44.363957838032405,84.11763937949648,102.47324529044754,223.4963385960258,2.8064486702950204,143.4963385960258,6831.280345979266,0,0.5337635874884807,high,True
50.46085106382979,7.097619047619047,42.1097729285424,83.46525441809386,99.12990243347842,230.61871805161167,4.3842335023886605,150.61871805161167,6773.6375324235,0,0.5199016790842207,high,True
50.46085106382979,7.103968253968254,46.84328481765515,83.77953414723578,101.36800578317198,221.84300003589902,4.076998797897995,141.84300003589902,6721.097062892525,0,0.5241880137971853,high,True
50.46085106382979,7.11031746031746,48.66794343498589,87.1665120121694,103.86605312913039,220.61500403051258,4.230896319991746,140.61500403051258,6674.181108178388,0,0.5256600776625188,high,True
50.46085106382979,7.116666666666666,48.39426785001954,86.14082156698393,105.71091724804614,217.04308909872805,2.870489509273874,137.04308909872805,6633.355940116033,0,0.5365743205195537,high,True
50.46085106382979,7.123015873015873,45.439296339388655,84.92127654916808,103.04026666420887,213.41355618064472,3.311937639500524,133.41355618064472,6599.027297567659,0,0.530960682400872,high,True
50.46085106382979,7.129365079365079,44.11763661317046,83.66485557983846,104.66004449085943,209.95930529614543,3.2676282127245475,129.95930529614543,6571.5363540056305,0,0.5328758564060291,high,True
50.46085106382979,7.135714285714285,47.0315965876945,85.8736793604165,107.69495595193231,217.52413112750892,4.316628814286902,137.52413112750892,6551.156326778169,0,0.5289174305233529,high,True
50.46085106382979,7.1420634920634924,45.59674946267227,83.41674706022783,97.91154011587238,211.32109324062267,4.014761430382127,131.32109324062267,6538.089761751202,0,0.5211464639133249,high,True
50.46085106382979,7.148412698412699,46.50937411999645,84.57179811650829,101.79773996416509,226.46163983588468,4.19852231469814,146.46163983588468,6532.466520318899,0,0.5238075911995108,high,True
50.46085106382979,7.154761904761905,46.244594303304254,85.8218355679218,97.26978641323825,209.95632323830182,3.8000209140237953,129.95632323830182,6534.342488780474,0,0.5219363136530796,high,True
50.46085106382979,7.161111111111111,45.921450241322994,86.34934099675857,101.46195032335098,209.65597351483035,3.30891979784391,129.65597351483035,6543.69902291937,0,0.5294024850043916,high,True
50.46085106382979,7.167460317460318,47.30949047774027,83.30253857006977,102.85181876756246,217.41621050824187,3.3860628853884425,137.41621050824187,6560.443133294691,0,0.5302780661983062,high,True
50.46085106382979,7.173809523809524,47.34348583098195,87.13728850553431,102.09792669650535,222.48376967195568,4.650149963828714,142.48376967195568,6584.408409415907,0,0.5210969269376472,high,True
50.46085106382979,7.18015873015873,44.932978884300745,83.8283273686763,97.27064821811783,217.90979625052447,4.751819402589266,137.90979625052447,6615.3566736021785,0,0.515591852200856,high,True
50.46085106382979,7.186507936507937,44.29848008528959,82.3918255119096,98.24245876136524,221.5105962834544,4.304472313896838,141.5105962834544,6652.98034809841,0,0.5195459766687196,high,True
50.46085106382979,7.192857142857143,41.89514298757758,77.86007147391088,99.60195336360121,213.69187962009858,2.7396373568523797,133.69187962009858,6696.905511925792,0,0.5219755170162788,high,True
50.46085106382979,7.199206349206349,45.08025135547452,82.34762663369952,95.56050261704061,220.46141469927554,3.6269043793811,140.46141469927554,6746.6956170718,0,0.5213811400878333,high,True
50.46085106382979,7.205555555555556,43.9107228371879,81.58158949316805,98.30243385456644,221.22767518282015,2.9969846061016367,141.22767518282015,6801.855827101292,0,0.5283225364805555,high,True
50.46085106382979,7.211904761904762,46.12683908168613,82.65984155796804,94.99861947560119,220.51984282705232,5.365121773054981,140.51984282705232,6861.837935066376,0,0.5092311409885679,high,True
50.46085106382979,7.218253968253968,44.93830190265794,83.58044030606013,101.56897642033613,231.35253001372783,4.1389508805942805,151.35253001372783,6926.045811829724,0,0.5239759705497076,high,True
50.46085106382979,7.224603174603175,45.04237747582486,82.28989152825778,97.53347782959924,224.88162000565154,3.865590125474773,144.88162000565154,6993.841330664772,0,0.5217628769931008,high,True
50.46085106382979,7.230952380952381,46.54089650041021,81.89671090045724,100.56154293710348,231.6908515187838,5.242793988040862,151.6908515187838,7064.550709247505,0,0.515609583016831,high,True
50.46085106382979,7.237301587301587,45.85692036887084,82.30161503234672,103.97209635878463,238.0882821634008,5.039589362188795,158.0882821634008,7137.471206005941,0,0.5203748339441926,high,True
50.46085106382979,7.243650793650794,45.023411303127475,79.63754124704897,97.38810849120472,240.27021509127033,4.344371591670492,160.27021509127033,7211.8781042821065,0,0.5168398741692407,high,True
50.46085106382979,7.25,47.66545283602284,83.9408969701193,104.96172985675233,248.6083592238325,4.721219124654195,168.6083592238325,7287.031914892836,0,0.523486935692391,high,True
50.457234042553196,6.85,45.91823018236856,85.13146856054573,100.08538308090257,267.1567707449543,5.22951484377458,187.15677074495431,7688.521276595068,0,0.515221950789072,high,True
50.457234042553196,6.856349206349206,44.12820610884035,84.75382290286669,101.00752905140571,273.16235709077046,4.358276325708688,193.16235709077046,7763.675087205797,0,0.5219523535466811,high,True
50.457234042553196,6.862698412698412,44.13723810514456,78.63843724532174,97.61844741532963,276.2481098467682,5.002531826830979,196.24810984676822,7838.081985481964,0,0.508311398184739,high,True
50.457234042553196,6.869047619047619,45.82048431121262,78.67184100539029,93.6614384918872,281.41408733047405,4.403156720313086,201.41408733047405,7911.002482240398,0,0.5084963647550491,high,True
50.457234042553196,6.875396825396825,44.88817134979338,82.61659126622023,98.84173828113151,280.3778362061707,5.655772977320427,200.37783620617068,7981.711860823132,0,0.5111365850989953,high,True
50.457234042553196,6.881746031746031,42.85082341371885,78.8855995450736,98.0355319302885,285.01792605748466,5.142607814137162,205.01792605748466,8049.507379658181,0,0.5088759778457378,high,True
50.457234042553196,6.888095238095238,45.8264087606566,84.65403289624973,97.57428618038162,289.1144164277836,3.8993644798008114,209.11441642778362,8113.7152564215285,0,0.5215785229817095,high,True
50.457234042553196,6.894444444444444,46.32548642860149,84.27016374075905,106.96421824027559,290.7078857062057,5.538808948764699,210.70788570620567,8173.697364386612,0,0.5200388252485109,high,True
50.457234042553196,6.90079365079365,46.170908334857685,82.92047883444411,101.44816869500411,291.39832924669224,4.63158403915729,211.39832924669224,8228.857574416104,0,0.5205709417672888,high,True
50.457234042553196,6.907142857142857,46.67634965481261,85.33509673461792,102.76785962312118,294.24256350911537,3.705001269402318,214.24256350911537,8278.647679562113,0,0.5280678511604391,high,True
50.457234042553196,6.913492063492063,47.43392414466986,80.08442483635157,98.76897811987243,294.59575260671767,3.1085941882069057,214.59575260671767,8322.572843389495,0,0.5280450168651597,high,True
50.457234042553196,6.919841269841269,46.89771102739942,81.32104857463835,100.79563543559728,301.52671001944327,3.564408603324331,221.52671001944327,8360.196517885726,0,0.5270329114134351,high,True
50.457234042553196,6.926190476190476,44.79136029500751,84.8050859838517,104.49073654460784,301.09482956400035,5.845496668184499,221.09482956400035,8391.144782071997,0,0.5155207587567111,high,True
50.457234042553196,6.932539682539682,43.95043570672287,83.00763853578616,106.91179493484402,300.0850522831943,3.7746128786235005,220.08505228319427,8415.110058193213,0,0.531747709077354,high,True
50.457234042553196,6.938888888888888,41.50662538776888,80.25532699469431,96.38728290204031,300.9760424143991,5.369750096633892,220.9760424143991,8431.854168568534,0,0.510588948924481,high,True
50.457234042553196,6.9452380952380945,44.260607422126746,84.69602152427673,98.8497012264016,299.2799998983267,5.377807334113573,219.2799998983267,8441.21070270743,0,0.5129976523323111,high,True
50.457234042553196,6.951587301587302,45.02166288322728,79.507357294027,98.10034797799024,308.1365884808022,3.896220733526956,228.13658848080217,8443.086671169005,0,0.5199702312491786,high,True
50.457234042553196,6.957936507936508,44.31232632754094,80.08057955635721,100.38945267593215,304.23712284547247,5.3971682419444305,224.23712284547247,8437.463429736703,0,0.5144083310629692,high,True
50.457234042553196,6.964285714285714,41.42405983000396,79.39656250778467,95.64621989070301,299.77843946932154,4.780531621322511,219.77843946932154,8424.396864709735,0,0.5111359700534441,high,True
50.457234042553196,6.970634920634921,43.841142426101364,85.29220960357907,100.53300731338106,305.38507718409676,4.569204002634161,225.38507718409676,8404.016837482273,0,0.52007164729582,high,True
50.457234042553196,6.976984126984127,45.25893817104407,84.6567370350152,98.84409181948561,298.4580827301694,4.800974495310596,218.4580827301694,8376.525893920245,0,0.5168375951840816,high,True
50.457234042553196,6.983333333333333,42.77697032609681,79.52352650666725,95.57196064141736,293.26863957206615,3.9925970922466294,213.26863957206615,8342.197251371872,0,0.5168700751597758,high,True
50.457234042553196,6.98968253968254,44.59413469912676,80.7377309993287,101.9915268001902,300.84231397556476,4.89278397374513,220.84231397556476,8301.372083309516,0,0.5193729669752226,high,True
50.457234042553196,6.996031746031746,45.02742052653167,83.40440640250742,105.9409387682451,292.1659118359075,4.593337116229692,212.16591183590748,8254.456128595379,0,0.5253186913267138,high,True
50.457234042553196,7.002380952380952,46.095675688819455,84.09289691026335,101.69368037912002,289.95912077981444,5.749263309539836,209.95912077981444,8201.915659064405,0,0.513365258315521,high,True
50.457234042553196,7.008730158730159,47.03043281726952,87.89074591070207,103.2419345220462,288.79572592295733,4.189497347476248,208.79572592295733,8144.272845508638,0,0.5253119522055378,high,True
50.457234042553196,7.015079365079365,43.94129632594065,82.18494716563082,97.01030531149556,290.02819912731667,4.929545696215969,210.02819912731667,8082.100568105893,0,0.5141466673367224,high,True
50.457234042553196,7.021428571428571,44.833506299244874,82.9574463140151,98.17369408379778,282.1918474895651,4.654859158998182,202.19184748956508,8016.01672288097,0,0.5171412996904765,high,True
50.457234042553196,7.027777777777778,44.93320774768151,81.25668066012028,95.34186042998726,273.8338150713718,4.911323288227823,193.83381507137182,7946.678080776991,0,0.5125997051751351,high,True
50.457234042553196,7.034126984126984,45.63983619461654,86.31198434631534,106.43947987199635,277.22750153324864,4.784596588897103,197.22750153324864,7874.77376037139,0,0.524542169279349,high,True
50.457234042553196,7.04047619047619,45.528986255254566,82.02272330190554,102.08175377544687,269.47541873984443,4.823955465678928,189.47541873984443,7801.018379104953,0,0.5199220506709207,high,True
50.457234042553196,7.046825396825397,46.918904423676345,83.74969596400334,101.42295893532923,275.31033370262406,4.928692187713344,195.31033370262406,7726.144951092088,0,0.5185650110172402,high,True
50.457234042553196,7.053174603174603,41.34381202318965,75.25540952492814,92.15655767237297,264.1146881007364,4.588194588181834,184.11468810073637,7650.897602098048,0,0.4908110104227213,moderate,True
50.457234042553196,7.059523809523809,45.52741158880727,84.98910132971034,102.03650551879215,251.59299385823425,3.9281294253893133,171.59299385823425,7576.024174085184,0,0.5258489760161967,high,True
50.457234042553196,7.065873015873016,45.69077713995363,79.97489999268333,96.39327743234922,258.4645932670314,4.277246037793387,178.46459326703138,7502.268792818747,0,0.5177684913150495,high,True
50.457234042553196,7.072222222222222,44.66513817093265,84.97679631052796,101.74903037334171,261.43625590570696,4.692871321710522,181.43625590570696,7430.364472413146,0,0.5204632215619382,high,True
50.457234042553196,7.078571428571428,41.67870644157936,77.02418252764156,96.1570706302812,256.7355890578396,3.66923569072994,176.7355890578396,7361.025830309167,0,0.50867629791718,high,True
50.457234042553196,7.084920634920635,45.037762178989276,80.470918868467,98.11614357163674,254.70934537558202,5.15346608445916,174.70934537558202,7294.941985084243,0,0.5137597030085757,high,True
50.457234042553196,7.091269841269841,44.11513540905677,83.31652052690856,97.80609879162145,240.46550725268955,4.584556940521091,160.46550725268955,7232.769707681498,0,0.5172423858548142,high,True
50.457234042553196,7.097619047619047,47.746222299434564,87.66537923926826,106.70871310379198,245.58087607023856,3.5717726502046787,165.58087607023856,7175.126894125732,0,0.5328968954357608,high,True
50.457234042553196,7.103968253968254,45.836566685826746,79.75867134356648,96.57384808439895,236.68144592030046,3.6352626935716206,156.68144592030046,7122.586424594758,0,0.5212829505886915,high,True
50.457234042553196,7.11031746031746,44.120243010835345,81.3773433445636,100.46135184275164,238.37136081092046,3.890403964734735,158.37136081092046,7075.670469880621,0,0.5245253254111867,high,True
50.457234042553196,7.116666666666666,42.26936174804142,81.58869379153825,98.49345379352359,230.57044815961754,4.385349675404394,150.57044815961754,7034.845301818265,0,0.5192577892908276,high,True
50.457234042553196,7.123015873015873,46.26370565013665,84.00828979794727,98.38632700172819,231.56893994678774,5.17306267785367,151.56893994678774,7000.5166592698915,0,0.5138992424827037,high,True
50.457234042553196,7.129365079365079,46.44567815226185,83.70865257692859,99.76249572153604,230.23348843249164,4.8223570823990825,150.23348843249164,6973.025715707862,0,0.5176134485055421,high,True
50.457234042553196,7.135714285714285,45.09539297685788,84.56378622178332,103.14527099513853,235.64001773892446,4.389631297116585,155.64001773892446,6952.645688480402,0,0.5238810623476946,high,True
50.457234042553196,7.1420634920634924,46.33588175153419,82.26820450457795,99.66395920952601,234.67771077094324,4.6746177692963204,154.67771077094324,6939.5791234534345,0,0.5184998407475505,high,True
50.457234042553196,7.148412698412699,44.9128358400015,85.78601590911134,98.24273349430085,232.3367281589807,3.4999996103419746,152.3367281589807,6933.9558820211305,0,0.5249094027586877,high,True
50.457234042553196,7.154761904761905,47.03443844929069,83.70947382515197,100.03490085290574,225.90960431360523,4.481434029920549,145.90960431360523,6935.831850482707,0,0.5201586739867687,high,True
50.457234042553196,7.161111111111111,46.914538204236095,83.8238437248076,104.24593334113375,230.47324970363962,5.687939302022034,150.47324970363962,6945.188384621602,0,0.5163263379943202,high,True
50.457234042553196,7.167460317460318,42.952642862244296,82.12960672216212,99.81381662059195,229.46778399706417,3.645631998294992,149.46778399706417,6961.932494996922,0,0.5255096032986253,high,True
50.457234042553196,7.173809523809524,43.297571036674846,81.37422270162682,95.56660412458902,236.9823416754476,3.204657810183595,156.9823416754476,6985.89777111814,0,0.524202218723365,high,True
50.457234042553196,7.18015873015873,48.41067729915694,82.10134361815238,94.77915616269755,239.57946532679654,3.499845650049372,159.57946532679654,7016.846035304411,0,0.521446851829035,high,True
50.457234042553196,7.186507936507937,46.72984506729506,83.13412955272631,99.86879383467807,240.75748258758688,4.900277710047481,160.75748258758688,7054.469709800643,0,0.5172002757676948,high,True
50.457234042553196,7.192857142857143,43.40057220042477,83.02655290621203,97.24133469886618,235.46644614419745,5.459858810923251,155.46644614419745,7098.394873628024,0,0.5108422759593778,high,True
50.457234042553196,7.199206349206349,42.89641982292209,77.68683857310211,90.70142740689528,229.76033677876384,4.287749006925878,149.76033677876384,7148.184978774033,0,0.5019963527847111,high,True
50.457234042553196,7.205555555555556,45.51725296271495,81.60694370647985,97.28721067704923,236.14061591114893,5.7832364318078975,156.14061591114893,7203.345188803524,0,0.5087323011316632,high,True
50.457234042553196,7.211904761904762,43.442032824310104,79.26193567478784,95.98529530569537,251.62435513124643,5.520150004814101,171.62435513124643,7263.327296768608,0,0.5059552638507981,high,True
50.457234042553196,7.218253968253968,44.62724163192873,80.65899865429638,92.20908411860185,247.27957883834307,5.084426302866327,167.27957883834307,7327.535173531956,0,0.5083129087661596,high,True
50.457234042553196,7.224603174603175,44.97566951980523,84.34012639327993,107.3158971420979,249.02125129741094,4.8830858679531906,169.02125129741094,7395.330692367004,0,0.5247619913557433,high,True
50.457234042553196,7.230952380952381,44.85332253702509,85.45363496218806,102.81843962626299,261.900085071831,5.08355486483916,181.90008507183097,7466.040070949738,0,0.5189280738606685,high,True
50.457234042553196,7.237301587301587,46.61990883546257,84.29191677412766,100.93583349938484,263.83167944905284,4.389888501503246,183.83167944905284,7538.960567708174,0,0.5216699101560298,high,True
50.457234042553196,7.243650793650794,47.62270754480902,80.6232262945093,93.89623154670056,262.41506363711494,3.8788321706787072,182.41506363711494,7613.367465984339,0,0.5180373504088425,high,True
50.457234042553196,7.25,44.09263002862077,79.80880410783345,95.72109868378942,264.7608376130885,4.773983884107568,184.76083761308848,7688.521276595068,0,0.5130580574281769,high,True
50.4536170212766,6.85,42.80610911230826,79.81830904041743,93.84471356878544,285.33180338775367,4.571780533267003,205.33180338775367,8090.010638297301,0,0.512571278732165,high,True
50.4536170212766,6.856349206349206,45.0292460444116,80.18615486853452,92.73353447532753,290.61138601021923,4.93532851609901,210.61138601021923,8165.16444890803,0,0.5098313443680007,high,True
50.4536170212766,6.862698412698412,46.83815065809135,85.17546820592577,101.03546734240962,299.9422647375528,5.572394176330802,219.94226473755282,8239.571347184195,0,0.5138861728335377,high,True
50.4536170212766,6.869047619047619,43.73265553496258,82.61117732069664,98.77964968255056,299.0283803790269,4.1451069864832455,219.02838037902688,8312.491843942631,0,0.5211456031059956,high,True
50.4536170212766,6.875396825396825,45.56164839768069,84.40375931727476,101.12817077705253,303.95588968398727,4.796026266420214,223.95588968398727,8383.201222525366,0,0.5191546623342511,high,True
50.4536170212766,6.881746031746031,42.9815798115208,81.06320364481581,91.781195187693,309.3186323965104,4.796297546768487,229.3186323965104,8450.996741360414,0,0.5098058782092364,high,True
50.4536170212766,6.888095238095238,44.22332720015676,79.2905229846769,95.13313911759631,303.38931964793744,5.164700278156398,223.38931964793744,8515.20461812376,0,0.5075978419878484,high,True
50.4536170212766,6.894444444444444,42.405993378999774,82.78194978151723,98.86181565560406,314.31186410624093,4.759591539332564,234.31186410624093,8575.186726088845,0,0.517131205393387,high,True
50.4536170212766,6.90079365079365,44.126339502807156,85.96417881181239,99.22679421970696,313.09930610583683,4.948883153221728,233.09930610583683,8630.346936118336,0,0.5162342398648954,high,True
50.4536170212766,6.907142857142857,43.900601492875964,79.47173267832451,98.52568390119664,306.9241813554532,5.6487317192346005,226.9241813554532,8680.137041264345,0,0.5085563029073024,high,True
50.4536170212766,6.913492063492063,44.956940287988,82.57900754059028,100.19197259650053,310.88047741533813,5.706239472241778,230.88047741533813,8724.062205091726,0,0.5121503761148887,high,True
50.4536170212766,6.919841269841269,46.68583281366214,86.39277305634585,99.66907676756851,317.3899669849548,4.265450166317436,237.3899669849548,8761.685879587958,0,0.5212327423254522,high,True
50.4536170212766,6.926190476190476,43.41408908206405,78.4393012477023,98.69376958403976,325.2961433061301,4.642238211516432,245.2961433061301,8792.63414377423,0,0.5109174577992944,high,True
50.4536170212766,6.932539682539682,40.98139469958987,73.8192497104227,86.67404888172389,324.9538342880575,6.073483714161113,244.95383428805752,8816.599419895447,0,0.46914337493708236,moderate,True
50.4536170212766,6.938888888888888,43.6663727993841,80.40653343331826,94.99575599264696,326.16566751971953,5.672317472670264,246.16566751971953,8833.343530270768,0,0.5071803061748452,high,True
50.4536170212766,6.9452380952380945,44.41211182885266,82.32048497026526,102.16545232864449,333.7521793471315,5.341553579377018,253.75217934713152,8842.700064409662,0,0.5165550951327977,high,True
50.4536170212766,6.951587301587302,44.26470459248546,82.65988363626198,99.54603296411925,320.97641335865603,4.675787508134653,240.97641335865603,8844.576032871239,0,0.5183741162432215,high,True
50.4536170212766,6.957936507936508,43.72956076006057,79.10730473850307,95.284434866976,325.63026494655696,5.108346118725565,245.63026494655696,8838.952791438935,0,0.5073232523064232,high,True
50.4536170212766,6.964285714285714,46.20620191352207,84.58121341804156,103.6784403557663,326.23172587779754,5.845834983235042,246.23172587779754,8825.886226411967,0,0.5147062071341993,high,True
50.4536170212766,6.970634920634921,44.19291572906666,78.51135785185667,93.68269368877736,320.9386645389977,4.119199982707073,240.93866453899773,8805.506199184507,0,0.509708551072603,high,True
50.4536170212766,6.976984126984127,43.85029279331914,79.32378851470231,93.03652376103767,322.4766224531955,5.001902905465489,242.4766224531955,8778.015255622478,0,0.5067320791430903,high,True
50.4536170212766,6.983333333333333,42.86461184894764,80.86785834438137,96.10746880677172,314.07157909435756,5.813187400245199,234.07157909435756,8743.686613074104,0,0.5073528861384704,high,True
50.4536170212766,6.98968253968254,41.43940352591057,79.17400994678786,96.49305249943257,323.87067274332617,4.516208863797887,243.87067274332617,8702.86144501175,0,0.5127712869246435,high,True
50.4536170212766,6.996031746031746,44.58601672775957,80.19291419128375,98.98395147785793,312.9429699688174,5.511865872735731,232.9429699688174,8655.945490297612,0,0.5122381789929531,high,True
50.4536170212766,7.002380952380952,44.497143437524876,83.35562269643336,106.37166072510678,320.9427457913036,4.610028798550362,240.9427457913036,8603.405020766637,0,0.5256381354014377,high,True
50.4536170212766,7.008730158730159,42.58072630221347,83.34340742089896,100.58510012134465,309.57794925787533,5.216018520671718,229.57794925787533,8545.76220721087,0,0.5158116433168665,high,True
50.4536170212766,7.015079365079365,44.147397668012346,79.91830445686713,96.63259793909448,310.48986995564474,4.939051497112889,230.48986995564474,8483.589929808126,0,0.5133481699571356,high,True
50.4536170212766,7.021428571428571,44.04557456709522,79.29376607453986,91.33404959040905,302.6513936867957,5.23695278705021,222.6513936867957,8417.506084583201,0,0.5033312575861862,high,True
50.4536170212766,7.027777777777778,43.374753499340045,81.11380356132312,97.95396734122438,299.08508788818835,5.5370069028805355,219.08508788818835,8348.167442479224,0,0.5110405879886875,high,True
50.4536170212766,7.034126984126984,43.17400769516816,82.01448172737042,92.15725830110344,293.11204854840395,4.558409435524655,213.11204854840395,8276.263122073622,0,0.5117678620642724,high,True
50.4536170212766,7.04047619047619,45.02590870407823,78.42249049107555,98.5501014830599,292.10176325536713,4.601221439914066,212.10176325536713,8202.507740807185,0,0.5109736877820883,high,True
50.4536170212766,7.046825396825397,44.13521895641948,81.42681401298343,97.0082084395979,289.05141620380795,4.013505951812263,209.05141620380795,8127.634312794321,0,0.5202515020941828,high,True
50.4536170212766,7.053174603174603,43.6439015737421,83.24171612949331,100.8495505939353,280.8128658667452,5.332592187816367,200.8128658667452,8052.386963800281,0,0.5152989360084929,high,True
50.4536170212766,7.059523809523809,43.2945883767158,80.52600291412634,95.56289329093354,279.67458480870215,5.622996865770335,199.67458480870215,7977.513535787416,0,0.5080762475191313,high,True
50.4536170212766,7.065873015873016,44.44849782289556,79.1522959222571,97.49074996212326,274.0500820730118,4.006709581965485,194.05008207301182,7903.758154520979,0,0.5170706474088949,high,True
50.4536170212766,7.072222222222222,46.0856674730304,84.76301921593432,101.60736951616313,282.1302578971711,3.4576790078682924,202.13025789717108,7831.853834115378,0,0.5285561761303745,high,True
50.4536170212766,7.078571428571428,45.06286402420814,83.14103206688458,97.71378850186585,269.1715945106746,4.01102039085696,189.1715945106746,7762.515192011399,0,0.5209736525628195,high,True
50.4536170212766,7.084920634920635,44.44908679549565,79.38643632288463,99.44389255682364,272.49815989277363,3.523036043402882,192.49815989277363,7696.431346786476,0,0.5232726445134246,high,True
50.4536170212766,7.091269841269841,45.316694090636645,78.48187373036738,94.75585230802719,262.53673448232365,5.244672131614866,182.53673448232365,7634.259069383731,0,0.5031495690009521,high,True
50.4536170212766,7.097619047619047,46.94648381748683,86.14908343842365,101.94939085227875,261.59850558425467,4.34488947744772,181.59850558425467,7576.616255827965,0,0.5229834610026273,high,True
50.4536170212766,7.103968253968254,45.67769743415143,84.83889077874451,102.08523170987763,252.78035593122237,5.152402524200862,172.78035593122237,7524.07578629699,0,0.5177358815485384,high,True
50.4536170212766,7.11031746031746,45.370268369976166,81.74853048071223,98.83936945625146,254.06380631356686,4.871410154332016,174.06380631356686,7477.159831582852,0,0.5163633017607047,high,True
50.4536170212766,7.116666666666666,45.97091389089215,85.46188550171544,105.13512751439654,254.77917873047716,5.354873435417677,174.77917873047716,7436.334663520498,0,0.5194359712782787,high,True
50.4536170212766,7.123015873015873,44.80410739929915,84.4544673313642,99.39025762161867,258.67885734996463,4.157146029801616,178.67885734996463,7402.006020972123,0,0.5216759507562746,high,True
50.4536170212766,7.129365079365079,45.3397461229752,79.9258944551859,95.24253205364349,251.94505203651227,4.17157836600355,171.94505203651227,7374.515077410095,0,0.5171077978550581,high,True
50.4536170212766,7.135714285714285,44.34695347880934,83.23745547301048,102.03177763815145,255.64785034752182,3.804717490884546,175.64785034752182,7354.135050182635,0,0.5266669943655878,high,True
50.4536170212766,7.1420634920634924,42.76531329597413,81.59016834131481,97.14544543144694,252.07192105245326,3.670493534927915,172.07192105245326,7341.068485155667,0,0.5226754885319275,high,True
50.4536170212766,7.148412698412699,45.61003163394772,81.78525831216515,99.2280679272167,255.75902242059763,3.6087229135570613,175.75902242059763,7335.445243723363,0,0.5251699151701696,high,True
50.4536170212766,7.154761904761905,45.61425147944695,81.08576320783058,98.939118201857,249.09982703300312,4.671219965652859,169.09982703300312,7337.321212184939,0,0.5177976517641713,high,True
50.4536170212766,7.161111111111111,44.65495402986374,81.32021690289352,97.51174628985515,259.3290358060499,4.170925462128927,179.3290358060499,7346.677746323834,0,0.519705576542329,high,True
50.4536170212766,7.167460317460318,46.62648380243508,83.64159591706616,97.56447678660615,248.60129289954708,4.460079680270698,168.60129289954708,7363.421856699155,0,0.5178306122514682,high,True
50.4536170212766,7.173809523809524,43.97068695300559,81.84229030370851,96.40155340694565,248.58894770378365,3.727702385217514,168.58894770378365,7387.387132820372,0,0.5215502041721622,high,True
50.4536170212766,7.18015873015873,42.370713436083236,80.9466291995775,95.70661639761322,248.25583630886948,4.640850158576595,168.25583630886948,7418.335397006644,0,0.5147676153404359,high,True
50.4536170212766,7.186507936507937,43.95148843130349,81.58462379684258,98.9436157350716,264.18038606977524,4.14761061423021,184.18038606977524,7455.959071502874,0,0.5212928783068702,high,True
50.4536170212766,7.192857142857143,42.6501773885888,80.82427539570432,92.49581737033577,260.2004021435908,5.843790496373034,180.2004021435908,7499.884235330256,0,0.5035372140611821,high,True
50.4536170212766,7.199206349206349,45.42855037901507,77.9058791050162,92.89350710368367,257.9430282196013,5.736208074259994,177.94302821960127,7549.674340476266,0,0.4954903410263962,moderate,True
50.4536170212766,7.205555555555556,43.74925495196287,77.50606334096341,96.78071592480387,266.90491319478343,5.182494033640518,186.90491319478343,7604.834550505757,0,0.5013197828172486,high,True
50.4536170212766,7.211904761904762,46.30676832956535,83.59417024590518,101.96767191387701,267.5404704507841,3.9145752218407592,187.54047045078408,7664.816658470841,0,0.5258705037682719,high,True
50.4536170212766,7.218253968253968,46.224833717865046,82.29288938704369,98.09183293441484,275.7631314984364,4.7730493987010085,195.7631314984364,7729.024535234188,0,0.5162715036097414,high,True
50.4536170212766,7.224603174603175,43.338687053958274,80.52707804245068,91.34360015828,265.0180712172115,5.049528529343726,185.0180712172115,7796.820054069237,0,0.5076800766293218,high,True
50.4536170212766,7.230952380952381,43.45919950024717,80.78046049596958,101.17012994516668,273.6318454791031,4.918702728322599,193.6318454791031,7867.529432651971,0,0.5183787784230159,high,True
50.4536170212766,7.237301587301587,45.41702254096754,85.83287130571327,103.49932251761895,276.4689699582949,3.624560903464273,196.4689699582949,7940.449929410405,0,0.5293355831611904,high,True
50.4536170212766,7.243650793650794,46.02850827422624,83.23437077429917,103.66184084395742,274.15848185748416,5.244564676078141,194.15848185748416,8014.856827686572,0,0.5186980763367698,high,True
50.4536170212766,7.25,41.48316694057843,82.32575094735968,95.9586662150898,290.10151705812495,6.099276518695271,210.10151705812495,8090.010638297301,0,0.5052968227571213,high,True
50.45,6.85,44.630815580237474,81.23435312839783,95.08659046544855,305.71841377677606,5.012393752349922,225.71841377677606,8491.499999999533,0,0.511670632116449,high,True
50.45,6.856349206349206,40.858549333149924,78.96395236735336,90.16992471752823,313.7908658455779,5.7042132946366815,233.7908658455779,8566.653810610262,0,0.4976091276937879,moderate,True
50.45,6.862698412698412,43.2798091203105,76.30520825935736,94.1847415040076,324.2986975452713,5.579906888029737,244.2986975452713,8641.060708886429,0,0.4908206483851645,moderate,True
50.45,6.869047619047619,45.69223264043365,82.68210408528279,97.55067859772048,317.4272439231385,4.22545859809251,237.42724392313852,8713.981205644863,0,0.5193809546104371,high,True
50.45,6.875396825396825,48.517548772040165,84.38239746932507,98.34030198714072,321.04745886614734,4.059993505293146,241.04745886614734,8784.690584227597,0,0.5212736786185197,high,True
50.45,6.881746031746031,43.59822092135221,81.34915470727695,97.46448445052908,326.9677356444591,4.301712008872748,246.96773564445908,8852.486103062645,0,0.5187864043913774,high,True
50.45,6.888095238095238,42.04216469131951,78.54188954004283,94.92272236291399,334.03070859521847,7.004044809542789,254.03070859521847,8916.693979825994,0,0.4918498570369828,moderate,True
50.45,6.894444444444444,43.10216783003705,79.11845995873037,100.34777782218282,331.19075555412894,3.8624964987436488,251.19075555412894,8976.676087791076,0,0.5207410634833372,high,True
50.45,6.90079365079365,43.93459515548491,81.21059874084588,101.2028908277453,334.058242873399,4.9983282083690295,254.05824287339902,9031.836297820568,0,0.5178807027719518,high,True
50.45,6.907142857142857,42.79702505589903,78.50599399752168,94.47321991427114,343.64758121090114,8.423674904695519,263.64758121090114,9081.626402966578,0,0.4817791109554584,moderate,True
50.45,6.913492063492063,42.38611765444253,75.25439394510978,93.36902038578401,343.448915761199,7.473803066575098,263.448915761199,9125.55156679396,0,0.47278164011847196,moderate,True
50.45,6.919841269841269,43.10833601955508,76.25818642065728,89.84973700378295,335.9197526095576,4.248294081741113,255.91975260955758,9163.17524129019,0,0.4951573420492178,moderate,True
50.45,6.926190476190476,44.321711727082345,80.39131792308862,100.29079974126816,340.9840768246237,4.101961612773423,260.9840768246237,9194.123505476462,0,0.5229443889894453,high,True
50.45,6.932539682539682,43.458593511349335,77.51226879396268,94.34612076162767,353.27850172228165,6.542032925230338,273.27850172228165,9218.088781597678,0,0.48984874390034544,moderate,True
50.45,6.938888888888888,42.3794038620002,80.72606837341345,96.93216433836066,349.853126321973,5.480283371481249,269.853126321973,9234.832891973,0,0.5103969418618189,high,True
50.45,6.9452380952380945,42.6906340071261,80.69953486911686,99.15204993256032,345.7404657984842,2.751786784930703,265.7404657984842,9244.189426111894,0,0.530806804699689,high,True
50.45,6.951587301587302,43.073721697314554,79.40516305522385,98.3796446190733,348.21671539071883,6.227122619046024,268.21671539071883,9246.06539457347,0,0.5042630821920374,high,True
50.45,6.957936507936508,42.19902245663049,77.34802665229839,96.19898794219337,348.6243247497665,5.263020408382107,268.6243247497665,9240.442153141166,0,0.4995098018234514,moderate,True
50.45,6.964285714285714,42.6459417611752,77.44419972205012,94.04022116116525,350.7552949659122,5.665913514168126,270.7552949659122,9227.375588114199,0,0.49508583818401364,moderate,True
50.45,6.970634920634921,44.68539414821272,80.28572263946785,95.41990835247708,341.1976077444999,4.747230475760797,261.1976077444999,9206.995560886739,0,0.5137717051807383,high,True
50.45,6.976984126984127,43.392427195957666,81.36430977528187,97.53816729251734,341.6769899210203,4.4047234600742975,261.6769899210203,9179.50461732471,0,0.5181733442253553,high,True
50.45,6.983333333333333,41.13020277866297,79.16661399338318,95.89886141245444,344.1539673000497,6.863116603988164,264.1539673000497,9145.175974776335,0,0.49649868694025145,moderate,True
50.45,6.98968253968254,45.32476963768476,80.39026381649359,99.16815156732557,340.3193661071037,3.789661677431924,260.3193661071037,9104.350806713981,0,0.523903740384446,high,True
50.45,6.996031746031746,44.44352503289321,79.66747651172898,100.7864587104718,340.3260267935749,6.357096995564218,260.3260267935749,9057.434851999844,0,0.5069510218121913,high,True
50.45,7.002380952380952,41.77879001057358,80.48964353148176,96.66408231625789,330.13557703361266,2.2572604996857364,250.13557703361266,9004.894382468869,0,0.5316156789850196,high,True
50.45,7.008730158730159,43.34413402452828,80.16987330907534,97.82841306896071,333.22723546993643,5.411690197793288,253.22723546993643,8947.251568913103,0,0.5117504784170055,high,True
50.45,7.015079365079365,42.74612323748576,81.17744162351708,98.00055080575433,332.6778371287714,5.128123915832691,252.6778371287714,8885.079291510358,0,0.5138130580335364,high,True
50.45,7.021428571428571,44.994705655919375,83.24145420385408,103.90271904030119,326.57881968733955,5.617071586406833,246.57881968733955,8818.995446285435,0,0.5164555751309223,high,True
50.45,7.027777777777778,43.46956647144355,81.75162876445242,99.25168247996858,321.3563233168762,5.2193792494872975,241.35632331687623,8749.656804181455,0,0.5144558208167199,high,True
50.45,7.034126984126984,43.96778603095452,83.9307936932878,99.52553784420996,316.4748373348416,5.506746181381502,236.4748373348416,8677.752483775856,0,0.512813896635,high,True
50.45,7.04047619047619,43.844808368632656,79.51463226094505,96.21652622232199,309.50978632714833,4.0853406359833535,229.50978632714833,8603.997102509418,0,0.5168574381240675,high,True
50.45,7.046825396825397,41.96132456319317,79.04073620325448,97.83681191697123,308.52624416535974,4.454459510251217,228.52624416535974,8529.123674496554,0,0.5139436360712014,high,True
50.45,7.053174603174603,46.34331270016643,79.70284153109242,94.82835517340158,309.83348972692704,6.6861203296090475,229.83348972692704,8453.876325502513,0,0.4989541513412039,moderate,True
50.45,7.059523809523809,45.28264243867682,79.67711522471544,94.7244103330063,300.3543085673755,5.086425421185596,220.35430856737548,8379.002897489649,0,0.5094022866332324,high,True
50.45,7.065873015873016,43.22169133770378,83.46150168050828,104.73346805171873,293.4006392379997,4.546306874402023,213.4006392379997,8305.247516223211,0,0.5244247555557052,high,True
50.45,7.072222222222222,44.68331135445065,85.32578349255965,102.96432408813111,291.2503836450174,2.1164499496133446,211.2503836450174,8233.343195817612,0,0.5388546577573755,high,True
50.45,7.078571428571428,45.9080158354474,83.52676679600837,98.9247334071423,290.4465619654093,4.919978543726043,210.44656196540927,8164.004553713632,0,0.5161248764489687,high,True
50.45,7.084920634920635,44.579777683220904,80.99415706083136,97.64265071745072,284.76891186201715,2.8770387461858418,204.76891186201715,8097.9207084887075,0,0.5284623924095451,high,True
50.45,7.091269841269841,46.878078401816275,89.23730250341814,104.73980503552042,285.0491462484676,5.153300617020666,205.0491462484676,8035.748431085964,0,0.5203844675887159,high,True
50.45,7.097619047619047,48.96342218753677,85.37950745276939,98.55235988453157,282.29585209221625,4.753733529030011,202.29585209221625,7978.105617530197,0,0.5168608030243315,high,True
50.45,7.103968253968254,44.43756928010075,78.732154454876,95.53140570884645,281.13216657729976,6.471951431873182,201.13216657729976,7925.565147999222,0,0.4968382385697744,moderate,True
50.45,7.11031746031746,43.788993133930305,80.24810420704526,99.32137575263206,280.9382615372056,6.151804947286635,200.93826153720562,7878.649193285085,0,0.5083093427707212,high,True
50.45,7.116666666666666,43.2102038587976,77.72601851198927,92.9793578284583,277.20929061687485,5.341007283806538,197.20929061687485,7837.82402522273,0,0.49742397359303436,moderate,True
50.45,7.123015873015873,41.40059322790599,78.48792726717267,93.36371176468535,267.7999982886615,2.418195575014313,187.79999828866153,7803.495382674356,0,0.5206270897251369,high,True
50.45,7.129365079365079,46.614587003204385,88.56595290459938,104.65304805790979,266.57566234268467,3.351591046648532,186.57566234268467,7776.004439112327,0,0.5323091077469195,high,True
50.45,7.135714285714285,44.22805144128694,81.73339287409496,99.25378743023549,268.89108878062785,3.0323599192596076,188.89108878062785,7755.624411884866,0,0.5290380546351714,high,True
50.45,7.1420634920634924,46.08155592754755,81.30583493452507,102.47744652242483,266.75250700938244,3.412084963635023,186.75250700938244,7742.557846857899,0,0.5297302134315246,high,True
50.45,7.148412698412699,46.38760828839486,81.48257390290459,99.73706381823857,263.73011147529826,1.8262953645554996,183.73011147529826,7736.934605425596,0,0.5375617613878685,high,True
50.45,7.154761904761905,43.15000388225808,80.59509329237433,97.24966221560817,266.6079681412494,4.0226925984485185,186.6079681412494,7738.810573887172,0,0.5204317115592847,high,True
50.45,7.161111111111111,43.36790733239212,80.1768378475254,97.4209770871751,266.9324642522923,1.7425072691693346,186.93246425229228,7748.167108026067,0,0.5358042619593796,high,True
50.45,7.167460317460318,47.3680617621366,84.39095843229907,99.48079184052474,266.96014803384884,4.210676400189999,186.96014803384884,7764.9112184013875,0,0.521409615839258,high,True
50.45,7.173809523809524,44.627235761809885,83.5794383998023,103.93662773400035,269.5568269871805,4.930500315805773,189.5568269871805,7788.876494522604,0,0.5210666256286285,high,True
50.45,7.18015873015873,43.71783876798138,77.67897339026995,94.50512169252066,277.0532064003183,6.599843822209061,197.0532064003183,7819.824758708875,0,0.4903516714602246,moderate,True
50.45,7.186507936507937,43.111381438964635,83.46623162552936,96.50665896576228,274.99162018794107,2.690996540782733,194.99162018794107,7857.448433205107,0,0.5285666820272107,high,True
50.45,7.192857142857143,44.433123207665226,85.71048182206857,104.41799180976187,286.2591696879163,5.973162074776446,206.2591696879163,7901.373597032489,0,0.5145969113112522,high,True
50.45,7.199206349206349,46.869020348678305,83.83936049549965,105.34405794367477,279.53661928172335,4.980675264184147,199.53661928172335,7951.163702178498,0,0.5221395561824471,high,True
50.45,7.205555555555556,45.59337137105773,80.59633825154083,90.79745295378716,280.4629517144822,3.159303281730831,200.4629517144822,8006.323912207989,0,0.5197354310755816,high,True
50.45,7.211904761904762,44.79255243192162,82.39830422521622,96.10892234289393,284.6721212316493,4.038314714452562,204.67212123164933,8066.306020173073,0,0.5191868242465435,high,True
50.45,7.218253968253968,46.85456800447989,81.74877012365052,98.54085398977736,288.95264604334136,3.171836725412155,208.95264604334136,8130.513896936421,0,0.5273952758203629,high,True
50.45,7.224603174603175,46.5150556211216,79.60411217432556,100.34072137134379,293.1497046538767,6.626133575315107,213.1497046538767,8198.30941577147,0,0.5044344882985841,high,True
50.45,7.230952380952381,44.870469554405304,85.27647473330956,102.8550945239245,303.37800672939176,6.790659603890231,223.37800672939176,8269.018794354202,0,0.5075840304979896,high,True
50.45,7.237301587301587,48.48020989991247,83.34067858558282,103.16313514737217,295.499822960444,4.3653910462559615,215.49982296044402,8341.939291112638,0,0.5240605281723324,high,True
50.45,7.243650793650794,43.8910523650751,78.19799027353125,94.83235782999168,306.23937410883383,7.440551849485258,226.23937410883383,8416.346189388803,0,0.48734488628012246,moderate,True
50.45,7.25,45.855352020931925,79.86158768534733,96.28299627807178,307.631002390446,4.023475446906234,227.63100239044599,8491.499999999533,0,0.5188542727554248,high,True
